-- MySQL dump 10.13  Distrib 5.7.30, for Linux (x86_64)
--
-- Host: localhost    Database: onlineor_db
-- ------------------------------------------------------
-- Server version	5.7.30

/*!40101 SET @OLD_CHARACTER_SET_CLIENT=@@CHARACTER_SET_CLIENT */;
/*!40101 SET @OLD_CHARACTER_SET_RESULTS=@@CHARACTER_SET_RESULTS */;
/*!40101 SET @OLD_COLLATION_CONNECTION=@@COLLATION_CONNECTION */;
/*!40101 SET NAMES utf8 */;
/*!40103 SET @OLD_TIME_ZONE=@@TIME_ZONE */;
/*!40103 SET TIME_ZONE='+00:00' */;
/*!40014 SET @OLD_UNIQUE_CHECKS=@@UNIQUE_CHECKS, UNIQUE_CHECKS=0 */;
/*!40014 SET @OLD_FOREIGN_KEY_CHECKS=@@FOREIGN_KEY_CHECKS, FOREIGN_KEY_CHECKS=0 */;
/*!40101 SET @OLD_SQL_MODE=@@SQL_MODE, SQL_MODE='NO_AUTO_VALUE_ON_ZERO' */;
/*!40111 SET @OLD_SQL_NOTES=@@SQL_NOTES, SQL_NOTES=0 */;

--
-- Table structure for table `tbl_addons`
--

DROP TABLE IF EXISTS `tbl_addons`;
/*!40101 SET @saved_cs_client     = @@character_set_client */;
/*!40101 SET character_set_client = utf8 */;
CREATE TABLE `tbl_addons` (
  `id` int(10) NOT NULL AUTO_INCREMENT,
  `user_id` int(10) NOT NULL,
  `menu_id` int(10) NOT NULL,
  `addon_name` varchar(255) NOT NULL,
  `addon_price` float(20,2) NOT NULL,
  `slug` varchar(255) NOT NULL,
  `created` datetime NOT NULL,
  PRIMARY KEY (`id`)
) ENGINE=InnoDB AUTO_INCREMENT=104 DEFAULT CHARSET=latin1;
/*!40101 SET character_set_client = @saved_cs_client */;

--
-- Dumping data for table `tbl_addons`
--

LOCK TABLES `tbl_addons` WRITE;
/*!40000 ALTER TABLE `tbl_addons` DISABLE KEYS */;
INSERT INTO `tbl_addons` VALUES (1,41,186,'sdasdasd',10.00,'addon-150554372215','2017-09-16 12:05:22'),(2,41,186,'df dsfds fds fs f',50.00,'addon-150554372239','2017-09-16 12:05:22'),(3,41,186,'sd',50.00,'addon-150554372271','2017-09-16 12:05:22'),(4,41,186,'sd',50.00,'addon-150554372271','2017-09-16 12:05:22'),(8,3,4,'Mayo Dip',1.00,'addon-150554490470','2017-09-16 12:25:04'),(9,39,173,'Schezwan Sauce',2.00,'addon-157113075585','2019-10-15 20:12:35'),(10,38,164,'Schezwan Sauce',1.00,'addon-150571065811','2017-09-18 10:27:38'),(11,37,160,'Extra Honey',2.00,'addon-150571108071','2017-09-18 10:34:40'),(12,36,158,'Extra Chips',1.50,'addon-150571154012','2017-09-18 10:42:20'),(13,35,153,'Extra Dip',1.00,'addon-150571192325','2017-09-18 10:48:43'),(14,34,147,'Mayo Dip',1.50,'addon-150571242634','2017-09-18 10:57:06'),(15,33,120,'Schezwan Sauce',2.00,'addon-150571328525','2017-09-18 11:11:25'),(16,32,127,'Schezwan Sauce',1.50,'addon-150571470625','2017-09-18 11:35:06'),(18,31,130,'Extra (2 pcs)',2.00,'addon-150571698794','2017-09-18 12:13:07'),(23,30,138,'Chipotle Southwest Topping',2.00,'addon-150701323766','2017-10-03 12:17:17'),(24,30,135,'Cream Topping',1.00,'addon-150571889743','2017-09-18 12:44:57'),(25,29,142,'House Sauce Topping',2222.00,'addon-150572167037','2017-09-18 13:31:10'),(26,29,141,'Creamy Italian Topping',1.50,'addon-150572174834','2017-09-18 13:32:28'),(27,28,90,'Extra Cream Topping',1.00,'addon-150572412832','2017-09-18 14:12:08'),(28,28,90,'Extra Butter Topping',1.00,'addon-150572412831','2017-09-18 14:12:08'),(29,28,89,'Extra Cream Topping',1.50,'addon-150572419866','2017-09-18 14:13:18'),(30,28,88,'Extra Cream Topping',1.50,'addon-150572431467','2017-09-18 14:15:14'),(31,28,87,'Extra Cream Topping',1.50,'addon-150572435926','2017-09-18 14:15:59'),(34,27,14,'Extra Seasoning',1.50,'addon-150572476544','2017-09-18 14:22:45'),(35,27,9,'Extra Dip',1.50,'addon-150572501278','2017-09-18 14:26:52'),(36,27,8,'Schezwan Sauce',1.00,'addon-150572509919','2017-09-18 14:28:19'),(37,41,188,'cxvc',10.00,'addon-150573674043','2017-09-18 17:42:20'),(40,41,188,'',0.00,'addon-150573674095','2017-09-18 17:42:20'),(41,25,22,'Fries',2.00,'addon-150572765486','2017-09-18 15:10:54'),(42,25,19,'Barbecue Dip',1.50,'addon-150572736744','2017-09-18 15:06:07'),(43,25,19,'Schezwan Sauce',1.00,'addon-150572736790','2017-09-18 15:06:07'),(44,24,31,'Schezwan Sauce',1.00,'addon-150573018826','2017-09-18 15:53:08'),(45,24,27,'Shredded Cheese Topping ',1.50,'addon-150573037156','2017-09-18 15:56:11'),(46,23,46,'Extra Cream Topping',1.50,'addon-150573095654','2017-09-18 16:05:56'),(47,22,50,'Mayo Dip',1.50,'addon-150573230924','2017-09-18 16:28:29'),(48,22,48,'Extra Dip',1.50,'addon-150573301657','2017-09-18 16:40:16'),(49,21,56,'Schezwan Sauce',1.50,'addon-150573340887','2017-09-18 16:46:48'),(50,18,69,'Extra Dip',1.50,'addon-150573565581','2017-09-18 17:24:15'),(51,17,74,'Schezwan Sauce',1.50,'addon-150573754770','2017-09-18 17:55:47'),(52,15,83,'Schezwan Sauce',1.00,'addon-150573859998','2017-09-18 18:13:19'),(53,41,189,'10',50.00,'addon-150573929959','2017-09-18 18:24:59'),(54,41,189,'hjghj',10.00,'addon-150573929931','2017-09-18 18:24:59'),(55,113,251,'Chips',12.00,'addon-156922172596','2019-09-23 12:25:25'),(56,113,252,'Chips',12.00,'addon-156922180035','2019-09-23 12:26:40'),(58,132,343,'Extra Soy Tea Egg (1) (v)',2.00,'addon-157073003657','2019-10-10 23:23:56'),(59,132,343,'Extra Meatball (Fish) (2)  ',2.00,'addon-157073003610','2019-10-10 23:23:56'),(60,132,343,'Extra Meatball (Beef) (2) ',2.00,'addon-157073003675','2019-10-10 23:23:56'),(61,132,343,'Extra Garlic Mushroom (v) ',2.00,'addon-157073003682','2019-10-10 23:23:56'),(62,132,343,'Extra Sambal Matah ',2.50,'addon-157073003638','2019-10-10 23:23:56'),(63,132,343,'Extra Sambal Sakaw ',2.50,'addon-157073003624','2019-10-10 23:23:56'),(64,132,343,'Extra Pork Wonton (2)',3.00,'addon-157073003647','2019-10-10 23:23:56'),(65,132,343,'Exta Pork & Prawn Steamed Dumping (2)',4.00,'addon-157073003611','2019-10-10 23:23:56'),(66,132,344,'Extra Soy Tea Egg (1) (v) ',2.00,'addon-157073015936','2019-10-10 23:25:59'),(67,132,344,'Extra Meatball (Fish) (2)  ',2.00,'addon-157073015988','2019-10-10 23:25:59'),(68,132,344,'Extra Meatball (Beef) (2) ',2.00,'addon-157073015999','2019-10-10 23:25:59'),(69,132,344,'Extra Garlic Mushroom (v) ',2.00,'addon-157073015998','2019-10-10 23:25:59'),(70,132,344,'Extra Sambal Matah',2.50,'addon-157073015960','2019-10-10 23:25:59'),(71,132,344,'Extra Sambal Sakaw ',2.50,'addon-157073015990','2019-10-10 23:25:59'),(72,132,344,'Extra Pork Wonton (2) ',3.00,'addon-157073015933','2019-10-10 23:25:59'),(73,132,344,'Exta Pork & Prawn Steamed Dumping (2)',4.00,'addon-157073015927','2019-10-10 23:25:59'),(74,132,345,'Extra Soy Tea Egg (1) (v) ',2.00,'addon-157073026591','2019-10-10 23:27:45'),(75,132,345,'Extra Meatball (Fish) (2)  ',2.00,'addon-157073026580','2019-10-10 23:27:45'),(76,132,345,'Extra Meatball (Beef) (2) ',2.00,'addon-157073026585','2019-10-10 23:27:45'),(77,132,345,'Extra Garlic Mushroom (v) ',2.00,'addon-157073026592','2019-10-10 23:27:45'),(78,132,345,'Extra Sambal Matah',2.50,'addon-157073026517','2019-10-10 23:27:45'),(79,132,345,'Extra Sambal Sakaw ',2.50,'addon-157073026516','2019-10-10 23:27:45'),(80,132,345,'Extra Pork Wonton (2) ',3.00,'addon-157073026511','2019-10-10 23:27:45'),(81,132,345,'Exta Pork & Prawn Steamed Dumping (2)',4.00,'addon-157073026538','2019-10-10 23:27:45'),(82,132,346,'Extra Soy Tea Egg (1) (v) ',2.00,'addon-157073036755','2019-10-10 23:29:27'),(83,132,346,'Extra Meatball (Fish) (2)  ',2.00,'addon-157073036719','2019-10-10 23:29:27'),(84,132,346,'Extra Meatball (Beef) (2) ',2.00,'addon-157073036792','2019-10-10 23:29:27'),(85,132,346,'Extra Garlic Mushroom (v) ',2.00,'addon-157073036710','2019-10-10 23:29:27'),(86,132,346,'Extra Sambal Matah ',2.50,'addon-157073036814','2019-10-10 23:29:28'),(87,132,346,'Extra Sambal Sakaw ',2.50,'addon-157073036897','2019-10-10 23:29:28'),(88,132,346,'Extra Pork Wonton (2) ',3.00,'addon-157073036812','2019-10-10 23:29:28'),(89,132,346,'Exta Pork & Prawn Steamed Dumping (2) ',4.00,'addon-157073036863','2019-10-10 23:29:28'),(90,132,347,'Extra Soy Tea Egg (1) (v) ',2.00,'addon-157073045956','2019-10-10 23:30:59'),(91,132,347,'Extra Meatball (Fish) (2)',2.00,'addon-157073045971','2019-10-10 23:30:59'),(92,132,347,'Extra Meatball (Beef) (2) ',2.00,'addon-157073045982','2019-10-10 23:30:59'),(93,132,347,'Extra Garlic Mushroom (v) ',2.00,'addon-157073045949','2019-10-10 23:30:59'),(94,132,347,'Extra Sambal Matah ',2.50,'addon-157073045925','2019-10-10 23:30:59'),(95,132,347,'Extra Sambal Sakaw ',2.50,'addon-157073045917','2019-10-10 23:30:59'),(96,132,347,'Extra Pork Wonton (2) ',3.00,'addon-157073045914','2019-10-10 23:30:59'),(97,132,347,'Exta Pork & Prawn Steamed Dumping (2) ',4.00,'addon-157073045922','2019-10-10 23:30:59'),(98,134,368,'Extra Egg',0.50,'addon-157107614866','2019-10-15 05:02:28'),(99,134,368,'Extra Cheese',0.50,'addon-157107614825','2019-10-15 05:02:28'),(100,134,368,'Extra Pineapple',0.50,'addon-157107614833','2019-10-15 05:02:28'),(101,134,368,'Extra Bacon',1.00,'addon-157107614826','2019-10-15 05:02:28'),(103,39,397,'TEST RESTAURANT',0.00,'addon-157113353368','2019-10-15 20:58:53');
/*!40000 ALTER TABLE `tbl_addons` ENABLE KEYS */;
UNLOCK TABLES;

--
-- Table structure for table `tbl_addresses`
--

DROP TABLE IF EXISTS `tbl_addresses`;
/*!40101 SET @saved_cs_client     = @@character_set_client */;
/*!40101 SET character_set_client = utf8 */;
CREATE TABLE `tbl_addresses` (
  `id` int(10) NOT NULL AUTO_INCREMENT,
  `slug` varchar(200) NOT NULL,
  `user_id` int(10) NOT NULL,
  `address_title` varchar(100) NOT NULL,
  `address_type` varchar(50) NOT NULL,
  `city` int(10) NOT NULL,
  `area` int(10) NOT NULL,
  `street_name` varchar(100) NOT NULL,
  `building` varchar(100) NOT NULL,
  `floor` varchar(100) NOT NULL,
  `apartment` varchar(100) NOT NULL,
  `phone_number` varchar(20) NOT NULL,
  `extension` varchar(100) NOT NULL,
  `directions` text NOT NULL,
  `default` enum('0','1') NOT NULL,
  `status` enum('0','1') NOT NULL,
  `created` datetime NOT NULL,
  PRIMARY KEY (`id`)
) ENGINE=InnoDB AUTO_INCREMENT=26 DEFAULT CHARSET=latin1;
/*!40101 SET character_set_client = @saved_cs_client */;

--
-- Dumping data for table `tbl_addresses`
--

LOCK TABLES `tbl_addresses` WRITE;
/*!40000 ALTER TABLE `tbl_addresses` DISABLE KEYS */;
INSERT INTO `tbl_addresses` VALUES (1,'dsfdsfdsfsdf92386681498568127',2,'dsfdsfdsfsdf','Home',37,38,'dfdsfds','fdsfdsfdsf','dsfdsf','dsfdsf','8952889022','dfds','dfdsf','0','1','2017-06-27 14:55:27'),(2,'dsfdsfdsfsdf99045671498568154',2,'dsfdsfdsfsdf','Home',37,38,'dfdsfds','fdsfdsfdsf','dsfdsf','dsfdsf','8952889022','dfds','dfdsf','0','1','2017-06-27 14:55:54'),(3,'dsfdsfdsfsdf76124341498568210',2,'dsfdsfdsfsdf','Home',37,38,'dfdsfds','fdsfdsfdsf','dsfdsf','dsfdsf','8952889022','dfds','dfdsf','0','1','2017-06-27 14:56:50'),(4,'dsfdsfdsfsdf94188741498633504',6,'dsfdsfdsfsdf','Home',37,38,'dfdsf','dsfdsf','','','8952889022','','','0','1','2017-06-28 09:05:04'),(6,'ghgfh19678431499771688',6,'ghgfh','Home',44,80,'dfdsfds','','','','8952889022','','','0','1','2017-07-11 16:44:48'),(9,'sd9544851504246604',44,'sd','Home',44,122,'asd','sad','asd','asd','898988989','asd','','0','1','2017-09-01 11:46:44'),(11,'jaipur25416781507292015',58,'jaipur','Home',44,136,'gjhh','hjhjhg','','','563546554','','','0','1','2017-10-06 17:43:35'),(12,'12357389461507372247',58,'123','Home',44,80,'8A','','','','8946817426','','dre','0','1','2017-10-07 16:00:47'),(13,'12341929431507374209',58,'123','Home',44,80,'8A','','','','8946817426','','dre','0','1','2017-10-07 16:33:29'),(14,'bdkdv56380981507784500',58,'bdkdv','Home',43,54,'Gjvjd','He Ugd','','Gjg','8058767976','vsjgskhsi','vkdhkfh','0','1','2017-10-12 10:31:40'),(15,'jaipur72817611541161320',45,'jaipur','Home',44,111,'5654','456','45','54','46546654465','','','0','1','2018-11-02 17:52:00'),(16,'jaipur41635401570601390',4,'Jaipur','Home',145,344,'4','New','5','Erra','9685748596','No','No','0','1','2019-10-09 11:39:50'),(17,'my_home94160261571227742',130,'My home','Home',144,295,'91 liverpool street','','','','0413919699','','','0','1','2019-10-16 23:09:02'),(19,'test_st43748061571610074',141,'test st','Home',133,270,'1','1','1','Test','123456','123','wfhwthey','0','1','2019-10-21 09:21:14'),(20,'office14580461572406098',130,'office','Work',144,347,'19 Hutchinson street','suite 2','','','123465789','','','0','1','2019-10-30 14:28:18'),(21,'home1557591572519172',131,'home','Home',144,295,'91 liverpool street','World tower','28','28','1238456879','','','0','1','2019-10-31 21:52:52'),(22,'pyrmont49775761572521785',131,'Pyrmont','Other',144,304,'1 Pyrmont street','','','','123456789','','','0','1','2019-10-31 22:36:25'),(23,'world_tower2947161572522340',131,'World Tower','Other',144,295,'91 liverpool street','','','','23390232','','','0','1','2019-10-31 22:45:40'),(24,'fghs20372401572601311',153,'fghs','Home',133,280,'dfhdf','dfhsdfh','sdfhgdsfgh','dsfhdsfh','7894561230','dargadg','dfgdgd','0','1','2019-11-01 20:41:51'),(25,'fghs43386701572601339',153,'fghs','Home',133,280,'dfhdf','dfhsdfh','sdfhgdsfgh','dsfhdsfh','7894561230','dargadg','dfgdgd','0','1','2019-11-01 20:42:19');
/*!40000 ALTER TABLE `tbl_addresses` ENABLE KEYS */;
UNLOCK TABLES;

--
-- Table structure for table `tbl_admins`
--

DROP TABLE IF EXISTS `tbl_admins`;
/*!40101 SET @saved_cs_client     = @@character_set_client */;
/*!40101 SET character_set_client = utf8 */;
CREATE TABLE `tbl_admins` (
  `id` int(11) unsigned NOT NULL AUTO_INCREMENT,
  `username` varchar(255) NOT NULL,
  `password` varchar(255) NOT NULL,
  `email` varchar(255) NOT NULL,
  `name` varchar(100) NOT NULL,
  `phone` varchar(20) NOT NULL,
  `address` text NOT NULL,
  `created` datetime NOT NULL,
  `status` smallint(2) NOT NULL,
  `is_tax` tinyint(1) NOT NULL DEFAULT '0',
  `tax` varchar(254) NOT NULL,
  `is_default_delivery` tinyint(1) NOT NULL DEFAULT '0',
  `normal` varchar(100) NOT NULL,
  `advance` varchar(100) NOT NULL,
  `delivery_charge_limit` varchar(254) DEFAULT NULL,
  `customer_time` varchar(50) DEFAULT NULL,
  `caterer_time` varchar(50) DEFAULT NULL,
  `courier_time` varchar(50) DEFAULT NULL,
  `modified` datetime NOT NULL,
  `attempt` int(11) NOT NULL,
  `maintenance` enum('0','1') NOT NULL,
  `is_commission` tinyint(1) NOT NULL DEFAULT '0',
  `commission` varchar(254) NOT NULL,
  PRIMARY KEY (`id`)
) ENGINE=InnoDB AUTO_INCREMENT=2 DEFAULT CHARSET=latin1;
/*!40101 SET character_set_client = @saved_cs_client */;

--
-- Dumping data for table `tbl_admins`
--

LOCK TABLES `tbl_admins` WRITE;
/*!40000 ALTER TABLE `tbl_admins` DISABLE KEYS */;
INSERT INTO `tbl_admins` VALUES (1,'onlineordermenu','c4a5ea225a0c21b8b37ffcba7c916c19','info@online-order.menu','Online Order Menu','61280917778','19 Hutchinson Street\r\nSt Peters, Australia','2014-08-25 02:11:18',1,0,'10',0,'10','20','100','25550','300','120','2014-12-04 17:16:34',0,'0',0,'10');
/*!40000 ALTER TABLE `tbl_admins` ENABLE KEYS */;
UNLOCK TABLES;

--
-- Table structure for table `tbl_applied_coupons`
--

DROP TABLE IF EXISTS `tbl_applied_coupons`;
/*!40101 SET @saved_cs_client     = @@character_set_client */;
/*!40101 SET character_set_client = utf8 */;
CREATE TABLE `tbl_applied_coupons` (
  `id` int(10) NOT NULL AUTO_INCREMENT,
  `user_id` int(10) NOT NULL,
  `restaurant_id` int(15) NOT NULL,
  `coupon` varchar(50) NOT NULL,
  `created` datetime NOT NULL,
  PRIMARY KEY (`id`)
) ENGINE=InnoDB AUTO_INCREMENT=29 DEFAULT CHARSET=latin1;
/*!40101 SET character_set_client = @saved_cs_client */;

--
-- Dumping data for table `tbl_applied_coupons`
--

LOCK TABLES `tbl_applied_coupons` WRITE;
/*!40000 ALTER TABLE `tbl_applied_coupons` DISABLE KEYS */;
INSERT INTO `tbl_applied_coupons` VALUES (1,5,0,'FREE12','2017-06-29 07:25:24'),(2,5,0,'DISCOUNT','2017-07-05 17:53:47'),(3,45,0,'150c','2017-09-01 17:55:54'),(4,45,0,'HT10','2017-09-01 19:51:08'),(5,45,0,'100','2017-09-01 20:42:46'),(6,45,0,'100','2017-09-01 20:42:59'),(7,45,0,'100','2017-09-01 20:43:10'),(8,45,0,'100','2017-09-01 20:43:26'),(9,45,0,'100','2017-09-01 20:43:32'),(10,45,0,'100','2017-09-01 20:44:04'),(11,45,0,'100','2017-09-01 20:44:37'),(12,45,0,'100','2017-09-01 20:44:50'),(13,45,0,'100','2017-09-01 20:45:07'),(14,45,0,'20','2017-09-01 20:53:17'),(15,45,0,'30','2017-09-01 20:56:46'),(16,45,0,'BIG20','2017-09-13 12:09:08'),(17,45,0,'OFF20','2017-09-14 12:07:34'),(18,45,0,'Code20','2017-09-16 14:39:02'),(19,45,0,'Code20','2017-09-16 14:43:40'),(20,45,0,'Bh20','2017-09-18 17:15:52'),(21,45,0,'BH05','2017-09-18 18:05:38'),(22,45,0,'RG1HOBPFCN','2017-09-21 12:42:00'),(23,5,0,'M68I49NZE0','2017-11-29 09:35:54'),(24,45,0,'BLO0R0XA7Q','2017-12-04 16:13:06'),(25,45,0,'BLO0R0XA7Q','2017-12-04 16:13:51'),(26,45,0,'BLO0R0XA7Q','2017-12-04 16:16:18'),(27,45,0,'BLO0R0XA7Q','2017-12-04 16:20:31'),(28,45,0,'BLO0R0XA7Q','2017-12-04 16:25:43');
/*!40000 ALTER TABLE `tbl_applied_coupons` ENABLE KEYS */;
UNLOCK TABLES;

--
-- Table structure for table `tbl_areas`
--

DROP TABLE IF EXISTS `tbl_areas`;
/*!40101 SET @saved_cs_client     = @@character_set_client */;
/*!40101 SET character_set_client = utf8 */;
CREATE TABLE `tbl_areas` (
  `id` int(11) NOT NULL AUTO_INCREMENT,
  `city_id` int(11) DEFAULT NULL,
  `name` varchar(255) CHARACTER SET utf8 DEFAULT NULL,
  `slug` varchar(255) CHARACTER SET utf8 NOT NULL,
  `status` tinyint(1) NOT NULL,
  `created` datetime NOT NULL,
  `modified` datetime NOT NULL,
  PRIMARY KEY (`id`)
) ENGINE=InnoDB AUTO_INCREMENT=351 DEFAULT CHARSET=latin1;
/*!40101 SET character_set_client = @saved_cs_client */;

--
-- Dumping data for table `tbl_areas`
--

LOCK TABLES `tbl_areas` WRITE;
/*!40000 ALTER TABLE `tbl_areas` DISABLE KEYS */;
INSERT INTO `tbl_areas` VALUES (36,NULL,'dfdf','dfdf',0,'2015-07-03 12:13:40','0000-00-00 00:00:00'),(37,37,'test','test',1,'2015-07-03 12:43:40','0000-00-00 00:00:00'),(38,37,'dfdfee','dfdfee',1,'2015-07-03 12:59:57','0000-00-00 00:00:00'),(43,41,'test1','test1',1,'2015-07-24 08:55:50','0000-00-00 00:00:00'),(44,40,'testerer','testerer',1,'2015-08-19 04:34:32','0000-00-00 00:00:00'),(45,38,'Gopalpura','gopalpura',1,'2015-08-26 04:33:45','0000-00-00 00:00:00'),(46,38,'Gurjar Ki Thadi','gurjar_ki_thadi',1,'2015-08-26 04:33:54','0000-00-00 00:00:00'),(47,38,'Sodala','sodala',1,'2015-08-26 04:34:05','0000-00-00 00:00:00'),(48,38,'Chandpole','chandpole',1,'2015-08-26 04:34:38','0000-00-00 00:00:00'),(49,38,'Mansarowar','mansarowar',1,'2015-08-26 04:34:45','0000-00-00 00:00:00'),(54,43,'Bernal Heights','zero-1498555175',1,'2017-06-27 11:19:35','0000-00-00 00:00:00'),(55,43,'The Castro','zero-1498555184',1,'2017-06-27 11:19:44','0000-00-00 00:00:00'),(56,43,'Chinatown','zero-1498555191',1,'2017-06-27 11:19:51','0000-00-00 00:00:00'),(57,43,'Cole Valley','zero-1498555197',1,'2017-06-27 11:19:57','0000-00-00 00:00:00'),(58,43,'Deco Ghetto','zero-1498555204',1,'2017-06-27 11:20:04','0000-00-00 00:00:00'),(59,43,'Fisherman\'s Wharf','zero-1498555211',1,'2017-06-27 11:20:11','0000-00-00 00:00:00'),(60,43,'Golden Gate Park','zero-1498555218',1,'2017-06-27 11:20:18','0000-00-00 00:00:00'),(61,43,'The Haight','zero-1498555236',1,'2017-06-27 11:20:36','0000-00-00 00:00:00'),(62,43,'Lower Pacific Heights','zero-1498808156',1,'2017-06-30 09:35:56','0000-00-00 00:00:00'),(63,44,'Near North Side','zero-1498813351',1,'2017-06-30 11:02:36','0000-00-00 00:00:00'),(64,44,'Loop','zero-1498813362',1,'2017-06-30 11:02:42','0000-00-00 00:00:00'),(65,44,'Near South Side','zero-1498813378',1,'2017-06-30 11:02:58','0000-00-00 00:00:00'),(66,44,'North Center','zero-1498813490',1,'2017-06-30 11:04:50','0000-00-00 00:00:00'),(67,44,'Lake View','zero-1498813500',1,'2017-06-30 11:05:00','0000-00-00 00:00:00'),(68,44,'Lincoln Park','zero-1498813516',1,'2017-06-30 11:05:16','0000-00-00 00:00:00'),(69,44,'Avondale','zero-1498813524',1,'2017-06-30 11:05:24','0000-00-00 00:00:00'),(70,44,'Logan Square','zero-1498813531',1,'2017-06-30 11:05:31','0000-00-00 00:00:00'),(71,44,'Rogers Park','zero-1498813538',1,'2017-06-30 11:05:38','0000-00-00 00:00:00'),(72,44,'West Ridge','zero-1498813546',1,'2017-06-30 11:05:46','0000-00-00 00:00:00'),(73,44,'Uptown','zero-1498813554',1,'2017-06-30 11:05:54','0000-00-00 00:00:00'),(74,44,'Lincoln Square','zero-1498813561',1,'2017-06-30 11:06:01','0000-00-00 00:00:00'),(75,44,'Edison Park','zero-1498813569',1,'2017-06-30 11:06:09','0000-00-00 00:00:00'),(76,44,'Norwood Park','zero-1498813576',1,'2017-06-30 11:06:16','0000-00-00 00:00:00'),(77,44,'Jefferson Park','zero-1498813592',1,'2017-06-30 11:06:32','0000-00-00 00:00:00'),(78,44,'Forest Glen','zero-1498813598',1,'2017-06-30 11:06:38','0000-00-00 00:00:00'),(79,44,'North Park','zero-1498813606',1,'2017-06-30 11:06:46','0000-00-00 00:00:00'),(80,44,'Albany Park','zero-1498813626',1,'2017-06-30 11:07:06','0000-00-00 00:00:00'),(81,44,'O\'Hare','zero-1498813634',1,'2017-06-30 11:07:14','0000-00-00 00:00:00'),(82,44,'Edgewater','zero-1498813648',1,'2017-06-30 11:07:28','0000-00-00 00:00:00'),(83,44,'Portage Park','zero-1498813662',1,'2017-06-30 11:07:42','0000-00-00 00:00:00'),(84,44,'Irving Park','zero-1498813668',1,'2017-06-30 11:07:48','0000-00-00 00:00:00'),(85,44,'Dunning','zero-1498813674',1,'2017-06-30 11:07:54','0000-00-00 00:00:00'),(86,44,'Montclare','zero-1498813681',1,'2017-06-30 11:08:01','0000-00-00 00:00:00'),(87,44,'Belmont Cragin','zero-1498813687',1,'2017-06-30 11:08:07','0000-00-00 00:00:00'),(88,44,'Hermosa','zero-1498813692',1,'2017-06-30 11:08:12','0000-00-00 00:00:00'),(89,44,'Humboldt Park','zero-1498813698',1,'2017-06-30 11:08:18','0000-00-00 00:00:00'),(90,44,'West Town','zero-1498813710',1,'2017-06-30 11:08:30','0000-00-00 00:00:00'),(91,44,'Austin','zero-1498813715',1,'2017-06-30 11:08:35','0000-00-00 00:00:00'),(92,44,'West Garfield Park','zero-1498813720',1,'2017-06-30 11:08:40','0000-00-00 00:00:00'),(93,44,'East Garfield Park','zero-1498813726',1,'2017-06-30 11:08:46','0000-00-00 00:00:00'),(94,44,'Near West Side','zero-1498813731',1,'2017-06-30 11:08:51','0000-00-00 00:00:00'),(95,44,'North Lawndale','zero-1498813737',1,'2017-06-30 11:08:57','0000-00-00 00:00:00'),(96,44,'South Lawndale','zero-1498813743',1,'2017-06-30 11:09:03','0000-00-00 00:00:00'),(97,44,'Lower West Side','zero-1498813750',1,'2017-06-30 11:09:10','0000-00-00 00:00:00'),(98,44,'Armour Square','zero-1498813799',1,'2017-06-30 11:09:59','0000-00-00 00:00:00'),(99,44,'Douglas','zero-1498813807',1,'2017-06-30 11:10:07','0000-00-00 00:00:00'),(100,44,'Oakland','zero-1498813813',1,'2017-06-30 11:10:13','0000-00-00 00:00:00'),(101,44,'Fuller Park','zero-1498813818',1,'2017-06-30 11:10:18','0000-00-00 00:00:00'),(102,44,'Grand Boulevard','zero-1498813824',1,'2017-06-30 11:10:24','0000-00-00 00:00:00'),(103,44,'Kenwood','zero-1498813831',1,'2017-06-30 11:10:31','0000-00-00 00:00:00'),(104,44,'Washington Park','zero-1498813837',1,'2017-06-30 11:10:37','0000-00-00 00:00:00'),(105,44,'Hyde Park','zero-1498813843',1,'2017-06-30 11:10:43','0000-00-00 00:00:00'),(106,44,'Woodlawn','zero-1498813849',1,'2017-06-30 11:10:49','0000-00-00 00:00:00'),(107,44,'South Shore','zero-1498813854',1,'2017-06-30 11:10:54','0000-00-00 00:00:00'),(108,44,'Bridgeport','zero-1498813861',1,'2017-06-30 11:11:01','0000-00-00 00:00:00'),(109,44,'Greater Grand Crossing','zero-1498813868',1,'2017-06-30 11:11:08','0000-00-00 00:00:00'),(110,44,'Garfield Ridge','zero-1498813879',1,'2017-06-30 11:11:19','0000-00-00 00:00:00'),(111,44,'Archer Heights','zero-1498813887',1,'2017-06-30 11:11:27','0000-00-00 00:00:00'),(112,44,'Brighton Park','zero-1498813893',1,'2017-06-30 11:11:33','0000-00-00 00:00:00'),(113,44,'McKinley Park','zero-1498813900',1,'2017-06-30 11:11:40','0000-00-00 00:00:00'),(114,44,'New City','zero-1498813911',1,'2017-06-30 11:11:51','0000-00-00 00:00:00'),(115,44,'West Elsdon','zero-1498813917',1,'2017-06-30 11:11:57','0000-00-00 00:00:00'),(116,44,'Gage Park','zero-1498813923',1,'2017-06-30 11:12:03','0000-00-00 00:00:00'),(117,44,'Clearing','zero-1498813928',1,'2017-06-30 11:12:08','0000-00-00 00:00:00'),(118,44,'West Lawn','zero-1498813933',1,'2017-06-30 11:12:13','0000-00-00 00:00:00'),(119,44,'Chicago Lawn','zero-1498813938',1,'2017-06-30 11:12:18','0000-00-00 00:00:00'),(120,44,'West Englewood','zero-1498813945',1,'2017-06-30 11:12:25','0000-00-00 00:00:00'),(121,44,'Englewood','zero-1498813951',1,'2017-06-30 11:12:31','0000-00-00 00:00:00'),(122,44,'Chatham','zero-1498813960',1,'2017-06-30 11:12:40','0000-00-00 00:00:00'),(123,44,'Avalon Park','zero-1498813965',1,'2017-06-30 11:12:45','0000-00-00 00:00:00'),(124,44,'South Chicago','zero-1498813972',1,'2017-06-30 11:12:52','0000-00-00 00:00:00'),(125,44,'Burnside','zero-1498813977',1,'2017-06-30 11:12:57','0000-00-00 00:00:00'),(126,44,'Calumet Heights','zero-1498813986',1,'2017-06-30 11:13:06','0000-00-00 00:00:00'),(127,44,'Roseland','zero-1498813992',1,'2017-06-30 11:13:12','0000-00-00 00:00:00'),(128,44,'Pullman','zero-1498814000',1,'2017-06-30 11:13:20','0000-00-00 00:00:00'),(129,44,'South Deering','zero-1498814010',1,'2017-06-30 11:13:30','0000-00-00 00:00:00'),(130,44,'East Side','zero-1498814016',1,'2017-06-30 11:13:36','0000-00-00 00:00:00'),(131,44,'West Pullman','zero-1498814022',1,'2017-06-30 11:13:42','0000-00-00 00:00:00'),(132,44,'Riverdale','zero-1498814027',1,'2017-06-30 11:13:47','0000-00-00 00:00:00'),(133,44,'Hegewisch','zero-1498814033',1,'2017-06-30 11:13:53','0000-00-00 00:00:00'),(134,44,'Ashburn','zero-1498814044',1,'2017-06-30 11:14:04','0000-00-00 00:00:00'),(135,44,'Auburn Gresham','zero-1498814049',1,'2017-06-30 11:14:09','0000-00-00 00:00:00'),(136,44,'Beverly','zero-1498814056',1,'2017-06-30 11:14:16','0000-00-00 00:00:00'),(137,44,'Washington Heights','zero-1498814063',1,'2017-06-30 11:14:23','0000-00-00 00:00:00'),(138,44,'Mount Greenwood','zero-1498814071',1,'2017-06-30 11:14:31','0000-00-00 00:00:00'),(139,44,'Morgan Park','zero-1498814077',1,'2017-06-30 11:14:37','0000-00-00 00:00:00'),(140,110,'Adams Morgan','zero',1,'2017-07-04 06:06:01','0000-00-00 00:00:00'),(141,110,'Columbia Heights','zero-1499141168',1,'2017-07-04 06:06:08','0000-00-00 00:00:00'),(142,110,'Howard University','zero-1499141174',1,'2017-07-04 06:06:14','0000-00-00 00:00:00'),(143,110,'Kalorama','zero-1499141181',1,'2017-07-04 06:06:21','0000-00-00 00:00:00'),(144,110,'LeDroit Park','zero-1499141188',1,'2017-07-04 06:06:28','0000-00-00 00:00:00'),(145,110,'Mount Pleasant','zero-1499141194',1,'2017-07-04 06:06:34','0000-00-00 00:00:00'),(146,110,'Park View','zero-1499141200',1,'2017-07-04 06:06:40','0000-00-00 00:00:00'),(147,110,'Pleasant Plains','zero-1499141209',1,'2017-07-04 06:06:49','0000-00-00 00:00:00'),(148,110,'Shaw','zero-1499141252',1,'2017-07-04 06:07:32','0000-00-00 00:00:00'),(149,110,'Burleith','zero-1499141263',1,'2017-07-04 06:07:43','0000-00-00 00:00:00'),(150,110,'Chinatown Washington','zero-1499141281',1,'2017-07-04 06:08:01','0000-00-00 00:00:00'),(151,110,'Downtown','zero-1499141287',1,'2017-07-04 06:08:07','0000-00-00 00:00:00'),(152,110,'Dupont Circle','zero-1499141293',1,'2017-07-04 06:08:13','0000-00-00 00:00:00'),(153,110,'Federal Triangle','zero-1499141303',1,'2017-07-04 06:08:23','0000-00-00 00:00:00'),(154,110,'Foggy Bottom','zero-1499141310',1,'2017-07-04 06:08:30','0000-00-00 00:00:00'),(155,110,'Georgetown','zero-1499141316',1,'2017-07-04 06:08:36','0000-00-00 00:00:00'),(156,110,'Logan Circle','zero-1499141323',1,'2017-07-04 06:08:43','0000-00-00 00:00:00'),(157,110,'Mount Vernon Square','zero-1499141333',1,'2017-07-04 06:08:53','0000-00-00 00:00:00'),(158,110,'Penn Quarter','zero-1499141342',1,'2017-07-04 06:09:02','0000-00-00 00:00:00'),(159,110,'Sheridan Kalorama','zero-1499141352',1,'2017-07-04 06:09:12','0000-00-00 00:00:00'),(160,110,'Southwest Federal Center','zero-1499141358',1,'2017-07-04 06:09:18','0000-00-00 00:00:00'),(161,110,'West End','zero-1499141364',1,'2017-07-04 06:09:24','0000-00-00 00:00:00'),(162,110,'American University Park','zero-1499142735',1,'2017-07-04 06:32:15','0000-00-00 00:00:00'),(163,110,'Berkley','zero-1499142741',1,'2017-07-04 06:32:21','0000-00-00 00:00:00'),(164,110,'Cathedral Heights','zero-1499142747',1,'2017-07-04 06:32:27','0000-00-00 00:00:00'),(165,110,'Chevy Chase','zero-1499142752',1,'2017-07-04 06:32:32','0000-00-00 00:00:00'),(166,110,'Cleveland Park','zero-1499142758',1,'2017-07-04 06:32:38','0000-00-00 00:00:00'),(167,110,'Colony Hill','zero-1499142764',1,'2017-07-04 06:32:44','0000-00-00 00:00:00'),(168,110,'Forest Hills','zero-1499142769',1,'2017-07-04 06:32:49','0000-00-00 00:00:00'),(169,110,'Foxhall','zero-1499142774',1,'2017-07-04 06:32:54','0000-00-00 00:00:00'),(170,110,'Friendship Heights','zero-1499142780',1,'2017-07-04 06:33:00','0000-00-00 00:00:00'),(171,110,'Glover Park','zero-1499142786',1,'2017-07-04 06:33:06','0000-00-00 00:00:00'),(172,110,'Kent','zero-1499142791',1,'2017-07-04 06:33:11','0000-00-00 00:00:00'),(173,110,'Massachusetts Heights','zero-1499142795',1,'2017-07-04 06:33:15','0000-00-00 00:00:00'),(174,110,'McLean Gardens','zero-1499142801',1,'2017-07-04 06:33:21','0000-00-00 00:00:00'),(175,110,'North Cleveland Park','zero-1499142807',1,'2017-07-04 06:33:27','0000-00-00 00:00:00'),(176,110,'Observatory Circle','zero-1499142815',1,'2017-07-04 06:33:35','0000-00-00 00:00:00'),(177,110,'Potomac Heights','zero-1499142825',1,'2017-07-04 06:33:45','0000-00-00 00:00:00'),(178,110,'Spring Valley','zero-1499142832',1,'2017-07-04 06:33:52','0000-00-00 00:00:00'),(179,110,'Tenleytown','zero-1499142839',1,'2017-07-04 06:33:59','0000-00-00 00:00:00'),(180,110,'The Palisades','zero-1499142846',1,'2017-07-04 06:34:06','0000-00-00 00:00:00'),(181,110,'Wakefield','zero-1499142851',1,'2017-07-04 06:34:11','0000-00-00 00:00:00'),(182,110,'Wesley Heights','zero-1499142857',1,'2017-07-04 06:34:17','0000-00-00 00:00:00'),(183,110,'Woodland Normanstone','zero-1499142864',1,'2017-07-04 06:34:24','0000-00-00 00:00:00'),(184,110,'Woodley Park','zero-1499142871',1,'2017-07-04 06:34:31','0000-00-00 00:00:00'),(185,110,'Barnaby Woods','zero-1499142937',1,'2017-07-04 06:35:37','0000-00-00 00:00:00'),(186,110,'Brightwood','zero-1499142942',1,'2017-07-04 06:35:42','0000-00-00 00:00:00'),(187,110,'Brightwood Park','zero-1499142947',1,'2017-07-04 06:35:47','0000-00-00 00:00:00'),(188,110,'Colonial Village','zero-1499142961',1,'2017-07-04 06:36:08','0000-00-00 00:00:00'),(189,110,'Crestwood','zero-1499142974',1,'2017-07-04 06:36:14','0000-00-00 00:00:00'),(190,110,'Fort Totten','zero-1499142980',1,'2017-07-04 06:36:20','0000-00-00 00:00:00'),(191,110,'Hawthorne','zero-1499142986',1,'2017-07-04 06:36:26','0000-00-00 00:00:00'),(192,110,'Manor Park','zero-1499142993',1,'2017-07-04 06:36:33','0000-00-00 00:00:00'),(193,110,'Petworth','zero-1499142998',1,'2017-07-04 06:36:38','0000-00-00 00:00:00'),(194,110,'Queens Chapel','zero-1499143003',1,'2017-07-04 06:36:43','0000-00-00 00:00:00'),(195,110,'Riggs Park','zero-1499143010',1,'2017-07-04 06:36:50','0000-00-00 00:00:00'),(196,110,'Shepherd Park','zero-1499143016',1,'2017-07-04 06:36:56','0000-00-00 00:00:00'),(197,110,'Sixteenth Street Heights','zero-1499143023',1,'2017-07-04 06:37:03','0000-00-00 00:00:00'),(198,110,'Takoma','zero-1499143028',1,'2017-07-04 06:37:08','0000-00-00 00:00:00'),(199,110,'Arboretum','zero-1499143117',1,'2017-07-04 06:38:37','0000-00-00 00:00:00'),(200,110,'Bloomingdale','zero-1499143123',1,'2017-07-04 06:38:43','0000-00-00 00:00:00'),(201,110,'Brentwood','zero-1499143134',1,'2017-07-04 06:38:54','0000-00-00 00:00:00'),(202,110,'Brookland','zero-1499143139',1,'2017-07-04 06:38:59','0000-00-00 00:00:00'),(203,110,'Carver Langston','zero-1499143145',1,'2017-07-04 06:39:05','0000-00-00 00:00:00'),(204,110,'Eckington','zero-1499143153',1,'2017-07-04 06:39:13','0000-00-00 00:00:00'),(205,110,'Edgewood','zero-1499143160',1,'2017-07-04 06:39:20','0000-00-00 00:00:00'),(206,110,'Fort Lincoln','zero-1499143166',1,'2017-07-04 06:39:26','0000-00-00 00:00:00'),(207,110,'Gateway','zero-1499143180',1,'2017-07-04 06:39:40','0000-00-00 00:00:00'),(208,110,'Ivy City','zero-1499143186',1,'2017-07-04 06:39:46','0000-00-00 00:00:00'),(209,110,'Langdon','zero-1499143194',1,'2017-07-04 06:39:54','0000-00-00 00:00:00'),(210,110,'Michigan Park','zero-1499143201',1,'2017-07-04 06:40:01','0000-00-00 00:00:00'),(211,110,'North Michigan Park','zero-1499143212',1,'2017-07-04 06:40:12','0000-00-00 00:00:00'),(212,110,'Pleasant Hill','zero-1499143217',1,'2017-07-04 06:40:17','0000-00-00 00:00:00'),(214,110,'Stronghold','zero-1499143239',1,'2017-07-04 06:40:39','0000-00-00 00:00:00'),(215,110,'Trinidad','zero-1499143250',1,'2017-07-04 06:40:50','0000-00-00 00:00:00'),(216,110,'Truxton Circle','zero-1499143255',1,'2017-07-04 06:40:55','0000-00-00 00:00:00'),(217,110,'Woodridge','zero-1499143260',1,'2017-07-04 06:41:00','0000-00-00 00:00:00'),(218,110,'Barney Circle','zero-1499143266',1,'2017-07-04 06:41:06','0000-00-00 00:00:00'),(219,110,'Capitol Hill','zero-1499143271',1,'2017-07-04 06:41:11','0000-00-00 00:00:00'),(220,110,'Judiciary Square','zero-1499143277',1,'2017-07-04 06:41:17','0000-00-00 00:00:00'),(221,110,'Kingman Park','zero-1499143283',1,'2017-07-04 06:41:23','0000-00-00 00:00:00'),(222,110,'Mount Vernon Triangle','zero-1499143289',1,'2017-07-04 06:41:29','0000-00-00 00:00:00'),(223,110,'Navy Yard','zero-1499143315',1,'2017-07-04 06:41:55','0000-00-00 00:00:00'),(224,110,'Near Northeast','zero-1499143321',1,'2017-07-04 06:42:01','0000-00-00 00:00:00'),(225,110,'NoMa','zero-1499143326',1,'2017-07-04 06:42:06','0000-00-00 00:00:00'),(226,110,'Southwest Waterfront','zero-1499143332',1,'2017-07-04 06:42:12','0000-00-00 00:00:00'),(227,110,'Sursum Corda','zero-1499143337',1,'2017-07-04 06:42:17','0000-00-00 00:00:00'),(228,110,'Swampoodle','zero-1499143343',1,'2017-07-04 06:42:23','0000-00-00 00:00:00'),(229,110,'Benning Heights','zero-1499143348',1,'2017-07-04 06:42:28','0000-00-00 00:00:00'),(230,110,'Benning Ridge','zero-1499143354',1,'2017-07-04 06:42:34','0000-00-00 00:00:00'),(231,110,'Benning','zero-1499143359',1,'2017-07-04 06:42:39','0000-00-00 00:00:00'),(232,110,'Burrville','zero-1499143367',1,'2017-07-04 06:42:47','0000-00-00 00:00:00'),(233,110,'Capitol View','zero-1499143372',1,'2017-07-04 06:42:52','0000-00-00 00:00:00'),(234,110,'Central Northeast','zero-1499143377',1,'2017-07-04 06:42:57','0000-00-00 00:00:00'),(235,110,'Civic Betterment','zero-1499143383',1,'2017-07-04 06:43:03','0000-00-00 00:00:00'),(236,110,'Deanwood','zero-1499143387',1,'2017-07-04 06:43:07','0000-00-00 00:00:00'),(237,110,'Dupont Park','zero-1499143392',1,'2017-07-04 06:43:12','0000-00-00 00:00:00'),(238,110,'Eastland Gardens','zero-1499143397',1,'2017-07-04 06:43:17','0000-00-00 00:00:00'),(239,110,'Fairfax Village','zero-1499143409',1,'2017-07-04 06:43:29','0000-00-00 00:00:00'),(240,110,'Fairlawn','zero-1499143414',1,'2017-07-04 06:43:34','0000-00-00 00:00:00'),(241,110,'Fort Dupont','zero-1499143421',1,'2017-07-04 06:43:41','0000-00-00 00:00:00'),(242,110,'Fort Davis','zero-1499143426',1,'2017-07-04 06:43:46','0000-00-00 00:00:00'),(243,110,'Good Hope','zero-1499143438',1,'2017-07-04 06:43:58','0000-00-00 00:00:00'),(244,110,'Greenway','zero-1499143443',1,'2017-07-04 06:44:03','0000-00-00 00:00:00'),(245,110,'Hillbrook','zero-1499143448',1,'2017-07-04 06:44:08','0000-00-00 00:00:00'),(246,110,'Hillcrest','zero-1499143453',1,'2017-07-04 06:44:13','0000-00-00 00:00:00'),(247,110,'Kenilworth','zero-1499143459',1,'2017-07-04 06:44:19','0000-00-00 00:00:00'),(248,110,'Kingman ParkLincoln Heights','zero-1499143477',1,'2017-07-04 06:44:37','0000-00-00 00:00:00'),(249,110,'Marshall Heights','zero-1499143483',1,'2017-07-04 06:44:43','0000-00-00 00:00:00'),(250,110,'Virginia Beach','zero-1499143489',1,'2017-07-04 06:44:49','0000-00-00 00:00:00'),(251,110,'Naylor Gardens','zero-1499143496',1,'2017-07-04 06:44:56','0000-00-00 00:00:00'),(252,110,'Mayfair','zero-1499143501',1,'2017-07-04 06:45:01','0000-00-00 00:00:00'),(253,110,'Penn Branch','zero-1499143508',1,'2017-07-04 06:45:08','0000-00-00 00:00:00'),(254,110,'Randle Highlands','zero-1499143514',1,'2017-07-04 06:45:14','0000-00-00 00:00:00'),(255,110,'River Terrace','zero-1499143520',1,'2017-07-04 06:45:20','0000-00-00 00:00:00'),(256,110,'Skyland','zero-1499143525',1,'2017-07-04 06:45:25','0000-00-00 00:00:00'),(257,110,'Twining','zero-1499143532',1,'2017-07-04 06:45:32','0000-00-00 00:00:00'),(258,110,'Anacostia','zero-1499143540',1,'2017-07-04 06:45:40','0000-00-00 00:00:00'),(259,110,'Barry Farm','zero-1499143545',1,'2017-07-04 06:45:45','0000-00-00 00:00:00'),(260,110,'Bellevue','zero-1499143549',1,'2017-07-04 06:45:49','0000-00-00 00:00:00'),(261,110,'Buena Vista','zero-1499143555',1,'2017-07-04 06:45:55','0000-00-00 00:00:00'),(262,110,'Congress Heights','zero-1499143560',1,'2017-07-04 06:46:00','0000-00-00 00:00:00'),(263,110,'Douglass','zero-1499143569',1,'2017-07-04 06:46:09','0000-00-00 00:00:00'),(264,110,'Garfield Heights','zero-1499143588',1,'2017-07-04 06:46:28','0000-00-00 00:00:00'),(265,110,'Knox Hill','zero-1499143594',1,'2017-07-04 06:46:34','0000-00-00 00:00:00'),(266,110,'Shipley Terrace','zero-1499143602',1,'2017-07-04 06:46:42','0000-00-00 00:00:00'),(267,110,'Washington Highlands','zero-1499143609',1,'2017-07-04 06:46:49','0000-00-00 00:00:00'),(268,110,'Woodland','zero-1499143613',1,'2017-07-04 06:46:53','0000-00-00 00:00:00'),(269,133,'Allapattah','zero-1499151529',1,'2017-07-04 12:28:49','0000-00-00 00:00:00'),(270,133,'Brickell','zero-1499151540',1,'2017-07-04 12:29:00','0000-00-00 00:00:00'),(271,133,'Buena Vista Miami','zero-1499151558',1,'2017-07-04 12:30:31','0000-00-00 00:00:00'),(272,133,'Civic Center','zero-1499151569',1,'2017-07-04 12:29:29','0000-00-00 00:00:00'),(273,133,'Coconut Grove','zero-1499151581',1,'2017-07-04 12:29:41','0000-00-00 00:00:00'),(274,133,'Coral Way','zero-1499151591',1,'2017-07-04 12:29:51','0000-00-00 00:00:00'),(275,133,'Design District','zero-1499151603',1,'2017-07-04 12:30:03','0000-00-00 00:00:00'),(276,133,'Downtown Miami','zero-1499151621',1,'2017-07-04 12:30:21','0000-00-00 00:00:00'),(277,133,'Edgewater Miami','zero-1499151661',1,'2017-07-04 12:31:01','0000-00-00 00:00:00'),(278,133,'Flagami','zero-1499151673',1,'2017-07-04 12:31:13','0000-00-00 00:00:00'),(279,133,'Grapeland Heights','zero-1499151682',1,'2017-07-04 12:31:22','0000-00-00 00:00:00'),(280,133,'Liberty City','zero-1499151694',1,'2017-07-04 12:31:34','0000-00-00 00:00:00'),(281,133,'Little Haiti','zero-1499151704',1,'2017-07-04 12:31:44','0000-00-00 00:00:00'),(282,133,'Little Havana','zero-1499151717',1,'2017-07-04 12:31:57','0000-00-00 00:00:00'),(283,133,'Lummus Park','zero-1499151726',1,'2017-07-04 12:32:06','0000-00-00 00:00:00'),(284,133,'Midtown','zero-1499151736',1,'2017-07-04 12:32:16','0000-00-00 00:00:00'),(285,133,'Omni','zero-1499151751',1,'2017-07-04 12:32:31','0000-00-00 00:00:00'),(286,133,'Overtown','zero-1499151782',1,'2017-07-04 12:33:02','0000-00-00 00:00:00'),(287,133,'Park West','zero-1499151793',1,'2017-07-04 12:33:13','0000-00-00 00:00:00'),(288,133,'The Roads','zero-1499151800',1,'2017-07-04 12:33:20','0000-00-00 00:00:00'),(289,133,'Upper East Side','zero-1499151809',1,'2017-07-04 12:33:29','0000-00-00 00:00:00'),(290,133,'Venetian Islands','zero-1499151826',1,'2017-07-04 12:33:46','0000-00-00 00:00:00'),(291,133,'Virginia Key','zero-1499151833',1,'2017-07-04 12:33:53','0000-00-00 00:00:00'),(292,133,'West Flagler','zero-1499151850',1,'2017-07-04 12:34:10','0000-00-00 00:00:00'),(293,133,'Wynwood','zero-1499151858',1,'2017-07-04 12:34:18','0000-00-00 00:00:00'),(294,122,'cvcvcv','zero-1511929430',1,'2017-11-29 09:53:50','0000-00-00 00:00:00'),(295,144,'Sydney','zero-1568589143',1,'2019-09-16 04:42:23','0000-00-00 00:00:00'),(296,144,'Dawes Point','zero-1568589158',0,'2019-09-16 04:42:38','0000-00-00 00:00:00'),(297,144,'Seaforth','zero-1568589225',1,'2019-09-16 04:43:45','0000-00-00 00:00:00'),(298,144,'Haymarket','zero-1568589283',0,'2019-09-16 04:44:43','0000-00-00 00:00:00'),(299,144,'Millers Point','zero-1568589307',0,'2019-09-16 04:45:07','0000-00-00 00:00:00'),(300,144,'The Rocks','zero-1568589317',0,'2019-09-16 04:45:17','0000-00-00 00:00:00'),(301,144,'World Square','zero-1568589331',0,'2019-09-16 04:45:31','0000-00-00 00:00:00'),(302,144,'Eastern Suburbs','zero-1568589374',0,'2019-09-16 04:46:14','0000-00-00 00:00:00'),(303,144,'Ultimo','zero-1568589387',1,'2019-09-16 04:46:27','0000-00-00 00:00:00'),(304,144,'Pyrmont','zero-1568589399',1,'2019-09-16 04:46:39','0000-00-00 00:00:00'),(305,144,'St Leonards','zero-1568686726',1,'2019-09-17 07:48:46','0000-00-00 00:00:00'),(306,144,'North Sydney','zero-1568686765',1,'2019-09-17 07:49:25','0000-00-00 00:00:00'),(307,144,'Chatswood','zero-1568719413',1,'2019-09-17 16:53:33','0000-00-00 00:00:00'),(308,144,'Abbotsbury','zero-1568727206',0,'2019-09-17 19:03:26','0000-00-00 00:00:00'),(309,144,'Avalon Beach','zero-1568727216',0,'2019-09-17 19:03:36','0000-00-00 00:00:00'),(310,144,'Austral','zero-1568727235',0,'2019-09-17 19:03:55','0000-00-00 00:00:00'),(311,144,'Abbotsford','zero-1568727254',0,'2019-09-17 19:04:14','0000-00-00 00:00:00'),(312,144,'Acacia Gardens','zero-1568727271',0,'2019-09-17 19:04:31','0000-00-00 00:00:00'),(313,144,'Arncliffe','zero-1568727284',0,'2019-09-17 19:04:44','0000-00-00 00:00:00'),(314,144,'Artarmon','zero-1568727297',0,'2019-09-17 19:04:57','0000-00-00 00:00:00'),(315,144,'Agnes Banks','zero-1568727313',0,'2019-09-17 19:05:13','0000-00-00 00:00:00'),(316,144,'Airds','zero-1568727325',0,'2019-09-17 19:05:25','0000-00-00 00:00:00'),(317,144,'Alexandria','zero-1568727335',0,'2019-09-17 19:05:35','0000-00-00 00:00:00'),(318,144,'Alfords Point','zero-1568727345',0,'2019-09-17 19:05:45','0000-00-00 00:00:00'),(319,144,'Allambie Heights','zero-1568727360',0,'2019-09-17 19:06:00','0000-00-00 00:00:00'),(320,144,'Allawah','zero-1568727373',0,'2019-09-17 19:06:13','0000-00-00 00:00:00'),(321,144,'Ambarvale','zero-1568727382',0,'2019-09-17 19:06:22','0000-00-00 00:00:00'),(322,144,'Annandale','zero-1568727401',0,'2019-09-17 19:06:41','0000-00-00 00:00:00'),(323,144,'Annangrove','zero-1568727414',0,'2019-09-17 19:06:54','0000-00-00 00:00:00'),(324,144,'Arcadia','zero-1568727427',0,'2019-09-17 19:07:07','0000-00-00 00:00:00'),(325,144,'Arndell Park','zero-1568727473',0,'2019-09-17 19:07:53','0000-00-00 00:00:00'),(326,144,'Ashbury','zero-1568727485',0,'2019-09-17 19:08:05','0000-00-00 00:00:00'),(327,144,'Ashcroft','zero-1568727498',0,'2019-09-17 19:08:18','0000-00-00 00:00:00'),(328,144,'Asquith','zero-1568727508',0,'2019-09-17 19:08:28','0000-00-00 00:00:00'),(329,144,'Auburn','zero-1568727517',0,'2019-09-17 19:08:37','0000-00-00 00:00:00'),(330,144,'Balmain','zero-1568727541',0,'2019-09-17 19:09:01','0000-00-00 00:00:00'),(331,144,'Balmain East','zero-1568727552',0,'2019-09-17 19:09:12','0000-00-00 00:00:00'),(332,144,'Banksia','zero-1568727565',0,'2019-09-17 19:09:25','0000-00-00 00:00:00'),(333,144,'Banksmeadow','zero-1568727579',0,'2019-09-17 19:09:39','0000-00-00 00:00:00'),(334,144,'Bankstown','zero-1568727586',0,'2019-09-17 19:09:46','0000-00-00 00:00:00'),(335,144,'Barangaroo','zero-1568727626',0,'2019-09-17 19:10:26','0000-00-00 00:00:00'),(336,144,'Baulkham Hills','zero-1568727641',0,'2019-09-17 19:10:41','0000-00-00 00:00:00'),(337,144,'Zetland','zero-1568727661',0,'2019-09-17 19:11:01','0000-00-00 00:00:00'),(338,144,'Wolli Creek','zero-1568727806',0,'2019-09-17 19:13:26','0000-00-00 00:00:00'),(339,144,'Wollstonecraft','zero-1568727818',0,'2019-09-17 19:13:38','0000-00-00 00:00:00'),(340,144,'Woolloomooloo','zero-1568727834',0,'2019-09-17 19:13:54','0000-00-00 00:00:00'),(341,144,'Willoughby','zero-1568727849',0,'2019-09-17 19:14:09','0000-00-00 00:00:00'),(342,144,'Wiley Park','zero-1568727859',0,'2019-09-17 19:14:19','0000-00-00 00:00:00'),(343,144,'West Ryde','zero-1568727873',0,'2019-09-17 19:14:33','0000-00-00 00:00:00'),(344,145,'Medan Kota','zero-1568791005',1,'2019-09-18 12:46:45','0000-00-00 00:00:00'),(345,59,'Tebet','zero-1568792025',1,'2019-09-18 13:03:45','0000-00-00 00:00:00'),(346,59,'Menteng','zero-1568792074',1,'2019-09-18 13:04:34','0000-00-00 00:00:00'),(347,144,'St Peters','zero-1569296841',1,'2019-09-24 09:17:21','0000-00-00 00:00:00'),(348,59,'Thamrin','zero-1569297836',1,'2019-09-24 09:33:56','0000-00-00 00:00:00'),(349,144,'Mascot','zero-1570688758',1,'2019-10-10 11:55:58','0000-00-00 00:00:00'),(350,147,'Bratislava','zero-1571091104',1,'2019-10-15 09:11:44','0000-00-00 00:00:00');
/*!40000 ALTER TABLE `tbl_areas` ENABLE KEYS */;
UNLOCK TABLES;

--
-- Table structure for table `tbl_banner`
--

DROP TABLE IF EXISTS `tbl_banner`;
/*!40101 SET @saved_cs_client     = @@character_set_client */;
/*!40101 SET character_set_client = utf8 */;
CREATE TABLE `tbl_banner` (
  `id` int(10) NOT NULL AUTO_INCREMENT,
  `file_name` varchar(255) NOT NULL,
  `title` varchar(255) NOT NULL,
  `slug` varchar(255) NOT NULL,
  `status` int(10) NOT NULL,
  `created` date NOT NULL,
  PRIMARY KEY (`id`)
) ENGINE=InnoDB AUTO_INCREMENT=7 DEFAULT CHARSET=latin1;
/*!40101 SET character_set_client = @saved_cs_client */;

--
-- Dumping data for table `tbl_banner`
--

LOCK TABLES `tbl_banner` WRITE;
/*!40000 ALTER TABLE `tbl_banner` DISABLE KEYS */;
INSERT INTO `tbl_banner` VALUES (2,'1501218758home_banner.png','Online Burger','zero-1501141386',1,'2019-09-17'),(3,'1505542979home_banner3.png','Food Ordering','zero-1501141454',1,'2017-09-16'),(4,'1505542887home_banner4.png','Marinated werp farm beets, mache','zero-788',1,'2017-09-16'),(6,'1505542873home_banner2.png','Online Food Ordering','zero-78741',1,'2019-09-17');
/*!40000 ALTER TABLE `tbl_banner` ENABLE KEYS */;
UNLOCK TABLES;

--
-- Table structure for table `tbl_cities`
--

DROP TABLE IF EXISTS `tbl_cities`;
/*!40101 SET @saved_cs_client     = @@character_set_client */;
/*!40101 SET character_set_client = utf8 */;
CREATE TABLE `tbl_cities` (
  `id` int(11) NOT NULL AUTO_INCREMENT,
  `name` varchar(255) CHARACTER SET utf8 DEFAULT NULL,
  `slug` varchar(255) CHARACTER SET utf8 NOT NULL,
  `status` tinyint(1) NOT NULL,
  `created` datetime NOT NULL,
  `modified` datetime NOT NULL,
  PRIMARY KEY (`id`)
) ENGINE=InnoDB AUTO_INCREMENT=148 DEFAULT CHARSET=latin1;
/*!40101 SET character_set_client = @saved_cs_client */;

--
-- Dumping data for table `tbl_cities`
--

LOCK TABLES `tbl_cities` WRITE;
/*!40000 ALTER TABLE `tbl_cities` DISABLE KEYS */;
INSERT INTO `tbl_cities` VALUES (43,'San Francisco','zero',1,'2017-06-27 11:16:33','0000-00-00 00:00:00'),(44,'Chicago','zero-1498812170',1,'2017-06-30 10:42:50','0000-00-00 00:00:00'),(45,'Shanghai','zero-1498817946',0,'2017-06-30 12:19:06','0000-00-00 00:00:00'),(46,'Beijing','zero-1498817953',0,'2017-06-30 12:19:13','0000-00-00 00:00:00'),(47,'Delhi','zero-1498817960',0,'2017-06-30 12:19:20','0000-00-00 00:00:00'),(48,'Karachi','zero-1498817967',0,'2017-06-30 12:19:27','0000-00-00 00:00:00'),(49,'Tianjin','zero-1498817974',0,'2017-06-30 12:19:34','0000-00-00 00:00:00'),(51,'Istanbul','zero-1498817987',0,'2017-06-30 12:19:47','0000-00-00 00:00:00'),(52,'Tokyo','zero-1498817997',0,'2017-06-30 12:19:57','0000-00-00 00:00:00'),(53,'Guangzhou','zero-1498818008',0,'2017-06-30 12:20:08','0000-00-00 00:00:00'),(54,'Lagos','zero-1498818016',0,'2017-06-30 12:20:16','0000-00-00 00:00:00'),(55,'Mumbai','zero-1498818025',0,'2017-06-30 12:20:25','0000-00-00 00:00:00'),(56,'Moscow','zero-1498818033',0,'2017-06-30 12:20:33','0000-00-00 00:00:00'),(57,'São Paulo','zero-1498818046',0,'2017-06-30 12:20:46','0000-00-00 00:00:00'),(58,'Shenzhen','zero-1498818053',0,'2017-06-30 12:20:53','0000-00-00 00:00:00'),(59,'Jakarta','zero-1498818063',1,'2017-06-30 12:21:03','0000-00-00 00:00:00'),(60,'Lahore','zero-1498818073',0,'2017-06-30 12:21:13','0000-00-00 00:00:00'),(61,'Seoul','zero-1498818083',0,'2017-06-30 12:21:23','0000-00-00 00:00:00'),(62,'Wuhan','zero-1498818094',0,'2017-06-30 12:21:34','0000-00-00 00:00:00'),(63,'Kinshasa','zero-1498818103',0,'2017-06-30 12:21:43','0000-00-00 00:00:00'),(64,'Dhaka','zero-1498818112',0,'2017-06-30 12:21:52','0000-00-00 00:00:00'),(65,'Mexico City','zero-1498818122',0,'2017-06-30 12:22:02','0000-00-00 00:00:00'),(66,'Lima','zero-1498818128',0,'2017-06-30 12:22:08','0000-00-00 00:00:00'),(67,'London','zero-1498818135',0,'2017-06-30 12:22:15','0000-00-00 00:00:00'),(68,'New York City','zero-1498818149',0,'2017-06-30 12:22:29','0000-00-00 00:00:00'),(69,'Bengaluru','zero-1498818157',0,'2017-06-30 12:22:37','0000-00-00 00:00:00'),(70,'Bangkok','zero-1498818167',0,'2017-06-30 12:22:47','0000-00-00 00:00:00'),(71,'Ho Chi Minh City','zero-1498818174',0,'2017-06-30 12:22:54','0000-00-00 00:00:00'),(72,'Dongguan','zero-1498818183',0,'2017-06-30 12:23:03','0000-00-00 00:00:00'),(73,'Chongqing','zero-1498818192',0,'2017-06-30 12:23:12','0000-00-00 00:00:00'),(74,'Nanjing','zero-1498818203',0,'2017-06-30 12:23:23','0000-00-00 00:00:00'),(75,'Tehran','zero-1498818214',0,'2017-06-30 12:23:34','0000-00-00 00:00:00'),(76,'Shenyang','zero-1498818224',0,'2017-06-30 12:23:44','0000-00-00 00:00:00'),(77,'Bogotá','zero-1498818235',0,'2017-06-30 12:23:55','0000-00-00 00:00:00'),(78,'Ningbo','zero-1498818242',0,'2017-06-30 12:24:02','0000-00-00 00:00:00'),(79,'Hong Kong','zero-1498818251',0,'2017-06-30 12:24:11','0000-00-00 00:00:00'),(80,'Hanoi','zero-1498818310',0,'2017-06-30 12:25:10','0000-00-00 00:00:00'),(81,'Baghdad','zero-1498818318',0,'2017-06-30 12:25:18','0000-00-00 00:00:00'),(82,'Changsha','zero-1498818325',0,'2017-06-30 12:25:25','0000-00-00 00:00:00'),(83,'Hyderabad','zero-1498818338',0,'2017-06-30 12:25:38','0000-00-00 00:00:00'),(84,'Chennai','zero-1498818346',0,'2017-06-30 12:25:46','0000-00-00 00:00:00'),(85,'Rio de Janeiro','zero-1498818356',0,'2017-06-30 12:25:56','0000-00-00 00:00:00'),(86,'Faisalabad','zero-1498818366',0,'2017-06-30 12:26:06','0000-00-00 00:00:00'),(87,'Foshan','zero-1498818374',0,'2017-06-30 12:26:14','0000-00-00 00:00:00'),(88,'Santiago','zero-1498818427',0,'2017-06-30 12:27:07','0000-00-00 00:00:00'),(89,'Zunyi','zero-1498818433',0,'2017-06-30 12:27:13','0000-00-00 00:00:00'),(90,'New York','zero-1498820722',0,'2017-06-30 13:05:22','0000-00-00 00:00:00'),(91,'Los Angeles','zero-1498820732',0,'2017-06-30 13:05:32','0000-00-00 00:00:00'),(93,'Houston','zero-1498820749',0,'2017-06-30 13:05:49','0000-00-00 00:00:00'),(94,'Phoenix','zero-1498820757',0,'2017-06-30 13:05:57','0000-00-00 00:00:00'),(95,'Philadelphia','zero-1498820766',0,'2017-06-30 13:06:06','0000-00-00 00:00:00'),(96,'San Antonio','zero-1498820774',0,'2017-06-30 13:06:14','0000-00-00 00:00:00'),(97,'San Diego','zero-1498820786',0,'2017-06-30 13:06:26','0000-00-00 00:00:00'),(98,'Dallas','zero-1498820796',0,'2017-06-30 13:06:36','0000-00-00 00:00:00'),(99,'San Jose','zero-1498820802',0,'2017-06-30 13:06:42','0000-00-00 00:00:00'),(100,'Austin','zero-1498820809',0,'2017-06-30 13:06:49','0000-00-00 00:00:00'),(101,'Jacksonville','zero-1498820817',0,'2017-06-30 13:06:57','0000-00-00 00:00:00'),(103,'Columbus','zero-1498820842',0,'2017-06-30 13:07:22','0000-00-00 00:00:00'),(104,'Indianapolis','zero-1498820850',0,'2017-06-30 13:07:30','0000-00-00 00:00:00'),(105,'Fort Worth','zero-1498820856',0,'2017-06-30 13:07:36','0000-00-00 00:00:00'),(106,'Charlotte','zero-1498820862',0,'2017-06-30 13:07:42','0000-00-00 00:00:00'),(107,'Seattle','zero-1498820869',0,'2017-06-30 13:07:49','0000-00-00 00:00:00'),(108,'Denver','zero-1498820878',0,'2017-06-30 13:07:58','0000-00-00 00:00:00'),(109,'El Paso','zero-1498820887',0,'2017-06-30 13:08:07','0000-00-00 00:00:00'),(110,'Washington','zero-1498820897',0,'2017-06-30 13:08:17','0000-00-00 00:00:00'),(111,'Boston','zero-1498820904',0,'2017-06-30 13:08:24','0000-00-00 00:00:00'),(112,'Detroit','zero-1498820911',0,'2017-06-30 13:08:31','0000-00-00 00:00:00'),(113,'Nashville','zero-1498820924',0,'2017-06-30 13:08:44','0000-00-00 00:00:00'),(114,'Memphis','zero-1498820975',0,'2017-06-30 13:09:35','0000-00-00 00:00:00'),(115,'Portland','zero-1498820981',0,'2017-06-30 13:09:41','0000-00-00 00:00:00'),(116,'Oklahoma City','zero-1498821041',0,'2017-06-30 13:10:41','0000-00-00 00:00:00'),(117,'Oklahoma City','zero-1498821052',0,'2017-06-30 13:10:52','0000-00-00 00:00:00'),(118,'Las Vegas','zero-1498821058',0,'2017-06-30 13:10:58','0000-00-00 00:00:00'),(119,'Louisville','zero-1498821069',0,'2017-06-30 13:11:09','0000-00-00 00:00:00'),(120,'Baltimore','zero-1498821079',0,'2017-06-30 13:11:19','0000-00-00 00:00:00'),(121,'Milwaukee','zero-1498821087',0,'2017-06-30 13:11:27','0000-00-00 00:00:00'),(123,'Tucson','zero-1498821099',0,'2017-06-30 13:11:39','0000-00-00 00:00:00'),(124,'Fresno','zero-1498821105',0,'2017-06-30 13:11:45','0000-00-00 00:00:00'),(126,'Sacramento','zero-1498821269',0,'2017-06-30 13:14:29','0000-00-00 00:00:00'),(127,'Mesa','zero-1498821275',0,'2017-06-30 13:14:35','0000-00-00 00:00:00'),(128,'Kansas City','zero-1498821285',0,'2017-06-30 13:14:45','0000-00-00 00:00:00'),(129,'Atlanta','zero-1498821295',0,'2017-06-30 13:14:55','0000-00-00 00:00:00'),(130,'Long Beach','zero-1498821301',0,'2017-06-30 13:15:01','0000-00-00 00:00:00'),(131,'Colorado Springs','zero-1498821330',0,'2017-06-30 13:15:30','0000-00-00 00:00:00'),(132,'Raleigh','zero-1498821336',0,'2017-06-30 13:15:36','0000-00-00 00:00:00'),(133,'Miami','zero-1498821343',1,'2017-06-30 13:15:43','0000-00-00 00:00:00'),(134,'Virginia Beach','zero-1498821350',0,'2017-06-30 13:15:50','0000-00-00 00:00:00'),(135,'Omaha','zero-1498821357',0,'2017-06-30 13:15:57','0000-00-00 00:00:00'),(136,'Oakland','zero-1498821364',0,'2017-06-30 13:16:04','0000-00-00 00:00:00'),(137,'Minneapolis','zero-1498821370',0,'2017-06-30 13:16:10','0000-00-00 00:00:00'),(138,'Tulsa','zero-1498821381',0,'2017-06-30 13:16:21','0000-00-00 00:00:00'),(139,'Arlington','zero-1498821391',0,'2017-06-30 13:16:31','0000-00-00 00:00:00'),(140,'New Orleans','zero-1498821399',0,'2017-06-30 13:16:39','0000-00-00 00:00:00'),(141,'Wichita','zero-1498821406',0,'2017-06-30 13:16:46','0000-00-00 00:00:00'),(142,'Cleveland','zero-1498821429',0,'2017-06-30 13:17:09','0000-00-00 00:00:00'),(144,'Sydney','zero-1568588926',1,'2019-09-16 04:38:46','0000-00-00 00:00:00'),(145,'Medan','zero-1568588943',1,'2019-09-16 04:39:03','0000-00-00 00:00:00'),(146,'Surabaya','zero-1568588952',0,'2019-09-16 04:39:12','0000-00-00 00:00:00'),(147,'Bratislava','zero-1571090877',1,'2019-10-15 09:07:57','0000-00-00 00:00:00');
/*!40000 ALTER TABLE `tbl_cities` ENABLE KEYS */;
UNLOCK TABLES;

--
-- Table structure for table `tbl_countries`
--

DROP TABLE IF EXISTS `tbl_countries`;
/*!40101 SET @saved_cs_client     = @@character_set_client */;
/*!40101 SET character_set_client = utf8 */;
CREATE TABLE `tbl_countries` (
  `id` int(3) NOT NULL AUTO_INCREMENT,
  `country_name` varchar(44) DEFAULT NULL,
  `slug` varchar(255) NOT NULL,
  `status` tinyint(1) NOT NULL DEFAULT '1',
  `created` datetime NOT NULL,
  `modified` datetime NOT NULL,
  PRIMARY KEY (`id`)
) ENGINE=MyISAM AUTO_INCREMENT=290 DEFAULT CHARSET=utf8;
/*!40101 SET character_set_client = @saved_cs_client */;

--
-- Dumping data for table `tbl_countries`
--

LOCK TABLES `tbl_countries` WRITE;
/*!40000 ALTER TABLE `tbl_countries` DISABLE KEYS */;
INSERT INTO `tbl_countries` VALUES (1,'Afghanistan','afghanistan',1,'2015-02-02 00:00:00','2015-02-02 00:00:00'),(2,'Albania','albania',1,'2015-02-02 00:00:00','2015-02-02 00:00:00'),(3,'Algeria','algeria',1,'2015-02-02 00:00:00','2015-02-02 00:00:00'),(4,'American Samoa','american-samoa',1,'2015-02-02 00:00:00','2015-02-02 00:00:00'),(5,'Andorra','andorra',1,'2015-02-02 00:00:00','2015-02-02 00:00:00'),(6,'Angola','angola',1,'2015-02-02 00:00:00','2015-02-02 00:00:00'),(7,'Anguilla','anguilla',1,'2015-02-02 00:00:00','2015-02-02 00:00:00'),(8,'Antarctica','antarctica',1,'2015-02-02 00:00:00','2015-02-02 00:00:00'),(9,'Antigua and Barbuda','antigua-and-barbuda',1,'2015-02-02 00:00:00','2015-02-02 00:00:00'),(10,'Argentina','argentina',1,'2015-02-02 00:00:00','2015-02-02 00:00:00'),(11,'Armenia','armenia',1,'2015-02-02 00:00:00','2015-02-02 00:00:00'),(12,'Aruba','aruba',1,'2015-02-02 00:00:00','2015-02-02 00:00:00'),(13,'Ashmore and Cartier','ashmore-and-cartier',1,'2015-02-02 00:00:00','2015-02-02 00:00:00'),(14,'Australia','australia',1,'2015-02-02 00:00:00','2015-02-02 00:00:00'),(15,'Austria','austria',1,'2015-02-02 00:00:00','2015-02-02 00:00:00'),(16,'Azerbaijan','azerbaijan',1,'2015-02-02 00:00:00','2015-02-02 00:00:00'),(18,'Bahrain','bahrain',1,'2015-02-02 00:00:00','2015-02-02 00:00:00'),(19,'Baker Island','baker-island',1,'2015-02-02 00:00:00','2015-02-02 00:00:00'),(20,'Bangladesh','bangladesh',1,'2015-02-02 00:00:00','2015-02-02 00:00:00'),(21,'Barbados','barbados',1,'2015-02-02 00:00:00','2015-02-02 00:00:00'),(22,'Bassas da India','bassas-da-india',1,'2015-02-02 00:00:00','2015-02-02 00:00:00'),(23,'Belarus','belarus',1,'2015-02-02 00:00:00','2015-02-02 00:00:00'),(24,'Belgium','belgium',1,'2015-02-02 00:00:00','2015-02-02 00:00:00'),(25,'Belize','belize',1,'2015-02-02 00:00:00','2015-02-02 00:00:00'),(26,'Benin','benin',1,'2015-02-02 00:00:00','2015-02-02 00:00:00'),(27,'Bermuda','bermuda',1,'2015-02-02 00:00:00','2015-02-02 00:00:00'),(28,'Bhutan','bhutan',1,'2015-02-02 00:00:00','2015-02-02 00:00:00'),(29,'Bolivia','bolivia',1,'2015-02-02 00:00:00','2015-02-02 00:00:00'),(30,'Bosnia and Herzegovina','bosnia-and-herzegovina',1,'2015-02-02 00:00:00','2015-02-02 00:00:00'),(31,'Botswana','botswana',1,'2015-02-02 00:00:00','2015-02-02 00:00:00'),(32,'Bouvet Island','bouvet-island',1,'2015-02-02 00:00:00','2015-02-02 00:00:00'),(33,'Brazil','brazil',1,'2015-02-02 00:00:00','2015-02-02 00:00:00'),(34,'British Indian Ocean Territory','british-indian-ocean-territory',1,'2015-02-02 00:00:00','2015-02-02 00:00:00'),(35,'British Virgin Islands','british-virgin-islands',1,'2015-02-02 00:00:00','2015-02-02 00:00:00'),(36,'Brunei Darussalam','brunei-darussalam',1,'2015-02-02 00:00:00','2015-02-02 00:00:00'),(37,'Bulgaria','bulgaria',1,'2015-02-02 00:00:00','2015-02-02 00:00:00'),(38,'Burkina Faso','burkina-faso',1,'2015-02-02 00:00:00','2015-02-02 00:00:00'),(39,'Burma','burma',1,'2015-02-02 00:00:00','2015-02-02 00:00:00'),(40,'Burundi','burundi',1,'2015-02-02 00:00:00','2015-02-02 00:00:00'),(41,'Cambodia','cambodia',1,'2015-02-02 00:00:00','2015-02-02 00:00:00'),(42,'Cameroon','cameroon',1,'2015-02-02 00:00:00','2015-02-02 00:00:00'),(43,'Canada','canada',1,'2015-02-02 00:00:00','2015-02-02 00:00:00'),(44,'Cape Verde','cape-verde',1,'2015-02-02 00:00:00','2015-02-02 00:00:00'),(45,'Cayman Islands','cayman-islands',1,'2015-02-02 00:00:00','2015-02-02 00:00:00'),(46,'Central African Republic','central-african-republic',1,'2015-02-02 00:00:00','2015-02-02 00:00:00'),(47,'Chad','chad',1,'2015-02-02 00:00:00','2015-02-02 00:00:00'),(48,'Chile','chile',1,'2015-02-02 00:00:00','2015-02-02 00:00:00'),(49,'China','china',1,'2015-02-02 00:00:00','2015-02-02 00:00:00'),(50,'Christmas Island','christmas-island',1,'2015-02-02 00:00:00','2015-02-02 00:00:00'),(51,'Clipperton Island','clipperton-island',1,'2015-02-02 00:00:00','2015-02-02 00:00:00'),(52,'Cocos (Keeling) Islands','cocos-keeling-islands',1,'2015-02-02 00:00:00','2015-02-02 00:00:00'),(53,'Colombia','colombia',1,'2015-02-02 00:00:00','2015-02-02 00:00:00'),(54,'Comoros','comoros',1,'2015-02-02 00:00:00','2015-02-02 00:00:00'),(55,'Congo, Democratic Republic of the','congo-democratic-republic-of-the',1,'2015-02-02 00:00:00','2015-02-02 00:00:00'),(56,'Congo, Republic of the','congo-republic-of-the',1,'2015-02-02 00:00:00','2015-02-02 00:00:00'),(57,'Cook Islands','cook-islands',1,'2015-02-02 00:00:00','2015-02-02 00:00:00'),(58,'Coral Sea Islands','coral-sea-islands',1,'2015-02-02 00:00:00','2015-02-02 00:00:00'),(59,'Costa Rica','costa-rica',1,'2015-02-02 00:00:00','2015-02-02 00:00:00'),(60,'Cote d\'Ivoire','cote-d-ivoire',1,'2015-02-02 00:00:00','2015-02-02 00:00:00'),(61,'Croatia','croatia',1,'2015-02-02 00:00:00','2015-02-02 00:00:00'),(62,'Cuba','cuba',1,'2015-02-02 00:00:00','2015-02-02 00:00:00'),(63,'Cyprus','cyprus',1,'2015-02-02 00:00:00','2015-02-02 00:00:00'),(64,'Czech Republic','czech-republic',1,'2015-02-02 00:00:00','2015-02-02 00:00:00'),(65,'Denmark','denmark',1,'2015-02-02 00:00:00','2015-02-02 00:00:00'),(66,'Djibouti','djibouti',1,'2015-02-02 00:00:00','2015-02-02 00:00:00'),(67,'Dominica','dominica',1,'2015-02-02 00:00:00','2015-02-02 00:00:00'),(68,'Dominican Republic','dominican-republic',1,'2015-02-02 00:00:00','2015-02-02 00:00:00'),(69,'East Timor','east-timor',1,'2015-02-02 00:00:00','2015-02-02 00:00:00'),(70,'Ecuador','ecuador',1,'2015-02-02 00:00:00','2015-02-02 00:00:00'),(71,'Egypt','egypt',1,'2015-02-02 00:00:00','2015-02-02 00:00:00'),(72,'El Salvador','el-salvador',1,'2015-02-02 00:00:00','2015-02-02 00:00:00'),(73,'Equatorial Guinea','equatorial-guinea',1,'2015-02-02 00:00:00','2015-02-02 00:00:00'),(74,'Eritrea','eritrea',1,'2015-02-02 00:00:00','2015-02-02 00:00:00'),(75,'Estonia','estonia',1,'2015-02-02 00:00:00','2015-02-02 00:00:00'),(76,'Ethiopia','ethiopia',1,'2015-02-02 00:00:00','2015-02-02 00:00:00'),(77,'Europa Island','europa-island',1,'2015-02-02 00:00:00','2015-02-02 00:00:00'),(78,'Falkland Islands (Islas Malvinas)','falkland-islands-islas-malvinas',1,'2015-02-02 00:00:00','2015-02-02 00:00:00'),(79,'Faroe Islands','faroe-islands',1,'2015-02-02 00:00:00','2015-02-02 00:00:00'),(80,'Fiji','fiji',1,'2015-02-02 00:00:00','2015-02-02 00:00:00'),(81,'Finland','finland',1,'2015-02-02 00:00:00','2015-02-02 00:00:00'),(82,'France','france',1,'2015-02-02 00:00:00','2015-02-02 00:00:00'),(83,'France, Metropolitan','france-metropolitan',1,'2015-02-02 00:00:00','2015-02-02 00:00:00'),(84,'French Guiana','french-guiana',1,'2015-02-02 00:00:00','2015-02-02 00:00:00'),(85,'French Polynesia','french-polynesia',1,'2015-02-02 00:00:00','2015-02-02 00:00:00'),(86,'French Southern and Antarctic Lands','french-southern-and-antarctic-lands',1,'2015-02-02 00:00:00','2015-02-02 00:00:00'),(87,'Gabon','gabon',1,'2015-02-02 00:00:00','2015-02-02 00:00:00'),(89,'Gaza Strip','gaza-strip',1,'2015-02-02 00:00:00','2015-02-02 00:00:00'),(90,'Georgia','georgia',1,'2015-02-02 00:00:00','2015-02-02 00:00:00'),(91,'Germany','germany',1,'2015-02-02 00:00:00','2015-02-02 00:00:00'),(92,'Ghana','ghana',1,'2015-02-02 00:00:00','2015-02-02 00:00:00'),(93,'Gibraltar','gibraltar',1,'2015-02-02 00:00:00','2015-02-02 00:00:00'),(94,'Glorioso Islands','glorioso-islands',1,'2015-02-02 00:00:00','2015-02-02 00:00:00'),(95,'Greece','greece',1,'2015-02-02 00:00:00','2015-02-02 00:00:00'),(96,'Greenland','greenland',1,'2015-02-02 00:00:00','2015-02-02 00:00:00'),(97,'Grenada','grenada',1,'2015-02-02 00:00:00','2015-02-02 00:00:00'),(98,'Guadeloupe','guadeloupe',1,'2015-02-02 00:00:00','2015-02-02 00:00:00'),(99,'Guam','guam',1,'2015-02-02 00:00:00','2015-02-02 00:00:00'),(100,'Guatemala','guatemala',1,'2015-02-02 00:00:00','2015-02-02 00:00:00'),(101,'Guernsey','guernsey',1,'2015-02-02 00:00:00','2015-02-02 00:00:00'),(102,'Guinea','guinea',1,'2015-02-02 00:00:00','2015-02-02 00:00:00'),(103,'Guinea-Bissau','guinea-bissau',1,'2015-02-02 00:00:00','2015-02-02 00:00:00'),(104,'Guyana','guyana',1,'2015-02-02 00:00:00','2015-02-02 00:00:00'),(105,'Haiti','haiti',1,'2015-02-02 00:00:00','2015-02-02 00:00:00'),(106,'Heard Island and McDonald Islands','heard-island-and-mcdonald-islands',1,'2015-02-02 00:00:00','2015-02-02 00:00:00'),(107,'Holy See (Vatican City)','holy-see-vatican-city',1,'2015-02-02 00:00:00','2015-02-02 00:00:00'),(108,'Honduras','honduras',1,'2015-02-02 00:00:00','2015-02-02 00:00:00'),(109,'Hong Kong (SAR)','hong-kong-sar',1,'2015-02-02 00:00:00','2015-02-02 00:00:00'),(110,'Howland Island','howland-island',1,'2015-02-02 00:00:00','2015-02-02 00:00:00'),(111,'Hungary','hungary',1,'2015-02-02 00:00:00','2015-02-02 00:00:00'),(112,'Iceland','iceland',1,'2015-02-02 00:00:00','2015-02-02 00:00:00'),(113,'India','india',1,'2015-02-02 00:00:00','2015-02-02 00:00:00'),(114,'Indonesia','indonesia',1,'2015-02-02 00:00:00','2015-02-02 00:00:00'),(115,'Iran','iran',1,'2015-02-02 00:00:00','2015-02-02 00:00:00'),(116,'Iraq','iraq',1,'2015-02-02 00:00:00','2015-02-02 00:00:00'),(117,'Ireland','ireland',1,'2015-02-02 00:00:00','2015-02-02 00:00:00'),(118,'Israel','israel',1,'2015-02-02 00:00:00','2015-02-02 00:00:00'),(119,'Italy','italy',1,'2015-02-02 00:00:00','2015-02-02 00:00:00'),(120,'Jamaica','jamaica',1,'2015-02-02 00:00:00','2015-02-02 00:00:00'),(121,'Jan Mayen','jan-mayen',1,'2015-02-02 00:00:00','2015-02-02 00:00:00'),(122,'Japan','japan',1,'2015-02-02 00:00:00','2015-02-02 00:00:00'),(123,'Jarvis Island','jarvis-island',1,'2015-02-02 00:00:00','2015-02-02 00:00:00'),(124,'Jersey','jersey',1,'2015-02-02 00:00:00','2015-02-02 00:00:00'),(125,'Johnston Atoll','johnston-atoll',1,'2015-02-02 00:00:00','2015-02-02 00:00:00'),(126,'Jordan','jordan',1,'2015-02-02 00:00:00','2015-02-02 00:00:00'),(127,'Juan de Nova Island','juan-de-nova-island',1,'2015-02-02 00:00:00','2015-02-02 00:00:00'),(128,'Kazakhstan','kazakhstan',1,'2015-02-02 00:00:00','2015-02-02 00:00:00'),(129,'Kenya','kenya',1,'2015-02-02 00:00:00','2015-02-02 00:00:00'),(130,'Kingman Reef','kingman-reef',1,'2015-02-02 00:00:00','2015-02-02 00:00:00'),(131,'Kiribati','kiribati',1,'2015-02-02 00:00:00','2015-02-02 00:00:00'),(132,'Korea, North','korea-north',1,'2015-02-02 00:00:00','2015-02-02 00:00:00'),(133,'Korea, South','korea-south',1,'2015-02-02 00:00:00','2015-02-02 00:00:00'),(134,'Kuwait','kuwait',1,'2015-02-02 00:00:00','2015-02-02 00:00:00'),(135,'Kyrgyzstan','kyrgyzstan',1,'2015-02-02 00:00:00','2015-02-02 00:00:00'),(136,'Laos','laos',1,'2015-02-02 00:00:00','2015-02-02 00:00:00'),(137,'Latvia','latvia',1,'2015-02-02 00:00:00','2015-02-02 00:00:00'),(138,'Lebanon','lebanon',1,'2015-02-02 00:00:00','2015-02-02 00:00:00'),(139,'Lesotho','lesotho',1,'2015-02-02 00:00:00','2015-02-02 00:00:00'),(140,'Liberia','liberia',1,'2015-02-02 00:00:00','2015-02-02 00:00:00'),(141,'Libya','libya',1,'2015-02-02 00:00:00','2015-02-02 00:00:00'),(142,'Liechtenstein','liechtenstein',1,'2015-02-02 00:00:00','2015-02-02 00:00:00'),(143,'Lithuania','lithuania',1,'2015-02-02 00:00:00','2015-02-02 00:00:00'),(144,'Luxembourg','luxembourg',1,'2015-02-02 00:00:00','2015-02-02 00:00:00'),(145,'Macao','macao',1,'2015-02-02 00:00:00','2015-02-02 00:00:00'),(146,'Macedonia, The Former Yugoslav Republic of','macedonia-the-former-yugoslav-repu',1,'2015-02-02 00:00:00','2015-02-02 00:00:00'),(147,'Madagascar','madagascar',1,'2015-02-02 00:00:00','2015-02-02 00:00:00'),(148,'Malawi','malawi',1,'2015-02-02 00:00:00','2015-02-02 00:00:00'),(149,'Malaysia','malaysia',1,'2015-02-02 00:00:00','2015-02-02 00:00:00'),(150,'Maldives','maldives',1,'2015-02-02 00:00:00','2015-02-02 00:00:00'),(151,'Mali','mali',1,'2015-02-02 00:00:00','2015-02-02 00:00:00'),(152,'Malta','malta',1,'2015-02-02 00:00:00','2015-02-02 00:00:00'),(153,'Man, Isle of','man-isle-of',1,'2015-02-02 00:00:00','2015-02-02 00:00:00'),(154,'Marshall Islands','marshall-islands',1,'2015-02-02 00:00:00','2015-02-02 00:00:00'),(155,'Martinique','martinique',1,'2015-02-02 00:00:00','2015-02-02 00:00:00'),(156,'Mauritania','mauritania',1,'2015-02-02 00:00:00','2015-02-02 00:00:00'),(157,'Mauritius','mauritius',1,'2015-02-02 00:00:00','2015-02-02 00:00:00'),(158,'Mayotte','mayotte',1,'2015-02-02 00:00:00','2015-02-02 00:00:00'),(159,'Mexico','mexico',1,'2015-02-02 00:00:00','2015-02-02 00:00:00'),(160,'Micronesia, Federated States of','micronesia-federated-states-of',1,'2015-02-02 00:00:00','2015-02-02 00:00:00'),(161,'Midway Islands','midway-islands',1,'2015-02-02 00:00:00','2015-02-02 00:00:00'),(162,'Miscellaneous (French)','miscellaneous-french',1,'2015-02-02 00:00:00','2015-02-02 00:00:00'),(163,'Moldova','moldova',1,'2015-02-02 00:00:00','2015-02-02 00:00:00'),(164,'Monaco','monaco',1,'2015-02-02 00:00:00','2015-02-02 00:00:00'),(165,'Mongolia','mongolia',1,'2015-02-02 00:00:00','2015-02-02 00:00:00'),(166,'Montenegro','montenegro',1,'2015-02-02 00:00:00','2015-02-02 00:00:00'),(167,'Montserrat','montserrat',1,'2015-02-02 00:00:00','2015-02-02 00:00:00'),(168,'Morocco','morocco',1,'2015-02-02 00:00:00','2015-02-02 00:00:00'),(169,'Mozambique','mozambique',1,'2015-02-02 00:00:00','2015-02-02 00:00:00'),(170,'Myanmar','myanmar',1,'2015-02-02 00:00:00','2015-02-02 00:00:00'),(171,'Namibia','namibia',1,'2015-02-02 00:00:00','2015-02-02 00:00:00'),(172,'Nauru','nauru',1,'2015-02-02 00:00:00','2015-02-02 00:00:00'),(173,'Navassa Island','navassa-island',1,'2015-02-02 00:00:00','2015-02-02 00:00:00'),(174,'Nepal','nepal',1,'2015-02-02 00:00:00','2015-02-02 00:00:00'),(175,'Netherlands','netherlands',1,'2015-02-02 00:00:00','2015-02-02 00:00:00'),(176,'Netherlands Antilles','netherlands-antilles',1,'2015-02-02 00:00:00','2015-02-02 00:00:00'),(177,'New Caledonia','new-caledonia',1,'2015-02-02 00:00:00','2015-02-02 00:00:00'),(178,'New Zealand','new-zealand',1,'2015-02-02 00:00:00','2015-02-02 00:00:00'),(179,'Nicaragua','nicaragua',1,'2015-02-02 00:00:00','2015-02-02 00:00:00'),(180,'Niger','niger',1,'2015-02-02 00:00:00','2015-02-02 00:00:00'),(181,'Nigeria','nigeria',1,'2015-02-02 00:00:00','2015-02-02 00:00:00'),(182,'Niue','niue',1,'2015-02-02 00:00:00','2015-02-02 00:00:00'),(183,'Norfolk Island','norfolk-island',1,'2015-02-02 00:00:00','2015-02-02 00:00:00'),(184,'Northern Mariana Islands','northern-mariana-islands',1,'2015-02-02 00:00:00','2015-02-02 00:00:00'),(185,'Norway','norway',1,'2015-02-02 00:00:00','2015-02-02 00:00:00'),(186,'Oman','oman',1,'2015-02-02 00:00:00','2015-02-02 00:00:00'),(187,'Pakistan','pakistan',1,'2015-02-02 00:00:00','2015-02-02 00:00:00'),(188,'Palau','palau',1,'2015-02-02 00:00:00','2015-02-02 00:00:00'),(275,'Palestinian Territory, Occupied','palestinian-territory-occupied',1,'2015-02-02 00:00:00','2015-02-02 00:00:00'),(189,'Palmyra Atoll','palmyra-atoll',1,'2015-02-02 00:00:00','2015-02-02 00:00:00'),(190,'Panama','panama',1,'2015-02-02 00:00:00','2015-02-02 00:00:00'),(191,'Papua New Guinea','papua-new-guinea',1,'2015-02-02 00:00:00','2015-02-02 00:00:00'),(192,'Paracel Islands','paracel-islands',1,'2015-02-02 00:00:00','2015-02-02 00:00:00'),(193,'Paraguay','paraguay',1,'2015-02-02 00:00:00','2015-02-02 00:00:00'),(194,'Peru','peru',1,'2015-02-02 00:00:00','2015-02-02 00:00:00'),(195,'Philippines','philippines',1,'2015-02-02 00:00:00','2015-02-02 00:00:00'),(196,'Pitcairn Islands','pitcairn-islands',1,'2015-02-02 00:00:00','2015-02-02 00:00:00'),(197,'Poland','poland',1,'2015-02-02 00:00:00','2015-02-02 00:00:00'),(198,'Portugal','portugal',1,'2015-02-02 00:00:00','2015-02-02 00:00:00'),(199,'Puerto Rico','puerto-rico',1,'2015-02-02 00:00:00','2015-02-02 00:00:00'),(200,'Qatar','qatar',1,'2015-02-02 00:00:00','2015-02-02 00:00:00'),(201,'R','r',1,'2015-02-02 00:00:00','2015-02-02 00:00:00'),(202,'Romania','romania',1,'2015-02-02 00:00:00','2015-02-02 00:00:00'),(203,'Russia','russia',1,'2015-02-02 00:00:00','2015-02-02 00:00:00'),(204,'Rwanda','rwanda',1,'2015-02-02 00:00:00','2015-02-02 00:00:00'),(205,'Saint Helena','saint-helena',1,'2015-02-02 00:00:00','2015-02-02 00:00:00'),(206,'Saint Kitts and Nevis','saint-kitts-and-nevis',1,'2015-02-02 00:00:00','2015-02-02 00:00:00'),(207,'Saint Lucia','saint-lucia',1,'2015-02-02 00:00:00','2015-02-02 00:00:00'),(208,'Saint Pierre and Miquelon','saint-pierre-and-miquelon',1,'2015-02-02 00:00:00','2015-02-02 00:00:00'),(209,'Saint Vincent and the Grenadines','saint-vincent-and-the-grenadines',1,'2015-02-02 00:00:00','2015-02-02 00:00:00'),(210,'Samoa','samoa',1,'2015-02-02 00:00:00','2015-02-02 00:00:00'),(211,'San Marino','san-marino',1,'2015-02-02 00:00:00','2015-02-02 00:00:00'),(212,'S','s',1,'2015-02-02 00:00:00','2015-02-02 00:00:00'),(213,'Saudi Arabia','saudi-arabia',1,'2015-02-02 00:00:00','2015-02-02 00:00:00'),(214,'Senegal','senegal',1,'2015-02-02 00:00:00','2015-02-02 00:00:00'),(215,'Serbia','serbia',1,'2015-02-02 00:00:00','2015-02-02 00:00:00'),(216,'Serbia and Montenegro','serbia-and-montenegro',1,'2015-02-02 00:00:00','2015-02-02 00:00:00'),(217,'Seychelles','seychelles',1,'2015-02-02 00:00:00','2015-02-02 00:00:00'),(218,'Sierra Leone','sierra-leone',1,'2015-02-02 00:00:00','2015-02-02 00:00:00'),(219,'Singapore','singapore',1,'2015-02-02 00:00:00','2015-02-02 00:00:00'),(220,'Slovakia','slovakia',1,'2015-02-02 00:00:00','2015-02-02 00:00:00'),(221,'Slovenia','slovenia',1,'2015-02-02 00:00:00','2015-02-02 00:00:00'),(222,'Solomon Islands','solomon-islands',1,'2015-02-02 00:00:00','2015-02-02 00:00:00'),(223,'Somalia','somalia',1,'2015-02-02 00:00:00','2015-02-02 00:00:00'),(224,'South Africa','south-africa',1,'2015-02-02 00:00:00','2015-02-02 00:00:00'),(225,'South Georgia and the South Sandwich Islands','south-georgia-and-the-south-sandwic',1,'2015-02-02 00:00:00','2015-02-02 00:00:00'),(226,'Spain','spain',1,'2015-02-02 00:00:00','2015-02-02 00:00:00'),(227,'Spratly Islands','spratly-islands',1,'2015-02-02 00:00:00','2015-02-02 00:00:00'),(228,'Sri Lanka','sri-lanka',1,'2015-02-02 00:00:00','2015-02-02 00:00:00'),(229,'Sudan','sudan',1,'2015-02-02 00:00:00','2015-02-02 00:00:00'),(230,'Suriname','suriname',1,'2015-02-02 00:00:00','2015-02-02 00:00:00'),(231,'Svalbard','svalbard',1,'2015-02-02 00:00:00','2015-02-02 00:00:00'),(232,'Swaziland','swaziland',1,'2015-02-02 00:00:00','2015-02-02 00:00:00'),(233,'Sweden','sweden',1,'2015-02-02 00:00:00','2015-02-02 00:00:00'),(234,'Switzerland','switzerland',1,'2015-02-02 00:00:00','2015-02-02 00:00:00'),(235,'Syria','syria',1,'2015-02-02 00:00:00','2015-02-02 00:00:00'),(236,'Taiwan','taiwan',1,'2015-02-02 00:00:00','2015-02-02 00:00:00'),(237,'Tajikistan','tajikistan',1,'2015-02-02 00:00:00','2015-02-02 00:00:00'),(238,'Tanzania','tanzania',1,'2015-02-02 00:00:00','2015-02-02 00:00:00'),(239,'Thailand','thailand',1,'2015-02-02 00:00:00','2015-02-02 00:00:00'),(17,'The Bahamas','the-bahamas',1,'2015-02-02 00:00:00','2015-02-02 00:00:00'),(88,'The Gambia','the-gambia',1,'2015-02-02 00:00:00','2015-02-02 00:00:00'),(240,'Togo','togo',1,'2015-02-02 00:00:00','2015-02-02 00:00:00'),(241,'Tokelau','tokelau',1,'2015-02-02 00:00:00','2015-02-02 00:00:00'),(242,'Tonga','tonga',1,'2015-02-02 00:00:00','2015-02-02 00:00:00'),(243,'Trinidad and Tobago','trinidad-and-tobago',1,'2015-02-02 00:00:00','2015-02-02 00:00:00'),(244,'Tromelin Island','tromelin-island',1,'2015-02-02 00:00:00','2015-02-02 00:00:00'),(245,'Tunisia','tunisia',1,'2015-02-02 00:00:00','2015-02-02 00:00:00'),(246,'Turkey','turkey',1,'2015-02-02 00:00:00','2015-02-02 00:00:00'),(247,'Turkmenistan','turkmenistan',1,'2015-02-02 00:00:00','2015-02-02 00:00:00'),(248,'Turks and Caicos Islands','turks-and-caicos-islands',1,'2015-02-02 00:00:00','2015-02-02 00:00:00'),(249,'Tuvalu','tuvalu',1,'2015-02-02 00:00:00','2015-02-02 00:00:00'),(250,'Uganda','uganda',1,'2015-02-02 00:00:00','2015-02-02 00:00:00'),(251,'Ukraine','ukraine',1,'2015-02-02 00:00:00','2015-02-02 00:00:00'),(252,'United Arab Emirates','united-arab-emirates',1,'2015-02-02 00:00:00','2015-02-02 00:00:00'),(253,'United Kingdom','united-kingdom',1,'2015-02-02 00:00:00','2015-02-02 00:00:00'),(254,'United States','united-states',1,'2015-02-02 00:00:00','2015-02-02 00:00:00'),(255,'United States Minor Outlying Islands','united-states-minor-outlying-island',1,'2015-02-02 00:00:00','2015-02-02 00:00:00'),(256,'Uruguay','uruguay',1,'2015-02-02 00:00:00','2015-02-02 00:00:00'),(257,'Uzbekistan','uzbekistan',1,'2015-02-02 00:00:00','2015-02-02 00:00:00'),(258,'Vanuatu','vanuatu',1,'2015-02-02 00:00:00','2015-02-02 00:00:00'),(259,'Venezuela','venezuela',1,'2015-02-02 00:00:00','2015-02-02 00:00:00'),(260,'Vietnam','vietnam',1,'2015-02-02 00:00:00','2015-02-02 00:00:00'),(261,'Virgin Islands','virgin-islands',1,'2015-02-02 00:00:00','2015-02-02 00:00:00'),(262,'Virgin Islands (UK)','virgin-islands-uk',1,'2015-02-02 00:00:00','2015-02-02 00:00:00'),(263,'Virgin Islands (US)','virgin-islands-us',1,'2015-02-02 00:00:00','2015-02-02 00:00:00'),(264,'Wake Island','wake-island',1,'2015-02-02 00:00:00','2015-02-02 00:00:00'),(265,'Wallis and Futuna','wallis-and-futuna',1,'2015-02-02 00:00:00','2015-02-02 00:00:00'),(266,'West Bank','west-bank',1,'2015-02-02 00:00:00','2015-02-02 00:00:00'),(267,'Western Sahara','western-sahara',1,'2015-02-02 00:00:00','2015-02-02 00:00:00'),(268,'Western Samoa','western-samoa',1,'2015-02-02 00:00:00','2015-02-02 00:00:00'),(269,'World','world',1,'2015-02-02 00:00:00','2015-02-02 00:00:00'),(270,'Yemen','yemen',1,'2015-02-02 00:00:00','2015-02-02 00:00:00'),(271,'Yugoslavia','yugoslavia',1,'2015-02-02 00:00:00','2015-02-02 00:00:00'),(272,'Zaire','zaire',1,'2015-02-02 00:00:00','2015-02-02 00:00:00'),(273,'Zambia','zambia',1,'2015-02-02 00:00:00','2015-02-02 00:00:00'),(274,'Zimbabwe','zimbabwe',1,'2015-02-02 00:00:00','2015-02-02 00:00:00'),(289,'vv','vv',1,'2015-06-10 13:43:49','2015-06-10 13:43:49');
/*!40000 ALTER TABLE `tbl_countries` ENABLE KEYS */;
UNLOCK TABLES;

--
-- Table structure for table `tbl_coupons`
--

DROP TABLE IF EXISTS `tbl_coupons`;
/*!40101 SET @saved_cs_client     = @@character_set_client */;
/*!40101 SET character_set_client = utf8 */;
CREATE TABLE `tbl_coupons` (
  `id` int(11) NOT NULL AUTO_INCREMENT,
  `slug` varchar(100) NOT NULL,
  `code` varchar(30) NOT NULL,
  `user_id` int(10) NOT NULL,
  `discount` float NOT NULL,
  `coupon_image` varchar(100) NOT NULL,
  `start_time` date NOT NULL,
  `end_time` date NOT NULL,
  `created` datetime NOT NULL,
  `status` enum('0','1') NOT NULL,
  PRIMARY KEY (`id`)
) ENGINE=InnoDB AUTO_INCREMENT=35 DEFAULT CHARSET=latin1;
/*!40101 SET character_set_client = @saved_cs_client */;

--
-- Dumping data for table `tbl_coupons`
--

LOCK TABLES `tbl_coupons` WRITE;
/*!40000 ALTER TABLE `tbl_coupons` DISABLE KEYS */;
INSERT INTO `tbl_coupons` VALUES (7,'zero','FREE12',0,10,'','2017-06-29','2017-07-31','2017-06-29 07:24:46','1'),(8,'zero-1499257391','DISCOUNT',0,21,'','2017-07-05','2017-07-31','2017-07-05 17:53:11','1'),(9,'150c','150c',0,50,'','2017-09-01','2017-09-28','2017-09-01 14:34:39','1'),(10,'zero-1504274291','HT10',0,10,'','2017-09-01','2017-09-15','2017-09-01 19:28:11','1'),(11,'100','100',0,10,'','2017-09-01','2017-09-05','2017-09-01 20:42:22','1'),(12,'20','20',0,10,'','2017-09-01','2017-09-13','2017-09-01 20:52:44','1'),(13,'30','30',0,30,'','2017-09-01','2017-09-16','2017-09-01 20:56:28','1'),(14,'zero-1505284652','BIG20',0,20,'','2017-09-13','2017-09-28','2017-09-13 12:07:32','1'),(15,'zero-1505368764','sdasd',0,10,'','2017-09-14','2017-09-29','2017-09-14 11:29:24','1'),(16,'zero-1505368806','CCCC',0,10,'','2017-09-14','2017-09-29','2017-09-14 11:30:06','1'),(19,'zero-1505369647','OFF20',41,20,'','2017-09-14','2017-09-30','2017-09-14 11:44:07','1'),(20,'zero-1505459997','FREE50',39,5,'','2017-09-16','2017-09-27','2017-09-15 12:49:57','1'),(21,'zero-1505552931','Code20',41,20,'','2017-09-16','2017-09-30','2017-09-16 14:38:51','1'),(22,'zero-1505735133','Bh20',41,20,'','2017-09-18','2017-09-29','2017-09-18 17:15:33','1'),(23,'zero-1505738123','BH05',41,5,'','2017-09-18','2017-09-29','2017-09-18 18:05:23','1'),(24,'zero-1505741361','RG1HOBPFCN',41,10,'','2017-09-18','2017-09-30','2017-09-18 18:59:21','1'),(25,'zero-1505972458','I07H6JLBI7',39,5,'','2017-09-29','2017-09-30','2017-09-21 11:10:58','1'),(26,'zero-1507009145','LAL6R8HF06',41,10,'','2017-10-03','2017-10-31','2017-10-03 11:09:05','1'),(27,'zero-1507009154','VX18O1MQRK',41,20,'','2017-10-03','2017-10-31','2017-10-03 11:09:14','1'),(28,'zero-1507023882','DISC10',0,50,'','2017-10-03','2017-10-31','2017-10-03 15:14:42','1'),(29,'zero-1507789593','L7FTG2U8S0',59,12,'','2017-10-18','2017-10-19','2017-10-12 11:56:33','1'),(30,'0x8rqejxjp','0X8RQEJXJP',59,12,'','2017-10-19','2017-10-19','2017-10-12 12:01:17','1'),(31,'zero-1511928173','M68I49NZE0',39,50,'','2017-11-29','2017-12-31','2017-11-29 09:32:53','1'),(32,'zero-1512022498','PAMINC8KY3',75,1,'','2017-12-29','2017-12-31','2017-11-30 11:44:58','1'),(33,'zero-1512383261','BLO0R0XA7Q',39,75,'','2017-12-04','2017-12-27','2017-12-04 15:57:41','1'),(34,'zero-1571092589','BTHAI00',124,5,'','2019-10-16','2019-10-19','2019-10-15 09:36:29','1');
/*!40000 ALTER TABLE `tbl_coupons` ENABLE KEYS */;
UNLOCK TABLES;

--
-- Table structure for table `tbl_cuisines`
--

DROP TABLE IF EXISTS `tbl_cuisines`;
/*!40101 SET @saved_cs_client     = @@character_set_client */;
/*!40101 SET character_set_client = utf8 */;
CREATE TABLE `tbl_cuisines` (
  `id` int(11) NOT NULL AUTO_INCREMENT,
  `name` varchar(255) CHARACTER SET utf8 DEFAULT NULL,
  `slug` varchar(255) CHARACTER SET utf8 NOT NULL,
  `status` tinyint(1) NOT NULL,
  `created` datetime NOT NULL,
  `modified` datetime NOT NULL,
  PRIMARY KEY (`id`)
) ENGINE=InnoDB AUTO_INCREMENT=70 DEFAULT CHARSET=latin1;
/*!40101 SET character_set_client = @saved_cs_client */;

--
-- Dumping data for table `tbl_cuisines`
--

LOCK TABLES `tbl_cuisines` WRITE;
/*!40000 ALTER TABLE `tbl_cuisines` DISABLE KEYS */;
INSERT INTO `tbl_cuisines` VALUES (38,'Indian','zero',1,'2017-06-27 11:25:53','0000-00-00 00:00:00'),(39,'Irish','zero-1498625582',1,'2017-06-28 06:53:02','0000-00-00 00:00:00'),(40,'Dominican','zero-1498625591',1,'2017-06-28 06:53:11','0000-00-00 00:00:00'),(41,'Mexican','zero-1498625598',1,'2017-06-28 06:53:18','0000-00-00 00:00:00'),(42,'Guyanese','zero-1498625607',1,'2017-06-28 06:53:27','0000-00-00 00:00:00'),(43,'Filipino','zero-1498625614',1,'2017-06-28 06:53:34','0000-00-00 00:00:00'),(44,'Romanian','zero-1498625622',1,'2017-06-28 06:53:42','0000-00-00 00:00:00'),(45,'Chinese','zero-1498625635',1,'2017-06-28 06:53:55','0000-00-00 00:00:00'),(46,'Korean','zero-1498625644',1,'2017-06-28 06:54:04','0000-00-00 00:00:00'),(47,'Italian','zero-1498625656',1,'2017-06-28 06:54:16','0000-00-00 00:00:00'),(48,'Brazilian','zero-1498625664',1,'2017-06-28 06:54:24','0000-00-00 00:00:00'),(49,'Greek','zero-1498625672',1,'2017-06-28 06:54:32','0000-00-00 00:00:00'),(50,'Indonesian','zero-1498625781',1,'2017-06-28 06:56:21','0000-00-00 00:00:00'),(51,'Spanish','zero-1498625799',1,'2017-06-28 06:56:39','0000-00-00 00:00:00'),(52,'French','zero-1498625809',1,'2017-06-28 06:56:49','0000-00-00 00:00:00'),(53,'Japanese','zero-1498625824',1,'2017-06-28 06:57:04','0000-00-00 00:00:00'),(54,'Thai','zero-1498625843',1,'2017-06-28 06:57:23','0000-00-00 00:00:00'),(55,'American','zero-1498817251',1,'2017-06-30 12:07:31','0000-00-00 00:00:00'),(56,'Kurdish','zero-1498890546',1,'2017-07-01 08:29:06','0000-00-00 00:00:00'),(57,'Latin American','zero-1499072572',1,'2017-07-03 11:02:52','0000-00-00 00:00:00'),(58,'Ethiopian','zero-1499144118',1,'2017-07-04 06:55:18','0000-00-00 00:00:00'),(59,'Hot Drinks','zero-1569219067',1,'2019-09-23 11:41:07','0000-00-00 00:00:00'),(60,'Cold Drinks','zero-1569219076',1,'2019-09-23 11:41:16','0000-00-00 00:00:00'),(61,'Breakfast','zero-1569220579',1,'2019-09-23 12:06:19','0000-00-00 00:00:00'),(62,'Burgers','zero-1569220794',1,'2019-09-23 12:09:54','0000-00-00 00:00:00'),(63,'Lunch','zero-1569221236',1,'2019-09-23 12:17:16','0000-00-00 00:00:00'),(64,'Deserts','zero-1569227266',1,'2019-09-23 13:57:46','0000-00-00 00:00:00'),(65,'Rice Menu','zero-1569227711',1,'2019-09-23 14:05:11','0000-00-00 00:00:00'),(66,'Ice Blended','zero-1569231118',1,'2019-09-23 15:01:58','0000-00-00 00:00:00'),(67,'Coffee box','zero-1569297164',1,'2019-09-24 09:22:44','0000-00-00 00:00:00'),(68,'Products','zero-1569298525',1,'2019-09-24 09:45:25','0000-00-00 00:00:00'),(69,'Wholesale','zero-1569298765',1,'2019-09-24 09:49:25','0000-00-00 00:00:00');
/*!40000 ALTER TABLE `tbl_cuisines` ENABLE KEYS */;
UNLOCK TABLES;

--
-- Table structure for table `tbl_delivery_charges`
--

DROP TABLE IF EXISTS `tbl_delivery_charges`;
/*!40101 SET @saved_cs_client     = @@character_set_client */;
/*!40101 SET character_set_client = utf8 */;
CREATE TABLE `tbl_delivery_charges` (
  `id` int(11) NOT NULL AUTO_INCREMENT,
  `slug` varchar(254) NOT NULL,
  `from_city_id` int(11) NOT NULL,
  `from_area_id` int(11) NOT NULL,
  `to_city_id` int(11) NOT NULL,
  `to_area_id` int(11) NOT NULL,
  `basic_charge` varchar(254) NOT NULL,
  `advance_charge` varchar(254) NOT NULL,
  `delivery_charge_limit` varchar(254) DEFAULT NULL,
  `status` tinyint(1) NOT NULL DEFAULT '0',
  `created` datetime NOT NULL,
  PRIMARY KEY (`id`)
) ENGINE=InnoDB AUTO_INCREMENT=2 DEFAULT CHARSET=latin1;
/*!40101 SET character_set_client = @saved_cs_client */;

--
-- Dumping data for table `tbl_delivery_charges`
--

LOCK TABLES `tbl_delivery_charges` WRITE;
/*!40000 ALTER TABLE `tbl_delivery_charges` DISABLE KEYS */;
INSERT INTO `tbl_delivery_charges` VALUES (1,'cart91050641498715892',43,58,43,54,'1','2','5',1,'2017-06-29 07:58:12');
/*!40000 ALTER TABLE `tbl_delivery_charges` ENABLE KEYS */;
UNLOCK TABLES;

--
-- Table structure for table `tbl_employee`
--

DROP TABLE IF EXISTS `tbl_employee`;
/*!40101 SET @saved_cs_client     = @@character_set_client */;
/*!40101 SET character_set_client = utf8 */;
CREATE TABLE `tbl_employee` (
  `employee_id` int(10) NOT NULL AUTO_INCREMENT,
  `first_name` varchar(255) NOT NULL,
  `last_name` varchar(255) NOT NULL,
  `salary` float(6,2) NOT NULL,
  `joining_date` datetime NOT NULL,
  `department` varchar(255) NOT NULL,
  PRIMARY KEY (`employee_id`)
) ENGINE=InnoDB AUTO_INCREMENT=5 DEFAULT CHARSET=latin1;
/*!40101 SET character_set_client = @saved_cs_client */;

--
-- Dumping data for table `tbl_employee`
--

LOCK TABLES `tbl_employee` WRITE;
/*!40000 ALTER TABLE `tbl_employee` DISABLE KEYS */;
INSERT INTO `tbl_employee` VALUES (1,'Bhuvanesh','Sharma',9999.99,'2017-07-05 00:00:00','HR'),(2,'Bhuvanesh','Sharma',9999.99,'2017-07-05 00:00:00','HR'),(3,'Bhuvanesh','Sharma',8999.99,'2017-07-05 00:00:00','HR'),(4,'Bhuvanesh','Sharma',9045.99,'2017-07-05 00:00:00','HR');
/*!40000 ALTER TABLE `tbl_employee` ENABLE KEYS */;
UNLOCK TABLES;

--
-- Table structure for table `tbl_favorite_menu`
--

DROP TABLE IF EXISTS `tbl_favorite_menu`;
/*!40101 SET @saved_cs_client     = @@character_set_client */;
/*!40101 SET character_set_client = utf8 */;
CREATE TABLE `tbl_favorite_menu` (
  `id` int(11) NOT NULL AUTO_INCREMENT,
  `slug` varchar(254) NOT NULL,
  `user_id` int(11) DEFAULT '0',
  `session_id` varchar(255) DEFAULT NULL,
  `menu_id` int(11) NOT NULL,
  `caterer_id` int(11) DEFAULT NULL,
  `created` datetime NOT NULL,
  PRIMARY KEY (`id`)
) ENGINE=InnoDB AUTO_INCREMENT=67 DEFAULT CHARSET=latin1;
/*!40101 SET character_set_client = @saved_cs_client */;

--
-- Dumping data for table `tbl_favorite_menu`
--

LOCK TABLES `tbl_favorite_menu` WRITE;
/*!40000 ALTER TABLE `tbl_favorite_menu` DISABLE KEYS */;
INSERT INTO `tbl_favorite_menu` VALUES (1,'like76091631505105971',NULL,'qcg09ovd7cv5udfdkjnak8s1h5',183,41,'2017-09-11 10:29:31'),(2,'like11503211505105974',NULL,'qcg09ovd7cv5udfdkjnak8s1h5',179,41,'2017-09-11 10:29:34'),(3,'like82411601505105977',NULL,'qcg09ovd7cv5udfdkjnak8s1h5',180,41,'2017-09-11 10:29:37'),(7,'like90338701505109873',NULL,'qcg09ovd7cv5udfdkjnak8s1h5',182,41,'2017-09-11 11:34:33'),(8,'like93199461505110327',45,'qcg09ovd7cv5udfdkjnak8s1h5',181,41,'2017-09-11 11:42:07'),(9,'like52194231505115324',NULL,'j1mgrja5bvuc5vonfmtquke8l4',134,30,'2017-09-11 13:05:24'),(10,'like10276761505115327',NULL,'j1mgrja5bvuc5vonfmtquke8l4',135,30,'2017-09-11 13:05:27'),(11,'like32390961505115328',NULL,'j1mgrja5bvuc5vonfmtquke8l4',137,30,'2017-09-11 13:05:28'),(12,'like12034781505115330',NULL,'j1mgrja5bvuc5vonfmtquke8l4',138,30,'2017-09-11 13:05:30'),(13,'like73611861505132271',NULL,'0qcogq134fqrjbhgu8pp07u0u7',183,41,'2017-09-11 17:47:51'),(14,'like72060931505132272',NULL,'0qcogq134fqrjbhgu8pp07u0u7',179,41,'2017-09-11 17:47:52'),(15,'like80303101505133970',45,'g393u7dfjfmd1vmrj5hvd83tl1',169,39,'2017-09-11 18:16:10'),(16,'like71530111505133972',45,'g393u7dfjfmd1vmrj5hvd83tl1',170,39,'2017-09-11 18:16:12'),(17,'like5180211505212647',45,'59ufhc7prd4brn95l94ait7cn6',183,41,'2017-09-12 16:07:27'),(18,'like60925291505285356',45,'0qcogq134fqrjbhgu8pp07u0u7',177,40,'2017-09-13 12:19:16'),(19,'like34628191505285357',45,'0qcogq134fqrjbhgu8pp07u0u7',178,40,'2017-09-13 12:19:17'),(20,'like57794641505385001',41,'0qcogq134fqrjbhgu8pp07u0u7',186,41,'2017-09-14 16:00:01'),(22,'like96423721505453002',NULL,'6b41u6halensnlntev7i9hsg95',183,41,'2017-09-15 10:53:22'),(23,'like10482971505457944',59,'rbq6i0k0pe8vrm5qa1jj9rmp92',177,40,'2017-09-15 12:15:44'),(26,'like36775451505543089',39,'9r5k4jid37c283jpi15ua162v3',150,35,'2017-09-16 11:54:49'),(27,'like41246881505543120',39,'9r5k4jid37c283jpi15ua162v3',107,10,'2017-09-16 11:55:20'),(28,'like59018571505543122',39,'9r5k4jid37c283jpi15ua162v3',108,10,'2017-09-16 11:55:22'),(29,'like97507781505543125',39,'9r5k4jid37c283jpi15ua162v3',109,10,'2017-09-16 11:55:25'),(30,'like42226141505544507',45,'0qcogq134fqrjbhgu8pp07u0u7',185,41,'2017-09-16 12:18:27'),(31,'like25135761505883252',NULL,'rbq6i0k0pe8vrm5qa1jj9rmp92',186,41,'2017-09-20 10:24:12'),(32,'like25094151505883260',NULL,'rbq6i0k0pe8vrm5qa1jj9rmp92',188,41,'2017-09-20 10:24:20'),(33,'like76609281505883411',45,'rbq6i0k0pe8vrm5qa1jj9rmp92',189,41,'2017-09-20 10:26:51'),(34,'like38455481506312470',5,'lplgki7vb2d3d580gh37o8co40',46,23,'2017-09-25 09:37:50'),(35,'like74142651506334440',39,'lplgki7vb2d3d580gh37o8co40',55,21,'2017-09-25 15:44:00'),(37,'like85848541506519233',41,'68ucobbmmoqd1up3pf0n2pldt6',43,23,'2017-09-27 19:03:53'),(38,'like74356821506685580',5,'j9hg5sgldb614oh9b265578ph1',134,30,'2017-09-29 17:16:20'),(39,'like39069971506685583',5,'j9hg5sgldb614oh9b265578ph1',135,30,'2017-09-29 17:16:23'),(40,'like39548621506685585',5,'j9hg5sgldb614oh9b265578ph1',137,30,'2017-09-29 17:16:25'),(41,'like20250751506685594',5,'j9hg5sgldb614oh9b265578ph1',138,30,'2017-09-29 17:16:34'),(42,'like23154661506685596',5,'j9hg5sgldb614oh9b265578ph1',136,30,'2017-09-29 17:16:36'),(43,'like70029961507108966',41,'v8im0elhuh5hui3l9khtuc5jh1',193,41,'2017-10-04 14:52:46'),(44,'like91903001507108987',41,'v8im0elhuh5hui3l9khtuc5jh1',192,41,'2017-10-04 14:53:07'),(53,'like47454941507799500',NULL,'mahkmc5b73545he0lker04b852',165,38,'2017-10-12 14:41:40'),(54,'like28054641507799512',NULL,'mahkmc5b73545he0lker04b852',164,38,'2017-10-12 14:41:52'),(55,'like13160451507799824',NULL,'mahkmc5b73545he0lker04b852',186,41,'2017-10-12 14:47:04'),(56,'like4100061507799838',NULL,'mahkmc5b73545he0lker04b852',189,41,'2017-10-12 14:47:18'),(57,'like77292251507800053',65,'mahkmc5b73545he0lker04b852',168,38,'2017-10-12 14:50:53'),(58,'like41273601507800375',NULL,'9igp7s91lsoveqg58no26le3f2',186,41,'2017-10-12 14:56:15'),(59,'like53051191507800397',NULL,'bh1vl4i2p0t5kd1f5io16s1q16',188,41,'2017-10-12 14:56:37'),(60,'like47131921507984245',68,'bnhnrrifrq78a0cftdv37jmli2',194,59,'2017-10-14 18:00:45'),(61,'like33477471568636469',102,'v9k6a5dh7njf3o56o9udl6mlc1',188,41,'2019-09-16 17:51:09'),(62,'like66057801568636504',102,'v9k6a5dh7njf3o56o9udl6mlc1',185,41,'2019-09-16 17:51:44'),(63,'like24514631568636510',102,'v9k6a5dh7njf3o56o9udl6mlc1',193,41,'2019-09-16 17:51:50'),(64,'like97431411569220046',NULL,'mjvgu16mqcn3lda1af691etdk7',186,41,'2019-09-23 11:57:26'),(65,'like91534971571225563',130,'eq80e75120dlm5fm3t7p648v67',282,124,'2019-10-16 22:32:43'),(66,'like42699191572405991',130,'4oh44g50f2mq6l8intunrsqjo5',399,124,'2019-10-30 14:26:31');
/*!40000 ALTER TABLE `tbl_favorite_menu` ENABLE KEYS */;
UNLOCK TABLES;

--
-- Table structure for table `tbl_main_order`
--

DROP TABLE IF EXISTS `tbl_main_order`;
/*!40101 SET @saved_cs_client     = @@character_set_client */;
/*!40101 SET character_set_client = utf8 */;
CREATE TABLE `tbl_main_order` (
  `id` int(10) NOT NULL AUTO_INCREMENT,
  `user_id` int(10) NOT NULL,
  `price` float(6,2) NOT NULL,
  `tax` float(6,2) NOT NULL,
  `delivery_charge` float(6,2) NOT NULL,
  `discount` float(6,2) NOT NULL,
  `delivery_type` varchar(255) NOT NULL,
  `status` enum('Pending','Cancel','Confirm','Modify','Delivered','Paid') NOT NULL,
  `cancel_by_user` tinyint(1) NOT NULL,
  `order_number` varchar(255) NOT NULL,
  `order_id` varchar(255) NOT NULL,
  `slug` varchar(255) NOT NULL,
  `created` datetime NOT NULL,
  `modified` datetime NOT NULL,
  PRIMARY KEY (`id`)
) ENGINE=InnoDB DEFAULT CHARSET=latin1;
/*!40101 SET character_set_client = @saved_cs_client */;

--
-- Dumping data for table `tbl_main_order`
--

LOCK TABLES `tbl_main_order` WRITE;
/*!40000 ALTER TABLE `tbl_main_order` DISABLE KEYS */;
/*!40000 ALTER TABLE `tbl_main_order` ENABLE KEYS */;
UNLOCK TABLES;

--
-- Table structure for table `tbl_mealtypes`
--

DROP TABLE IF EXISTS `tbl_mealtypes`;
/*!40101 SET @saved_cs_client     = @@character_set_client */;
/*!40101 SET character_set_client = utf8 */;
CREATE TABLE `tbl_mealtypes` (
  `id` int(10) NOT NULL AUTO_INCREMENT,
  `name` varchar(255) NOT NULL,
  `slug` varchar(255) NOT NULL,
  `status` int(10) NOT NULL DEFAULT '1',
  `created` datetime NOT NULL,
  PRIMARY KEY (`id`)
) ENGINE=InnoDB AUTO_INCREMENT=9 DEFAULT CHARSET=latin1;
/*!40101 SET character_set_client = @saved_cs_client */;

--
-- Dumping data for table `tbl_mealtypes`
--

LOCK TABLES `tbl_mealtypes` WRITE;
/*!40000 ALTER TABLE `tbl_mealtypes` DISABLE KEYS */;
INSERT INTO `tbl_mealtypes` VALUES (3,'Lunch','zero',1,'2017-09-04 15:49:09'),(4,'Dinner','zero-1504520360',1,'2017-09-04 15:49:20'),(5,'Breakfast','zero-1505365156',1,'2017-09-14 10:29:16'),(6,'Brunch','zero-1505365164',1,'2017-09-14 10:29:24'),(7,'Products','zero-1569297978',1,'2019-09-24 09:36:18'),(8,'Wholesale','zero-1569298064',1,'2019-09-24 09:37:44');
/*!40000 ALTER TABLE `tbl_mealtypes` ENABLE KEYS */;
UNLOCK TABLES;

--
-- Table structure for table `tbl_menu_item`
--

DROP TABLE IF EXISTS `tbl_menu_item`;
/*!40101 SET @saved_cs_client     = @@character_set_client */;
/*!40101 SET character_set_client = utf8 */;
CREATE TABLE `tbl_menu_item` (
  `id` int(15) NOT NULL AUTO_INCREMENT,
  `cuisines_id` varchar(200) CHARACTER SET utf8 COLLATE utf8_unicode_ci NOT NULL,
  `category_id` int(11) NOT NULL,
  `item_name` varchar(200) CHARACTER SET utf8 COLLATE utf8_unicode_ci NOT NULL,
  `price` double(18,2) NOT NULL,
  `image` varchar(200) NOT NULL,
  `deal` int(10) NOT NULL DEFAULT '0',
  `submenu` text NOT NULL,
  `preparation_time` int(10) NOT NULL,
  `description` text NOT NULL,
  `user_id` int(15) NOT NULL,
  `slug` varchar(200) CHARACTER SET utf8 COLLATE utf8_unicode_ci NOT NULL,
  `spicy` int(10) NOT NULL DEFAULT '0',
  `non_veg` int(10) NOT NULL DEFAULT '0',
  `status` enum('1','0','2') CHARACTER SET utf8 COLLATE utf8_unicode_ci NOT NULL DEFAULT '2',
  `created` datetime NOT NULL,
  PRIMARY KEY (`id`)
) ENGINE=MyISAM AUTO_INCREMENT=406 DEFAULT CHARSET=latin1;
/*!40101 SET character_set_client = @saved_cs_client */;

--
-- Dumping data for table `tbl_menu_item`
--

LOCK TABLES `tbl_menu_item` WRITE;
/*!40000 ALTER TABLE `tbl_menu_item` DISABLE KEYS */;
INSERT INTO `tbl_menu_item` VALUES (1,'38',0,'dfdsfdsfdsf',500.00,'',0,'sdfdsf dsf',1,'dfsf dsf',1,'dfdsfdsfdsf86925811498556820',0,0,'0','2017-06-27 11:47:00'),(2,'38',0,'Daal Bati',150.00,'',0,'dsfdsf',1,'asd dsf ds',2,'daal_bati35061481498565369',0,0,'0','2017-06-27 14:09:29'),(3,'39',0,'BTCC',150.00,'',0,'sd sad as',1,'sd',2,'btcc43616301498631083',0,0,'1','2017-06-28 08:24:43'),(4,'44',0,'Tuna Poke',17.00,'1505544904R150816.jpg.rendition.largest.ss (1).jpg',0,'',0,'Sesame oil, Radish, Nori Cracker',3,'tuna_poke41761491505544904',0,0,'1','2017-06-28 13:16:32'),(5,'41',0,'Yellowtail Sashimi',17.45,'1498648934o.jpg',0,'',1,'White soy, asian pear, cucumber, brown rice vinegar',3,'yellowtail_sashimi41748451498648934',0,0,'1','2017-06-28 13:22:14'),(6,'41',0,' Fried Oyster',14.00,'1498651479o (2).jpg',0,'',1,'Beef carpaccio, 1000 island, butter lettuce',3,'_fried_oyster19639301498651479',0,0,'1','2017-06-28 13:23:34'),(7,'55',0,'LOCAL BURRATA',17.00,'1505725175img_2337.jpg',0,'',0,'marinated werp farm beets, mache, mightyvine tomatoes, sweet miso vinaigrette, ohba',27,'local_burrata2215571505725175',0,0,'1','2017-06-30 12:10:58'),(8,'55',0,'GRILLED SPANISH OCTOPUS',18.00,'1505725099Octopus-300x300.jpg',0,'',0,'spanish style saffron rice, engilsh peas, housemade chorizo, charred lemon, served in a stone bowl',27,'grilled_spanish_octopus80514841505725099',0,0,'1','2017-06-30 12:12:32'),(9,'55',0,'THE DEARBORN \'MEZE\' PLATE',16.00,'1505725012af12a32a4bac3b0a7e5baca198d7767b--yogurt-recipes-cheese-recipes.jpg',0,'',0,'grape leaves, eggplant dip, white bean hummus, tabbouleh, fatoush salad',27,'the_dearborn_meze_plate95302431505725012',0,0,'1','2017-06-30 12:13:29'),(10,'55',0,'STEAMED MUSSELS',16.00,'1505724964crisco_mussels-l.jpg',0,'',0,'\'nduja, wine-butter, fresh herbs, grilled bread\r\n',27,'steamed_mussels20456001505724964',0,0,'1','2017-06-30 12:14:55'),(11,'55',0,'TORCHON OF HUDSON VALLEY FOIE GRAS',16.00,'1505724917foie_gras_raw.jpg',0,'',0,'fresh strawberries, honey milk, candied hazelnuts, parsley salad, brioche toast\r\n',27,'torchon_of_hudson_valley_foie_gras99916891505724917',0,0,'1','2017-06-30 13:22:49'),(12,'47',0,'LOCAL FARMS SALAD',12.00,'1505724853taco-salad-300x300.jpg',0,'',0,'hand-selected local finds from market today',27,'local_farms_salad5412921505724853',0,0,'1','2017-06-30 13:25:24'),(13,'49',0,'LITTLE GEM \'WEDGE\'',12.00,'1505724807efd640e5f2e8959052163f02b382a1a0--little-gem-lettuce-lettuce-recipes.jpg',0,'',0,'Michigan grown little gem lettuce, crispy bacon, blue cheese crumbles, soft-boiled egg, chive-buttermilk dressing',27,'little_gem_wedge70497821505724807',0,0,'1','2017-06-30 13:27:09'),(14,'47',0,'DUNGENESS CRAB SALAD',20.00,'1505724765exps40319_CFT1437887D23A.jpg',0,'',0,'avocado, fennel and cucmber salad, old bay, crème fraîche',27,'dungeness_crab_salad79046851505724765',0,0,'1','2017-06-30 13:28:52'),(15,'49',0,'HOUSEMADE PARMESAN GNOCCHI',18.00,'1505724595f2d09fc29c19234bf05ffd82a3d10929--easy-gnocchi-recipe-gnocchi-recipes.jpg',0,'',0,'morel mushrooms, english peas, charred tomatoes, snow peas, baby spinach, brown butter sauce\r\n',27,'housemade_parmesan_gnocchi49947251505724595',0,0,'1','2017-06-30 13:31:18'),(16,'49',0,'LAKE SUPERIOR WALLEYE',13.00,'1505724541f2bf2377d303d3e69067feda9a12f3bf--home-recipes-quick-recipes.jpg',0,'',0,'potato galette, wild ramps, fava beans, fiddlehead ferns, white & green asparagus, parsley sauce, crispy gobo',27,'lake_superior_walleye98910901505724541',0,0,'1','2017-06-30 13:39:03'),(17,'55',0,'APPLEWOOD SMOKED BACON',12.00,'1505727586c7cbb112a15ea8ad3056aae77c4af07b--breakfast-dishes-breakfast-ideas.jpg',0,'',0,'toasted brioche bun, mayo, scrambled eggs, n.y. cheddar, applewood smoked bacon',25,'applewood_smoked_bacon29058041505727586',0,0,'1','2017-06-30 13:48:54'),(18,'55',0,'THE SWEET HEAT',5.00,'1505727528carrots.jpg',0,'',0,'fried chcken on a whaaat? yes, on a glazed donut. spicy maple aioli',25,'the_sweet_heat39963181505727528',0,0,'1','2017-06-30 13:52:49'),(19,'40',0,'CHICKEN TENDERS',16.00,'1505727367exps45138_THCS1450750D27A.jpg',0,'',0,'BBQ and ranch dipping sauces',25,'chicken_tenders84839401505727367',0,0,'1','2017-06-30 13:55:37'),(20,'41',0,'THE SOUTHERN BURGER',12.00,'1505727304Black-eyed-peas-burgers-9-300x300.jpg',0,'',0,'chicken, bbq sauce, cole slaw',25,'the_southern_burger95343121505727304',0,0,'1','2017-06-30 13:56:36'),(21,'55',0,'FRIED CHICKEN SANDWICH',7.00,'15057272476399a5a69db0759b3729666de1f46448--fried-chicken-sandwich-chicken-sandwich-recipes.jpg',0,'',0,'crisp and flavorful, pickle, mayo, lettuce, bread & butter pickles\r\n',25,'fried_chicken_sandwich18295501505727247',0,0,'1','2017-06-30 13:57:25'),(22,'39',0,'THE 31ST STREET BURGER',11.00,'15057276548f5bab9020a8bbfdec5b381f8b5112a7--pork-tenderloin-sandwich-recipes-pork-sandwich.jpg',0,'',0,'chicken, spicy giardinera, provolone cheese\r\n',25,'the_31st_street_burger3524391505727654',0,0,'1','2017-06-30 13:58:18'),(23,'55',0,'Buttermilk Old Fashioned Donut',1.45,'150572699039764f622e5fa313987e2b25edb9f0e2.jpg',0,'',0,'the king of the classics, crunchy exterior, ring shaped with irregular edges, vanilla bean glaze',25,'buttermilk_old_fashioned_donut50778941505726990',0,0,'1','2017-06-30 13:59:28'),(24,'55',0,'Cinnamon Old Fashioned Donut',1.43,'1505726935SourCream_OldFashioned2-300x300.jpg',0,'',0,'rolled in cinnamon sugar',25,'cinnamon_old_fashioned_donut19937191505726935',0,0,'1','2017-06-30 13:59:59'),(25,'55',0,'Chocolate Old Fashioned Donut',1.66,'150572677520160706_221453.2016.jpg',0,'',0,'buttermilk old fashioned with chocolate glaze.',25,'chocolate_old_fashioned_donut3169191505726775',0,0,'1','2017-06-30 14:02:57'),(26,'55',0,'Vanilla Bean Glazed Donut',1.44,'1505726718sugary-and-buttery-maple-glazed-vanilla-bean-donuts-baked-yeast-doughnuts-thumb.jpg',0,'',0,'classic, pillowy yeast raised donut, real vanilla bean glaze',25,'vanilla_bean_glazed_donut13295981505726718',0,0,'1','2017-06-30 14:04:36'),(27,'44',0,'CREOLE CRAB CRUMPETS',18.00,'149882514929991459820_752379f000_z.jpg',0,'',0,'sunny side eggs. chili sauce. holy trinity',24,'creole_crab_crumpets50501871505730371',0,0,'1','2017-06-30 14:19:09'),(28,'49',0,'OMELETTE OF THE DAY',12.00,'1505730311ece5c9b49dc1c1717913983f728c3150.jpg',0,'',0,'ask your server about today\'s omelette',24,'omelette_of_the_day67023031505730311',0,0,'1','2017-06-30 14:20:46'),(29,'55',0,'REUBEN',12.00,'1505730267exps6602_RM1560C45C.jpg',0,'',0,'smoked corned beef. kimchi. kraut. havarti. special sauce pretzel rye',24,'reuben81497761505730267',0,0,'1','2017-06-30 14:23:25'),(30,'51',0,'PORK CEMITAS',11.00,'1505730229aabb1715528d4439e3c71573ec9786c6--crock-pot-sandwiches-french-dip-sandwiches.jpg',0,'',0,'yucatan spiced pork . pickled slaw . citrus mayo',24,'pork_cemitas22926991505730229',0,0,'1','2017-06-30 14:25:01'),(31,'46',0,'FISH TOSTADAS ',12.00,'1505730188Tilapia-Tostadas_exps83286_SD19999446B10_08_3bC_RMS.jpg',0,'',0,'crisp whitefish. avocado. shallot aioli. chickpeas onion salad. harissa vinaigrette',24,'fish_tostadas76127391505730188',0,0,'1','2017-06-30 14:26:17'),(32,'55',0,'GRILLED CHEESE',14.00,'1505728348The-Ultimate-Grilled-Cheese_EXPS_MRRMZ16_11861_D09_09_2b.jpg',0,'',0,'gjetost & cheddar. guanciale. apple-tomato relish. bacon gouda bread',24,'grilled_cheese61244501505728348',0,0,'1','2017-06-30 14:28:04'),(33,'53',0,'TONKATSU',12.00,'1505728297pork-tonkatsu-with-shiso-20160303014311513007w5c15w.jpg',0,'',0,'breaded pork cutlet. asian bbq. mayo. cabbage. white bread',24,'tonkatsu52437571505728297',0,0,'1','2017-06-30 14:32:18'),(34,'41',0,'PORK BELLY PANCAKE',16.00,'15057282380413GT-pancakes-okonomiyaki-628.jpg',0,'',0,'scallion pancake. house hoisin. bok choy salad. ginger maple dressing',24,'pork_belly_pancake63211051505728238',0,0,'1','2017-06-30 14:33:49'),(35,'49',0,'THE FAT CLUB SANDWICH',14.00,'15057281837b6c91d913bd6a75407397b58da907e1.jpg',0,'',0,'smoked turkey. ham. bacon. havarti. avocado. cabbage & tomato. mayo. special sauce. fat toast',24,'the_fat_club_sandwich11322201505728183',0,0,'1','2017-06-30 14:40:55'),(36,'49',0,'VEGGIE QUESADILLA ',12.00,'1505728028unnamed (3).jpg',0,'',0,'cheddar. eggplant caponata. chive yogurt. radish. queso fresco. sorrel',24,'veggie_quesadilla27930901505728028',0,0,'1','2017-06-30 14:42:57'),(37,'56',0,'Garbanzo bean Shilla',10.50,'1505726273exps45981_RM1784743D56A.jpg',0,'',0,'This delicious vegetarian dish is    Garbanzo beans simmered in a light broth with pure olive oil, curry and other Kurdish spices.',26,'garbanzo_bean_shilla27941731505726284',0,0,'1','2017-07-01 08:36:34'),(38,'56',0,'Kubey Sawar',12.50,'1505726243c65f95f94d5190ed62b941be3a2ccb05--pinwheel-recipes-food-to-make.jpg',0,'',0,'Crushed wheat made into a dough and filled with lean ground beef, spices, and onion then sauteed in olive oil. ',26,'kubey_sawar68656501505726243',0,0,'1','2017-07-01 08:38:27'),(39,'56',0,'Vegetarian Dolma',12.00,'150572618803b163bb8f9fba975e0b387ec90dee6c--vegetarian-thanksgiving-cooking-light.jpg',0,'',0,' A variety of vegetables (Cabbage, onion, and grape leaves) stuffed with rice, red lintles and special herbs. Steamed in fresh garlic, lemon and tomato juices.  ',26,'vegetarian_dolma49456031505726188',0,0,'1','2017-07-01 08:44:35'),(40,'56',0,'Sheik Babani',16.00,'1505726120Slow-Cooked-Salsa_exps10655_SSCM2468858A01_11_5bC_RMS.jpg',0,'',0,'This Kurdish delicacy is cored egg plant peeled in decorative stripes and filled with spicy meat and vegetables.  Served with a red sauce over Basmati rice. ',26,'sheik_babani76759881505726120',0,0,'1','2017-07-01 08:46:46'),(41,'56',0,'Bakla',4.00,'1505726024fa2e7d89dce6a4007af77402584cbaeb--kurdish-food-armenian-food.jpg',0,'',0,'Kurdish Sauté of mushrooms, broccoli, zucchini and onion in olive oil with pepper and other seasoning.',26,'bakla94869381505726024',0,0,'1','2017-07-01 08:52:38'),(42,'39',0,'Spring Onion Soup',6.00,'1505731171potato-and-spring-onion-soup.jpg',0,'',0,'with White Asparagus Custard',23,'spring_onion_soup79673141505731171',0,0,'1','2017-07-03 06:44:55'),(43,'55',0,'Risotto',12.50,'1505731104Shrimp-Risotto_exps50964_SD19999446C10_13_4bC_RMS.jpg',0,'',0,' with Rock Shrimp, Dungeness Crab, Spring Vegetables and Beech Mushrooms',23,'risotto51949291505731116',0,0,'1','2017-07-03 06:45:59'),(44,'39',0,'Treviso and Romaine Salad',1.43,'1505731047exps96300_SD2847494D02_26_4b_WEB.jpg',0,'',0,'with Olives, Anchovies, Banyuls Vinaigrette and Parmigiano-Reggiano',23,'treviso_and_romaine_salad86934121505731047',0,0,'1','2017-07-03 06:48:43'),(45,'55',0,'Salt Cured Foie Gras Torchon',12.00,'15057309991fc51ebf08a42f0b79e88a841ae0c056--fois-gras-french-food.jpg',0,'',0,' with Meyer Lemon Compote, Toasted Pistachios and Country Bread',23,'salt_cured_foie_gras_torchon35600441505730999',0,0,'1','2017-07-03 06:50:16'),(46,'55',0,'Seared Ahi Tuna',1.43,'150573094681eeab1fded1926ce7fa6dde8a58dc0e.jpg',0,'',0,' with Avocado, Nori, Enoki Mushrooms and Lemon Soy Dressing',23,'seared_ahi_tuna57441521505730956',0,0,'1','2017-07-03 06:51:11'),(47,'47',0,'Marinated Castelvetrano Olives',14.00,'1505733103e578de910ce3700a16e8bfdcf34d7743.jpg',0,'',0,'Citrus & Fennel',22,'marinated_castelvetrano_olives60445951505733103',0,0,'1','2017-07-03 06:59:38'),(48,'41',0,'Dungeness Crab Arancini ',14.00,'150573301663009d063d6325861d47c9da33f8e37a.jpg',0,'',0,'calabrese aioli',22,'dungeness_crab_arancini19937791505733016',0,0,'1','2017-07-03 07:01:20'),(49,'47',0,'Beef Carpaccio ',14.00,'1505732653df82432f8237aed17c6c10189f29830d.jpg',0,'',0,'arugula, parmesan & capers',22,'beef_carpaccio95571161505732653',0,0,'1','2017-07-03 07:06:29'),(50,'47',0,'Herb Onion Bread',12.50,'150573230931aa9621b5f57e5f4d03266826a10ba7--bubble-bread-monkey-bread.jpg',0,'',0,'extra virgin olive oil',22,'herb_onion_bread45908161505732309',0,0,'1','2017-07-03 07:08:11'),(51,'47',0,'Heirloom Cherry Tomato ',12.00,'1505732274189fac6f30a608e041bd459add4aa956.jpg',0,'',0,'ricotta, pesto & scamorza',22,'heirloom_cherry_tomato36959211505732274',0,0,'1','2017-07-03 07:10:09'),(52,'50',0,'Branzini',13.00,'1505733592eb0b157cc886689801753ca0b70baeca--swordfish-recipes-grilled-swordfish.jpg',0,'',0,' with Fennel Purée, Niçoise Olives and Saffron-Orange Emulsion ',21,'branzini29693401505733592',0,0,'1','2017-07-03 07:22:45'),(53,'50',0,'Coriander, Black Pepper and Rosemary Crusted Tuna',17.00,'1505733556unnamed (4).jpg',0,'',0,' with Pipérade, Spinach and Anchovy-Garlic Essence',21,'coriander_black_pepper_and_rosemar71462171505733556',0,0,'1','2017-07-03 07:23:50'),(54,'50',0,'Pan Seared Bass',15.00,'1505733521fd75dfad35eca27bf65ebbb5dab4832b.jpg',0,'',0,'with Eggplant-Fennel Marmalade, Broccoli Rabe, Shiitake Mushrooms and Soy-Mustard Glaze',21,'pan_seared_bass14250141505733521',0,0,'1','2017-07-03 07:29:09'),(55,'43',0,'Pan Seared Scallops',16.00,'1505733469b6c68e53bc1cfc87d16d115ea1361a63.jpg',0,'',0,'with English Pea-Mint Purée, Asparagus, Fava Beans and Beech Mushrooms',21,'pan_seared_scallops96646221505733469',0,0,'1','2017-07-03 07:37:30'),(56,'43',0,'Horseradish Crusted Salmon Medallion',19.00,'1505733408c08e7c95b15e01673884c322c0fa26d1--potato-latkes-potato-pancakes.jpg',0,'',0,'with Dilled Cucumbers and Mustard Sauce',21,'horseradish_crusted_salmon_medallio82509581505733408',0,0,'1','2017-07-03 07:40:57'),(57,'54',0,'Herb Crusted Loin of Lamb',14.00,'1505734541herb-crusted-leg-of-lamb-with-potatoes-recipe-1.jpg',0,'',0,' with Spring Vegetable Tian and Polenta',20,'herb_crusted_loin_of_lamb54904011505734541',0,0,'1','2017-07-03 07:44:43'),(58,'48',0,'Seared Filet of Beef',14.00,'1505734370c1678cd5b3b4121fcd10e7df2424c54b.jpg',0,'',0,'with Potato Gnocchi, Olive Oil, Swiss Chard and Stilton Butter',20,'seared_filet_of_beef91268951505734370',0,0,'1','2017-07-03 07:46:24'),(59,'55',0,' Juniper Crusted Bison',12.00,'150573433115f427b74cd68b2e920b98b88fbf6fa4.jpg',0,'',0,' with King Trumpet Mushrooms, Cipollini Onions and Wild Nettle Spätzle',20,'_juniper_crusted_bison27899181505734331',0,0,'1','2017-07-03 07:47:31'),(60,'48',0,'Roasted Quail Stuffed',12.50,'1505734580unnamed (5).jpg',0,'',0,'with Mushroom Ragout, Leeks, Quinoa and Foie Gras with Baby Artichokes and Green Garlic',20,'roasted_quail_stuffed64865151505734580',0,0,'1','2017-07-03 07:57:57'),(61,'55',0,'Roasted Pork Tenderloin',11.00,'1505734296ss_R151576.jpg',0,'',0,'with Spring Onions, Piquillo Peppers, Pickled Ramps and Peas',20,'roasted_pork_tenderloin78006151505734296',0,0,'1','2017-07-03 07:59:51'),(62,'55',0,'Chopped Chicken Liver',11.95,'15057353284bbe4366a58ff4d9c8a532a5fb7c7157--cajun-rice-dish-recipes-with-chicken-broth.jpg',0,'',0,'with Salted Butter & Toast',19,'chopped_chicken_liver42270111505735382',0,0,'1','2017-07-03 08:03:53'),(63,'55',0,'Raw Vegetable Salad',10.95,'1505735255exps1021_TH1428C59.jpg',0,'',0,'with Apple & Blue Cheese',19,'raw_vegetable_salad96725541505735255',0,0,'1','2017-07-03 08:07:30'),(64,'39',0,'Chili Con Carne',9.95,'1505735061exps27908_HFBZ1081941D17.jpg',0,'',0,'with Corn Chips',19,'chili_con_carne80965541505735061',0,0,'1','2017-07-03 08:08:55'),(65,'39',0,'General Jane’s Honey-Fried Chicken',17.00,'150573487454f6c2f62baa8_-_4-momofuku-noodle-bar-new-york-ny-lg.jpg',0,'',0,'with Chili, Sesame Seeds & Cilantro',19,'general_jane_s_honey_fried_chicke71149381505734874',0,0,'1','2017-07-03 08:11:09'),(66,'55',0,'Griddled Bratwurst',13.95,'1505734839exps40689_CFT1437882B03132b.jpg',0,'',0,' with Smashed Potatoes & Roasted Garlic Gravy',19,'griddled_bratwurst73883891505734839',0,0,'1','2017-07-03 08:13:47'),(67,'49',0,'Hamachi Crudo',14.00,'1505735716044587c05248bc1616f2450305f0ef35--island-sushi-las-vegas.jpg',0,'',0,'Crisp Pork Belly. Chili Aioli. Caperberries.\r\n',18,'hamachi_crudo83092581505735716',0,0,'1','2017-07-03 08:25:11'),(68,'40',0,'Escargot Ravioli',16.00,'1505735687702baa43f60aaf7bb6f5ccaa1bdc26c0--escargot-recipe-crab-recipes.jpg',0,'',0,'Bacon Tamarind Sauce. Escarole and Celery. Crispy Onions\r\n',18,'escargot_ravioli64650321505735687',0,0,'1','2017-07-03 08:26:31'),(69,'55',0,'Calamari Bruschetta',12.00,'1505735655ab6339d2060cf7b3a108c25cfcec65f1--steampunk-primers.jpg',0,'',0,'Clam Baguette. Goat Milk Ricotta. Goat Bacon. Green Tomatoes. \r\n',18,'calamari_bruschetta74045421505735655',0,0,'1','2017-07-03 08:29:03'),(70,'40',0,'Seared Diver Scallops',11.56,'1505735617ddd798e5fe67fe4298f524ca5a0ae1e9--sea-scallops-baked-scallops.jpg',0,'',0,'English pea-Quinoa \"tabbouleh\" . Tahini Vinaigrette . Chinese Sausage.',18,'seared_diver_scallops44743551505735617',0,0,'1','2017-07-03 08:30:42'),(71,'55',0,'Pan Roasted Halibut',11.00,'15057355523cee03f16e025a4c4456f628550bf95f_M.jpg',0,'',0,'Marcona Almond Butter. White Asparagus. Blueberry Nuoc Cham.',18,'pan_roasted_halibut84803811505735552',0,0,'1','2017-07-03 08:34:04'),(72,'55',0,'AIRLINE CHICKEN BREAST',25.00,'150573766654ef80419713b_-_apple-stuffed-chicken-lg.jpg',0,'',0,'Summer Vegetable Hash, Rosemary Carrot Puree, Cherry Jus',17,'airline_chicken_breast45922141505737666',0,0,'1','2017-07-03 08:47:35'),(73,'55',0,'ZUCCHINI + SQUASH LASAGNA',14.00,'1505737586unnamed (6).jpg',0,'',0,'Buttermilk Fried Okra, Asparagus, Tomato',17,'zucchini_squash_lasagna70593501505737586',0,0,'1','2017-07-03 09:01:12'),(74,'40',0,'IMPERIAL WAGYU NEW YORK',12.50,'1505737547DG9iMCAXsAIuXiY.jpg',0,'',0,'Roasted New Potatoes, Creamed Spinach, Tomato Bearnaise',17,'imperial_wagyu_new_york15628761505737547',0,0,'1','2017-07-03 09:12:01'),(75,'55',0,'BURGER + FRIES',14.00,'1505736639012.jpg',0,'',0,'Wagyu Beef, White Cheddar, Bacon, LTO',17,'burger_fries80890721505736639',0,0,'1','2017-07-03 09:14:25'),(76,'55',0,'HIRAMASA CRUDO',23.00,'15057365889b5413fa13c9390cf3da8f61c6d20350--sushi-lunch-taste-food.jpg',0,'',0,'Charred Piquillo, Lemon Cucumbers, Fennel, Fried Garlic\r\n',17,'hiramasa_crudo96520631505736588',0,0,'1','2017-07-03 09:15:56'),(77,'53',0,' HAKATA TONKOTSU',10.99,'1505738233unnamed (7).jpg',0,'',0,'with rich pork broth, simmered pork belly, soft boiled egg, green onions, kikurage mushroom and bean sprout.',16,'_hakata_tonkotsu92896081505738233',0,0,'1','2017-07-03 09:25:11'),(78,'53',0,'HAKATA DX',14.99,'1505738198HakataGensuke_ChrisTerlikar_BluebonnetBBQ_Melbourne_HoodFoodGuide_Whats_Good_Wednesdays-300x300.jpg',0,'',0,'with rich pork broth, braised pork belly, soft boiled\r\negg, corn, green onions, kikurage mushroom and bean sprouts.',16,'hakata_dx40810071505738198',0,0,'1','2017-07-03 09:26:42'),(79,'53',0,'CHICKEN PAITAN',12.50,'1505738078a14.jpg',0,'',0,'with rich white \"Paitan\" broth, chicken chashu, soft boiled egg, green onions, kikurage mushroom and bean sprouts',16,'chicken_paitan67881791505738078',0,0,'1','2017-07-03 09:28:09'),(80,'53',0,'CHASHU BOWL',3.50,'1505738029ramen-one.jpg',0,'',0,'Copped pork belly over rice',16,'chashu_bowl30140521505738029',0,0,'1','2017-07-03 09:29:23'),(81,'53',0,'CHICKEN KARRAGE',12.50,'1505737981chicken-karaage-3-300x300.jpg',0,'',0,'Japanese style fried chicken',16,'chicken_karrage6398621505737981',0,0,'1','2017-07-03 09:31:25'),(82,'54',0,'Gaprow Gai',11.56,'150573862485fcd0be38530a1e0e19647ee378d181--pad-krapow-pad-see-ew.jpg',0,'',0,'Traditional saute minced chicken with Thai basil and Thai chili. With fried egg add $3.00.',15,'gaprow_gai77834561505738624',0,0,'1','2017-07-03 09:38:23'),(83,'54',0,'Prik Khing Gai',12.00,'15057385995f4c6a5975a06ba68a982b66e3fe3df6--thai-chicken-satay-bbq-skewers (1).jpg',0,'',0,'House made ginger-chili paste, green bean and julienned chicken. Substitute crispy pork belly $ 4.00.',15,'prik_khing_gai28112251505738599',0,0,'1','2017-07-03 09:40:40'),(84,'54',0,'Ka Na Moo Grob',14.00,'15057385495e82fa53a1de780a378128c8c0c098c7--pork-tenderloin-recipes-pork-recipes.jpg',0,'',0,'Wok-fried crispy pork belly and Chinese broccoli.',15,'ka_na_moo_grob76774791505738549',0,0,'1','2017-07-03 09:43:07'),(85,'54',0,'Mu Prik Kang',11.00,'15057385085f4c6a5975a06ba68a982b66e3fe3df6--thai-chicken-satay-bbq-skewers.jpg',0,'',0,'Fall off pork spare ribs stir fried with green chili paste, lesser galangal, peppercorn and basil.',15,'mu_prik_kang59291261505738508',0,0,'1','2017-07-03 09:45:59'),(86,'54',0,'Choo Chee Goong',16.00,'1505738469choo-chee-chicken-recipe-curry-thai-ft-300x300.jpg',0,'',0,'Grilled tiger prawns top with reduced red curry, kaffir lime leave and pepper.',15,'choo_chee_goong3310671505738469',0,0,'1','2017-07-03 09:47:17'),(87,'38',0,'Dal Makhani',12.00,'1505724359dal-makhani-300x300.jpg',0,'',0,'Black lentils, kidney beans. Tomatoes and butter.',28,'dal_makhani46104701505724359',0,0,'1','2017-07-03 10:48:18'),(88,'38',0,'Paneer Butter Masala',14.00,'1505724314PANEER-BUTTER-MASALA-2.jpg',0,'',0,'Cottage cheese, onions, bell peppers, tomato and cream based sauce.',28,'paneer_butter_masala69780161505724314',0,0,'1','2017-07-03 10:53:08'),(89,'38',0,'Malai Kofta',12.00,'1505724198kofta-300x300.png',0,'',0,'Vegetable dumplings, creamy cashew onion sauce.',28,'malai_kofta99698821505724198',0,0,'1','2017-07-03 10:56:53'),(90,'38',0,'Butter Chicken',15.00,'1505724128butter-chicken-by-r-john-moti-mahal-dary-201608170420164280299eg21.jpg',0,'',0,'Classic, cooked in tomato based sauce made with fragrant spices, butter and cream.',28,'butter_chicken22202951505724128',0,0,'1','2017-07-03 10:58:04'),(91,'38',0,'Soya Biryani',12.00,'1505724053Soya-Kheema-Biryani-300x300.jpg',0,'',0,'Rich in protein, combination of rice and soya cooked with spices.',28,'soya_biryani43526431505724053',0,0,'1','2017-07-03 10:59:24'),(92,'57',0,'TACOREA TACO x 4',10.99,'1499072679Salsa-Verde-Chicken-Tacos-a-healthy-slow-cooker-chicken-recipe.jpg',0,'',1,'Choice of meat, Salsa Verde, Cilantro, Diced Onions, Green Onions, Queso Cotija on Corn Tortilla',14,'tacorea_taco_x_475572191499072679',0,0,'1','2017-07-03 11:04:39'),(93,'41',0,'TACOREA KIMCHI BURRITO',9.50,'14990727448fcc5a103c6ef005a292a94e5c96b359.jpg',0,'',1,'Tangy Spicy Pork, Sautéed Kimchi, Spanish Rice, Shredded Cheese, Lettuce, Hot Salsa, Pico de Gallo',14,'tacorea_kimchi_burrito91841151499072744',0,0,'1','2017-07-03 11:05:44'),(94,'41',0,'TATER TOT NACHOS',9.50,'1499073140tater-tot-nachos.jpg',0,'',1,'Choice of meat, Cheese, Hot Salsa, Guacamole, Pico de Gallo, Crema, Queso Cotija',14,'tater_tot_nachos16944291499073140',0,0,'1','2017-07-03 11:12:20'),(95,'41',0,'PORK BOWL & FRIED EGG',10.95,'15057388382c4e2d89aec8a4577f09f4053b7b7290--entree-recipes-seafood-recipes.jpg',0,'',0,'Tangy Spicy Pork over bed of Rice and Lettuce topped off w/ Sunny Side Up Egg',14,'pork_bowl_fried_egg40000551505738838',0,0,'1','2017-07-03 11:22:16'),(96,'57',0,'CHEESY QUESADILLA',13.00,'1505738773Cheesey-Quesadilla-oceangrillejax-300x300.jpg',0,'',0,'Choice of meat & Shredded Cheese folded on Tortilla w/ side of Guacamole & Crema, Lettuce, Chips & Salsa',14,'cheesy_quesadilla41325431505738773',0,0,'1','2017-07-03 11:23:20'),(97,'47',0,'Hog Island Oyster',10.00,'1499080227thumb_600.jpg',0,'',1,'Kohlrabi Kraut & Sesame',12,'hog_island_oyster15448131499080227',0,0,'1','2017-07-03 13:10:27'),(98,'39',0,'Guinea Hen Dumpling',12.50,'1505740416exps179666_TH153343D04_22_2b.jpg',0,'',0,'with Aromatic Broth',12,'guinea_hen_dumpling51555781505740416',0,0,'1','2017-07-03 13:13:49'),(99,'47',0,'Silken Tofu ',12.50,'15057403675400f8eca94e25192fe3a473dde5e07b--red-sauce-red-pepper-sauce.jpg',0,'',0,'with Pickled Ramps, Manila Clams & Aged Tamari',12,'silken_tofu18153071505740367',0,0,'1','2017-07-03 13:18:31'),(100,'39',0,'Daikon Fries',12.00,'1505740227219ffe93fdf4c4af938951fd39645523--idaho-potatoes-russet-potatoes.jpg',0,'',0,'with Kimchi Emulsion',12,'daikon_fries55005461505740227',0,0,'1','2017-07-03 13:19:52'),(101,'40',0,'Lamb Merguez',4.99,'1505740160pumpkin-lentil-feta-salad-with-merguez-sausages.300x300.jpg',0,'',0,'with Long Pepper Yogurt & Zucchini',12,'lamb_merguez49837191505740160',0,0,'1','2017-07-03 13:21:23'),(102,'47',0,'Kale Salad',12.50,'1505741710Massaged-Kale-Salad-pin-bottom-300x300.jpg',0,'',0,'Gaja Apples, Caramelized Pecans, Cotija Cheese, Roasted Garlic Shallots and Lime Vinagrette',11,'kale_salad11276691505741710',0,0,'1','2017-07-03 13:37:03'),(103,'52',0,'Croissant French Toast',13.65,'1505741679be253cd4af1542ef5a55c3cd0cd0fcb4--croissant-french-toast-pecan-recipes.jpg',0,'',0,'Maple Syrup and Mixed Berries',11,'croissant_french_toast97340261505741679',0,0,'1','2017-07-03 13:40:07'),(104,'47',0,'Panko Avocado Taco',11.00,'150574165033259a10b56de12016945938a51e92be--baked-tilapia-recipes-baked-fish.jpg',0,'',0,'on Flour Tortilla Oaxaca Cheese, Caramelized Onions, Anaheim Peppers',11,'panko_avocado_taco78988041505741650',0,0,'1','2017-07-03 13:42:48'),(105,'47',0,'Ceviche',16.00,'1505741616gulf-coast-ceviche-recipe-1.jpg',0,'',0,'Shrimp and Rock Fish Citrus Roasted Pepper Sauce, Avocado and Salted Peppercorns',11,'ceviche56955901505741616',0,0,'1','2017-07-03 13:45:13'),(106,'47',0,'Guacamole',14.00,'1505741573guacamole-550T-300x300.jpg',0,'',0,'with Cotija Cheese and Fresh Tortilla Chips',11,'guacamole41928451505741573',0,0,'1','2017-07-03 13:47:01'),(107,'40',0,'Roasted Asparagus',11.33,'1499083964Grilled-Prosciutto-Asparagus_exps87403_WTH1999635A11_18_4bC_RMS.jpg',0,'',1,'Fonduta, Prosciutto ',10,'roasted_asparagus71289111499083964',0,0,'1','2017-07-03 14:12:44'),(108,'40',0,'Chicken Polpettine',11.32,'1499084082lemon-tarragon-polpette-recipe.1024x1024.jpg',0,'',1,'with Spicy Tomato Sauce ',10,'chicken_polpettine64877641499084082',0,0,'1','2017-07-03 14:14:42'),(109,'39',0,'Soft Shell Crab',12.32,'1499084755575eb4611500002b0073a2f0.jpeg',0,'',1,'with Pickled Peppers, Cherry Tomates, Caper Aioli.',10,'soft_shell_crab26684851499084755',0,0,'1','2017-07-03 14:25:55'),(110,'47',0,'Spaghettini',11.25,'1499085256spaghetti-shroom-qfs-xl.jpg',0,'',1,'with Clams, Chili, Lemon, Pangratatto ',10,'spaghettini11918571499085256',0,0,'1','2017-07-03 14:34:16'),(111,'47',0,'Focaccia',8.05,'1499085438focaccia_08389_16x9.jpg',0,'',1,'with Olive Tapenade ',10,'focaccia76807871499085438',0,0,'1','2017-07-03 14:37:18'),(112,'49',0,'Smoked Trout',17.00,'1499086382201102-xl-smoked-trout-and-caper-cream-cheese-toasts.jpg',0,'',1,'Blue Lake Beans, Almonds, Lemon Caper Butter Sauce and Roe\r\n',9,'smoked_trout16753601499086382',0,0,'1','2017-07-03 14:52:50'),(113,'54',0,'Squid Ink Spaghetti',12.50,'14990864492013-10-16-squidink5-thumb-625xauto-359953.jpg',0,'',1,'Bacon, Cherry Tomatoes, Basil and Pecorino\r\n',9,'squid_ink_spaghetti86200281499086449',0,0,'1','2017-07-03 14:54:09'),(114,'54',0,'Moroccan Vegetable Tagine',12.50,'14990865333415-1.jpg',0,'',1,'Toasted Almonds and Lemon Yogurt\r\n',9,'moroccan_vegetable_tagine34169141499086533',0,0,'1','2017-07-03 14:55:33'),(115,'49',0,'Grilled Broccoli',9.50,'1499086663grilled-broccoli-DSC_77291.jpg',0,'',1,'Lemon, Anchovy and Breadcrumbs',9,'grilled_broccoli26739161499086663',0,0,'1','2017-07-03 14:57:43'),(116,'49',0,'Warm Goat Cheese',12.50,'1499086769ig0703_salad2.jpg.rend.hgtvcom.616.462.jpeg',0,'',1,'Strawberries, Blueberries and Crostini',9,'warm_goat_cheese49596761499086769',0,0,'1','2017-07-03 14:59:29'),(117,'39',0,'Duck Liver Toast',11.32,'1499087143duck-liver-toast.jpg',0,'',1,'with Jalapeno, Pickled Pineapple',3,'duck_liver_toast34806221499087143',0,0,'1','2017-07-03 15:05:43'),(118,'41',0,'Romano Bean Katsu',11.20,'1505545752b18edfcf3f9b602b2f068713cd4195dd.jpg',0,'',0,'with Shishitos, Wasabi Mayo, Ginger ',3,'romano_bean_katsu28286591505545752',0,0,'1','2017-07-03 15:07:39'),(119,'55',0,'Crispy Salt Cod',10.00,'15057134239d004df90d84e4e9dcdafc1ee37edd89.jpg',0,'',0,'with Smoked Cauliflower and Pickled Red Onion',33,'crispy_salt_cod37574781505713423',0,0,'1','2017-07-04 11:12:45'),(120,'58',0,'Grilled Rabbit Sausage',10.00,'150571328594a77f444425cbbed88c89fe92f17728--regency-era-cumberland-sausage.jpg',0,'',0,'with Fennel Mostarda and Marinated Radicchio',33,'grilled_rabbit_sausage28483251505713285',0,0,'1','2017-07-04 11:15:46'),(121,'58',0,'Garlic Knots',11.00,'1505713227Pepperoni_Garlic_Knots_Recipe_Fifteen_Spatulas_-300x300.jpg',0,'',0,'with Bagna Cauda and Parsley ',33,'garlic_knots16545271505713227',0,0,'1','2017-07-04 11:17:12'),(122,'55',0,'Seaweed Sourdough',15.00,'1505713170wpid-img_20140506_080944.jpg',0,'',0,'with Ciccioli, Pickled Fennel Stems',33,'seaweed_sourdough90766531505713198',0,0,'1','2017-07-04 11:19:02'),(123,'58',0,'Red Fife Sourdough',16.00,'1505713132ef7936dac4b39ad56fe21e891d9d5e88--baking-school-bread-head.jpg',0,'',0,'with English Pea Sformato, Pea Shoots, Pecorino Romano, Marcona Almonds',33,'red_fife_sourdough56283501505713132',0,0,'1','2017-07-04 11:21:29'),(124,'39',0,'Oysters Rockefeller',12.99,'1505714911Oysters-Rockefeller-by-Noshing-With-The-Nolands-3-Small1-300x300.jpg',0,'',0,'Roaring Point oysters, sautéed spinach, garlic butter, Parmesan, lemon',32,'oysters_rockefeller85380701505714911',0,0,'1','2017-07-04 11:26:14'),(125,'39',0,'Clams Casino',10.99,'1505714798caddfaa55a0b344ae6a5e6fdff87234e--stuffed-clam-stuffed-turkey.jpg',0,'',0,'Half-dozen top neck clams, Roasted red pepper butter, Bacon, Parmesan, Herb bread crumbs\r\n',32,'clams_casino5805151505714798',0,0,'1','2017-07-04 11:27:51'),(126,'47',0,'Jumbo Lump Crab Cake Sliders',14.59,'1505714743c008fa9369a61463e32082c1e85f62f2--crab-cake-recipes-fun-recipes.jpg',0,'',0,'Arugula, Tomato, Cajun remoulade, Old Bay potato chips\r\n',32,'jumbo_lump_crab_cake_sliders65454791505714743',0,0,'1','2017-07-04 11:29:34'),(127,'47',0,'Burrata Crostini',10.29,'150571470654f6bfd47835c_-_roasted-salmon-grape-tomatoes-recipe-lg.jpg',0,'',0,'Peperonata, Fennel, Arugula, Balsamic reduction\r\n',32,'burrata_crostini54975801505714706',0,0,'1','2017-07-04 11:30:58'),(128,'47',0,'Chicken Liver Pâté',9.59,'1505714658300x300xMushrooms-and-Chicken-Liver-Pate-Croissant-9262-300x300.jpg.pagespeed.ic.M18bATnBrE.jpg',0,'',0,'Sour cherry compote, Arugula, Crostini\r\n',32,'chicken_liver_p_t63691921505714658',0,0,'1','2017-07-04 11:33:15'),(129,'51',0,'YELLOWFIN TUNA TARTARE',18.00,'15057171441655eda414d9e893a55f7dd3e9535d5a--tuna-steak-recipes-grilled-tuna-steaks.jpg',0,'',0,'with Habanero aioli, Mango relish, Crispy fried shallots, Plantain chips',31,'yellowfin_tuna_tartare49988251505717144',0,0,'1','2017-07-04 11:45:30'),(130,'51',0,'CRAB CROQUETTES',16.50,'1505716987cajun-crab-croquettes.300x300.jpg',0,'',0,'with Lemon wedge, Sauce gribiche',31,'crab_croquettes52712421505716987',0,0,'1','2017-07-04 11:48:37'),(131,'51',0,'CHARRED SPANISH OCTOPUS',18.50,'150571692651Xm2Mus3qL._SY300_QL70_.jpg',0,'',0,'Olives aioli, Tomato marmalade, Gray salt',31,'charred_spanish_octopus19839591505716926',0,0,'1','2017-07-04 11:49:52'),(132,'49',0,'BEET GAZPACHO',12.50,'150571686220227.jpg',0,'',0,'Micro mesclun, Yellow beets, Olive oil',31,'beet_gazpacho56566591505716887',0,0,'1','2017-07-04 11:52:37'),(133,'55',0,'LOUISIANA FRIED OYSTERS',16.98,'1499149535e42dca166d1e274714ff28214227deb4.jpg',0,'',0,'with Hot & sour sauce, Herb aioli, Lemon wedge',31,'louisiana_fried_oysters80468601505715841',0,0,'1','2017-07-04 11:55:35'),(134,'55',0,'LAMB SHOULDER',22.00,'1505718991abc62c64486cee5dd16d2f8c850b53b3.jpg',0,'',0,'with Salsa verde, Summer beans, Potatoes\r\n',30,'lamb_shoulder96620121505718991',0,0,'1','2017-07-04 12:03:29'),(135,'55',0,'ROCKFISH BOUILLABAISSE',24.00,'15057188973daf979842e74b574f3e45dc44566320.jpg',0,'',0,'with Mussels, Clams, Shrimp, Bouillabaisse broth, Mini broccoli, Potatoes\r\n',30,'rockfish_bouillabaisse34257921505718897',0,0,'1','2017-07-04 12:05:01'),(136,'48',0,'VEGETABLE TIAN',12.00,'1505718832Vegetable-Tian-Recipe-feature-300x300.jpg',0,'',0,'with Summer squash, Chickpeas, Tomato, Eggplant, Peppers, Feekeh\r\n',30,'vegetable_tian65513111505718832',0,0,'1','2017-07-04 12:07:26'),(137,'55',0,'STUFFED PIQUILLO PEPPERS',12.00,'1505718762thumbs.jpg',0,'',0,'with Chorizo, Manchego, Almonds\r\n',30,'stuffed_piquillo_peppers89810311505718762',0,0,'1','2017-07-04 12:08:56'),(138,'55',0,'SPICY BRUSSELS SPROUTS',9.00,'1505718658c1fe8a7a94d4cf64541fc063ad90d15a.jpg',1,'',0,'with Gochujang, Honey, Sesame\r\n',30,'spicy_brussels_sprouts50957931507013237',1,1,'1','2017-07-04 12:10:16'),(139,'47',0,'HOUSE ANTIPASTO',16.00,'15057238770bdc91597bfcb5914e9dc5d639d22fc0.jpg',0,'',0,'Imported cold cuts and cheese, seasonal vegetables (serves 2)',29,'house_antipasto36692621505723877',0,0,'1','2017-07-04 12:18:50'),(140,'47',0,'CAPRESSE D`INVERNO',12.00,'1505723748fbcf00cface5bd938e9d042c3df7dee6--shrimp-and-rice-spinach-salad-recipes.jpg',0,'',0,'Roasted red and yellow beets, mozzarella, basil, balsamic',29,'capresse_d_inverno70275011505723748',0,0,'1','2017-07-04 12:20:00'),(141,'47',0,'FETTUCCINE BOLOGNESE',15.00,'1505721748Fetuccine-with-homemade-meat-ragu-680.jpg',0,'',0,'Grass fed beef, red wine, tomato sauce\r\n',29,'fettuccine_bolognese52715391505721748',0,0,'1','2017-07-04 12:21:31'),(142,'47',0,'FETTUCCINE ALL AMATRICIANA',15.00,'1505721670spaghetti-all-amatriciana-foodgawker-300x300.jpg',0,'',0,'Smoked pancetta, onions tomato sauces',29,'fettuccine_all_amatriciana36903531505721670',0,0,'1','2017-07-04 12:22:27'),(143,'51',0,'RIGATONI ALLA SALSICCIA',12.50,'15057205541426170083034989_300x300 (1).jpg',0,'',0,'Homemade pork sausages and broccoli rabe, tomato sauce\r\n',29,'rigatoni_alla_salsiccia57781101505720554',0,0,'1','2017-07-04 12:23:39'),(144,'38',0,'CHICKEN TIKKA MASALA',16.00,'1505712523paleo-restaurant-style-chicken-tikka-masala-7-300x300.jpg',0,'',0,'Heirloom tomato + Roasted pepper',34,'chicken_tikka_masala91689311505712523',0,0,'1','2017-07-04 14:12:40'),(145,'38',0,'SHORT RIB DOSA',15.32,'1505712488100_3184.jpg',0,'',0,'Roasted tomato + Coconut + Dal',34,'short_rib_dosa16206171505712488',0,0,'1','2017-07-04 14:23:26'),(146,'38',0,'LAMB KOFTA',15.50,'1505712456medium_square__Lamb_Kofta_with_Pistachios_and_Herb_Salad_HERO.jpg',0,'',0,'Cashew + Raisins + Spinach',34,'lamb_kofta69704731505712456',0,0,'1','2017-07-04 14:25:41'),(147,'38',0,'GOLDEN TILEFISH',13.32,'150571242647a090f0bbd01c1849daf1551e722664--fish-recipes-seafood-recipes.jpg',0,'',0,'Coconut + Curry leaf',34,'golden_tilefish56495621505712426',0,0,'1','2017-07-04 14:27:11'),(148,'38',0,'SMOKED LAMB NECK',11.50,'150571224884f9e14d002fd3586ab5615db56a7d0b--lamb-recipes-slow-cooker-recipes.jpg',0,'',0,'Chickpeas + Herbs',34,'smoked_lamb_neck6022671505712248',0,0,'1','2017-07-04 14:28:52'),(149,'55',0,'Crispy Brussels',8.05,'1505712089medium_square_2045_Sesame_Cauliflower_Buns_with_Crispy_Brussels_Sprouts_and_Sriracha_Mayo___HERO.jpg',0,'',0,'Cauliflower bacon, sweet soy.',35,'crispy_brussels5609591505712089',0,0,'1','2017-07-04 14:57:04'),(150,'40',0,'Shisito Peppers',20.00,'1505712053Blistered-Shisito-Peppers-foodiecrush.com-008-300x300.jpg',0,'',0,'Lime, smoked sea salt.',35,'shisito_peppers75161241505712053',0,0,'1','2017-07-04 14:58:48'),(151,'40',0,'Lechon Asado Buns',10.29,'15057119978f5bab9020a8bbfdec5b381f8b5112a7--pork-tenderloin-sandwich-recipes-pork-sandwich.jpg',0,'',0,'Sour-orange achiote, aji amarillo grilled pineapple confit.',35,'lechon_asado_buns84773681505711997',0,0,'1','2017-07-04 15:00:29'),(152,'41',0,'El Churrasco',12.50,'1505711962pix_1_102265_45110_5930a4d55a024.jpg',0,'',0,'Mojo skirt steak, boniato puree warm truffle bacon ponzu.',35,'el_churrasco93551121505711962',0,0,'1','2017-07-04 15:01:38'),(153,'55',0,'Disco Truffle Fries',12.50,'1505711923SQ_150607_SweetPotatoFries_0002_00-300x300.jpg',0,'',0,'Homemade American cheese, short rib gravy, chives.',35,'disco_truffle_fries51359841505711923',0,0,'1','2017-07-04 15:04:02'),(154,'41',0,'JUANITA’S TORTILLA SOUP',6.00,'150571175590465ca02e58169516809e3bfecab029--mexican-tortilla-soup-chef-recipes.jpg',0,'',0,'Chicken soup with pureed tortillas, Homestead avocados, a blend of jack and cheddar cheese and tortilla strips.',36,'juanita_s_tortilla_soup17096701505711755',0,0,'1','2017-07-04 15:18:42'),(155,'40',0,'BUFFALO HEIRLOOM CAULIFLOWER',14.32,'1499161796CgVz_E4VAAEyzF1.jpg',0,'',0,'Heirloom cauliflower baked in our homemade buffalo sauce, with chives and our blue cheese dressing.\r\n',36,'buffalo_heirloom_cauliflower6008731505711718',0,0,'1','2017-07-04 15:19:56'),(156,'55',0,'CRISPY SKIN ROTISSERIE CHICKEN',15.32,'1505711653c5e0a6562a36e6540d09cb34b842104b--grilled-chicken-thighs-chicken-breasts.jpg',0,'',0,'Half of an all natural chicken, slow roasted in herbs and spices, pressed on the grill (for crispy skin) and served in it’s own juices, with a side of French fries and our homemade BBQ sauce.',36,'crispy_skin_rotisserie_chicken64848951505711653',0,0,'1','2017-07-04 15:23:42'),(157,'55',0,'BBQ GATOR RIBS',22.00,'1505711605438f97cf8086d92b4898539025428cc2--barbecue-sauce-bbq-sauces.jpg',0,'',0,'Two fall-off-the-bone gator ribs from Clewiston, Florida, slow roasted then finished on the grill with our famous honey BBQ sauce, served with French fries and our homemade Asian slaw.',36,'bbq_gator_ribs70678081505711605',0,0,'1','2017-07-04 15:26:21'),(158,'55',0,'FISH & CHIPS',12.02,'1505711540dockside.jpg',0,'',0,'Spear-caught Florida grouper lightly battered, served with French fries.\r\n\r\n',36,'fish_chips33106881505711540',0,0,'1','2017-07-04 15:27:41'),(159,'55',0,'Huevos Rancheros',13.62,'1505711122Huevos-Rancheros-with-Tomatillo-Sauce_exps66006_THRAA2874593B01_31_3bC_RMS.jpg',0,'',0,'2 fried eggs, jasmine rice, refried beans, crispy tortilla, avocado salsa, pico de gallo, pickled onions, cilantro, adobo cream.',37,'huevos_rancheros80904931505711122',0,0,'1','2017-07-04 15:34:21'),(160,'55',0,' Buttermilk Pancakes',10.23,'1505711066Buttermilk-Pancakes-12-1-300x300.jpg',0,'',0,'Pecan-caramel praline butter, Maple syrup\r\n',37,'_buttermilk_pancakes87653761505711080',0,0,'1','2017-07-04 15:36:59'),(161,'55',0,'Fried Green Tomato Stack',13.32,'1505710946Fried-Green-Tomato-Stacks_EXPS_HCK17_107193_B08_24_6b.jpg',0,'',0,'Bacon, Pimiento cheese, Baby arugula, Fried egg\r\n',37,'fried_green_tomato_stack96006001505710946',0,0,'1','2017-07-04 15:39:34'),(162,'47',0,'Pan Seared Steak Sandwich',12.23,'1505710914unnamed (2).jpg',0,'',0,'Pan seared shaved ribeye, Blue cheese dressing, Red onion confit, Butter lettuce, Tomato on toasted brioche hoagie; Served with arugula salad\r\n',37,'pan_seared_steak_sandwich97531831505710914',0,0,'1','2017-07-04 15:45:23'),(163,'51',0,'Chicken Fried Pork Chop',23.65,'1505710850f89caffea89b96e5ad6e3aaa7c619140--hemp-milk-soy-milk.jpg',0,'',0,'Stone ground cheese grits, Broccoli, Papa Berry’s bacon gravy',37,'chicken_fried_pork_chop11070541505710850',0,0,'1','2017-07-04 15:46:35'),(164,'44',0,'BOQUERÓ',12.50,'1505710658aab55bcbaa1f06212463ed832a51e23f--bean-salad-recipes-bean-salads.jpg',0,'',0,'Marinated anchovies, Mashed potatoes, Olives, Picada,\r\npimentón de la vera',38,'boquer23947041505710658',0,0,'1','2017-07-04 15:51:52'),(165,'49',0,'ARRÒS CALDOS ',12.26,'1505710578barnabier_2.jpg',0,'',0,'Traditional soupy seafood rice',38,'arr_s_caldos95209121505710578',0,0,'1','2017-07-04 15:55:20'),(166,'44',0,'ANCHOVIES',12.32,'1505710542bf8df877cc5b38527c043ff5e4001b32--trays-chili.jpg',0,'',0,'from el cantábrico, Grated tomato, Crushed potato chips',38,'anchovies60594631505710542',0,0,'1','2017-07-04 15:58:25'),(167,'51',0,'ARRÒS SEC',15.30,'1505710511arroz-slide_1.jpg',0,'',0,'Spanish sausage (botifarra) and cuttlefish',38,'arr_s_sec86696451505710511',0,0,'1','2017-07-04 16:01:53'),(168,'51',0,'WAHOO',15.35,'1505710371Pank-Crusted-Oven-Fried-Wahoo-300x300.jpg',0,'',0,'Crudo tartare, Cucumber, Scallions, Lime zest',38,'wahoo89365801505710371',0,0,'1','2017-07-04 16:04:05'),(169,'45',0,'Seaweed Salad',5.00,'1505710191medium_square_seaweed_Salad.jpg',0,'',0,'Seafloor organic seaweed with sesame sauce.',39,'seaweed_salad13279361505710191',0,0,'1','2017-07-05 10:50:49'),(170,'45',0,'General Tso\'s Bourbon Chicken',14.00,'1505710134cfb54c1385abd09f143e88e67ecbe440--ginger-chicken-glazed-chicken.jpg',1,'',0,'Garlic, strawberry, ginger, season greens, mix rice.',39,'general_tso_s_bourbon_chicken16770801570601150',0,1,'1','2019-10-09 11:35:50'),(171,'45',0,'Double Fly Pork Belly',15.00,'15057100075e50f63207bc6c61d5ca3d88d4d11d11.jpg',1,'',0,'Long horn pepper, onions, red pepper and rich spices marinated with baby pork belly.',39,'double_fly_pork_belly61303411511928861',0,0,'1','2017-07-05 10:58:30'),(172,'46',0,'Seafood with Beef Soft Bean Curd',18.00,'1505709984hot_tofu.8502005_sq_thumb_m.jpg',1,'',0,'Baby clams, jumbo shrimp, beef brisket, scallion.',39,'seafood_with_beef_soft_bean_curd77622541511928855',0,0,'1','2017-07-05 11:00:52'),(173,'45',0,'Reren Seafood Fried Rice',14.00,'1505709941Chicken-fried-Rice-copy-300x300.jpg',1,'',0,'Shrimp, crab meat, baby clam, onion, asparagus, egg, sweet corn.',39,'reren_seafood_fried_rice12608441571130755',1,0,'1','2017-07-05 11:02:02'),(174,'54',0,'Nam Prik Ong',18.00,'1505547356unnamed (1).jpg',0,'',0,'Northern Thai spicy pork and tomato dip (minced pork, tomatoes, Thai shrimp paste, chili, garlic), steamed fresh vegetables, hard-boiled egg, pork rinds, sticky rice.',40,'nam_prik_ong21258941505547356',0,0,'1','2017-07-05 11:16:03'),(175,'54',0,'Gaeng Hang Lay',15.00,'1505547204bfdb9c0ac61fbd28d3c9dce7e4b2237e--pork-curry-recipe-curry-recipes.jpg',0,'',0,'Slow-roasted pork belly, hang lay curry, fresh ginger, sticky rice.',40,'gaeng_hang_lay26505121505547204',0,0,'1','2017-07-05 11:18:13'),(176,'54',0,'Seua Rong Hai',19.00,'15055471613b425ada452940632bfc6588ef4bb44c.jpg',0,'',0,'Grilled flank steak, spicy green papaya salad, sticky rice, chili and lime sauce.',40,'seua_rong_hai22606241505547161',0,0,'1','2017-07-05 11:20:06'),(177,'46',0,'Pad Med Mamuang',16.00,'1505547079unnamed.jpg',0,'',0,'Chicken breast, cashews, bell peppers, water chestnuts.',40,'pad_med_mamuang62841061505547079',0,0,'1','2017-07-05 11:21:29'),(178,'46',0,'Kanom Jeen',16.00,'1505546978laab.jpg',0,'',0,'Steamed noodles, spicy chicken green curry, bamboo shoots, eggplant, chili.',40,'kanom_jeen81600171505546978',0,0,'1','2017-07-05 11:23:25'),(179,'41',0,'Queso Fundido con Chorizo',10.00,'',0,'',1,'Spicy Mexican chorizo, Oaxaca cheese, peppers.',41,'queso_fundido_con_chorizo4366841499317556',0,0,'1','2017-07-05 11:50:57'),(185,'38',0,'Indian Pizza',20.00,'1499323792pizza-e1460282859107.jpg',0,'',0,'Indian Pizza',41,'indian_pizza43351251505307049',0,0,'1','2017-07-06 12:12:13'),(180,'41',0,'Ceviche',9.00,'',0,'',1,'Fish marinated in fresh lemon juice with onions and diced habanero',41,'ceviche81162421499317548',0,0,'1','2017-07-05 11:57:43'),(181,'41',0,'Pambazos',8.00,'',0,'',1,'Traditional Mexican sandwich stuffed with mashed potatoes & chorizo, dipped in guajillo chile sauce, queso fresco and sour cream.',41,'pambazos28050551499317542',0,0,'1','2017-07-05 11:59:13'),(182,'41',0,'Chorizo con Huevo',8.00,'',0,'',1,'Eggs, spicy chorizo, Oaxaca cheese, avocado, cilantro.',41,'chorizo_con_huevo49137851499317531',0,0,'1','2017-07-05 12:00:17'),(183,'40',0,'Fajita el Sol',15.95,'',0,'',1,'Carne asada chicken breast, shrimp, peppers, onions, sour cream, guacamole, pico de gallo and corn tortillas, served with rice & beans.',41,'fajita_el_sol73753771499317655',0,0,'1','2017-07-05 12:02:56'),(186,'55',0,'dsfsdfdsf',100.00,'150554372209a41b986ac25100f0d86c36efae7e7a.jpg',0,'',0,'sdasdasd',41,'dsfsdfdsf11961521505543722',0,0,'1','2017-09-14 12:49:30'),(187,'56',0,'dsfsdfdsf',50.00,'1505547638image_7J.png',0,'',0,'sa dasdasdasdasd',41,'dsfsdfdsf7895401505718307',0,0,'1','2017-09-14 13:25:22'),(188,'55',0,'fgfg',2000.00,'1505543505listing_banner.jpg',0,'',0,'ds fdsf ds fdsf',41,'fgfg46308261505736740',0,0,'1','2017-09-15 11:21:58'),(189,'55',0,'asdsadsd',10.00,'',0,'',0,'',41,'asdsadsd63797091505739299',0,0,'1','2017-09-18 18:22:02'),(190,'44',0,'sdasd',10.00,'',0,'',0,'',41,'sdasd76948391505820569',0,0,'1','2017-09-19 16:59:29'),(191,'54',0,'sada',10.00,'',0,'',0,'',41,'sada38614571505820582',0,0,'1','2017-09-19 16:59:42'),(192,'55',0,'dasd',10.00,'',1,'',0,'',41,'dasd13296231506671600',1,0,'1','2017-09-19 17:00:02'),(193,'46',0,'dsfdsfdsf',200.00,'',1,'',0,'dfdsf',41,'dsfdsfdsf76148781506670914',1,1,'1','2017-09-25 17:12:15'),(194,'38',0,'chicken changezi',250.00,'1507629029Chicken-CHANGEZI.jpg',0,'',0,'',59,'chicken_changezi18401871507629029',1,1,'1','2017-10-10 15:20:29'),(196,'55',0,'xcxcx',125.00,'',0,'',0,'',65,'xcxcx15978721513573896',0,0,'1','2017-12-18 10:41:36'),(197,'45',0,'Ramen Dumpling',8.00,'1568640761RamenDumpling.jpg',1,'',0,'Rame Dumpling',99,'ramen_dumpling41546591568640800',1,0,'1','2019-09-16 19:02:41'),(198,'45',0,'Cabbage Dumpling',8.00,'1568640858Cabbage Dumpling.jpg',0,'',0,'Cabbage Dumpling',99,'cabbage_dumpling13242231568640858',0,0,'1','2019-09-16 19:04:18'),(199,'50',0,'Bakmi Ayam',15.00,'1568690651Bakmi-Ayam.JPG',0,'',0,'Chicken Noodle Indonesian style',105,'bakmi_ayam41531261568690667',0,1,'1','2019-09-17 08:54:11'),(200,'50',0,'Nasi Goreng',15.00,'1568691702nasi-goreng.jpg',1,'',0,'Indonesian Fried Rice',105,'nasi_goreng72654501568691718',0,1,'1','2019-09-17 09:11:42'),(201,'50',0,'Nasi Goreng',15.00,'1568719563nasi-goreng.jpg',0,'',0,'Fried rice with chicken, fish cakes, eggs, vegetable, fresh shallot, cucumber',108,'nasi_goreng77267431568770660',0,0,'1','2019-09-17 16:56:03'),(202,'54',0,'Garlic Beef Rice',10.50,'1568721960Garlic Beef Rice.jpg',0,'',0,'Garlic Beef Rice',97,'garlic_beef_rice13034951568721960',1,1,'1','2019-09-17 17:12:02'),(203,'54',0,'Massaman Beef Curry',10.50,'1568726968beef-massaman-curry.jpeg',0,'',0,'Massaman Beef Curry',97,'massaman_beef_curry25729891568726968',0,1,'1','2019-09-17 17:20:46'),(204,'54',0,'Vegetarian Curry Puffs (4 Pieces)',8.90,'1568726988Vegetarian-Curry-Puff.jpg',0,'',0,'Vegetarian Curry Puffs (4 Pieces)',97,'vegetarian_curry_puffs_4_pieces55080941568726988',0,0,'1','2019-09-17 17:21:26'),(205,'50',0,'Mie Goreng',12.00,'1568787745mie goren.JPG',0,'',0,'Fried noodle with chicken, fish cakes, eggs, vegetable fried shallot, cucumber.',108,'mie_goreng44394931568787745',0,0,'1','2019-09-18 11:52:25'),(206,'50',0,'Kwetiau Goreng',12.00,'1568789230kwetiau goreng.JPG',0,'',0,'Fried flat rice noodle with chicken, fish cakes eggs, vegetable, fried shallot, cucumber.',108,'kwetiau_goreng55827391568789230',0,0,'1','2019-09-18 12:17:10'),(207,'50',0,'Bakmi Ayam',12.00,'1568789901bakmi ayam.JPG',0,'',0,'Egg noodle soup with chicken, mushroom beef ball, vegetables, shallot, and egg.',108,'bakmi_ayam79936591568789901',0,0,'1','2019-09-18 12:28:21'),(208,'50',0,'Nasi Padang',12.00,'1568790812nasi padang.JPG',0,'',0,'Steamed rice served with beef rendang, cassava leaf, boiled egg, and green chili sambal.',108,'nasi_padang11466991568881247',1,0,'1','2019-09-18 12:43:32'),(209,'50',0,'Nasi Rames',12.00,'1568791434nasi rames.JPG',0,'',0,'Steamed rice served with fried chicken, steamed vegetables with peanut sauce, beef rendang and chili potatoes.',108,'nasi_rames40340551568881311',1,0,'1','2019-09-18 12:53:54'),(210,'50',0,'Lontong Sayur',12.00,'1568792422lontong sayur.JPG',0,'',0,'Sticky rice served in a coconut veggie curry, boiled egg, deep-fried chicken and blend of fried tempeh (fermented soybean) anchovies peanut.',108,'lontong_sayur46572771568792422',0,0,'1','2019-09-18 13:10:22'),(211,'50',0,'Ayam Kremes',12.00,'1568879591ayam kremes.JPG',0,'',0,'Deep-fried chicken with crunchy bits served with steamed rice, friend tufo and tempeh (fermented soybean).',108,'ayam_kremes30799791568879591',0,0,'1','2019-09-19 13:23:11'),(212,'50',0,'Nasi Kuning',12.00,'1568879918nasi kuning.JPG',0,'',0,'Tumeric rice served with fried chicken, chili potatoes, boiled egg, and anchovies peanut.',108,'nasi_kuning69349231568880771',1,0,'1','2019-09-19 13:28:38'),(213,'50',0,'Siomay Bandung',12.00,'1568880362siomay bandung.JPG',0,'',0,'Dim sim potatoes, bean curd, and egg, with peanut sauce.',108,'siomay_bandung31641511568880362',0,0,'1','2019-09-19 13:36:02'),(214,'50',0,'Batagor',10.00,'1568880695batagor.JPG',0,'',0,'Deep-fried bean curd filled with fish paste topped with peanut sauce.',108,'batagor45252211568880748',0,0,'1','2019-09-19 13:36:44'),(215,'50',0,'Ikan ASAM MANIS',17.00,'1568939603ikan asam manis.JPG',0,'',0,'Deep-fried fish with sweet-sour sauce.',108,'ikan_asam_manis46482131568939603',0,1,'1','2019-09-20 06:03:23'),(216,'50',0,'Ikan Goreng Tepung',17.00,'1568942894ikan goreng tepung.JPG',0,'',0,'Deep-fried fish with butter',108,'ikan_goreng_tepung41754001568942894',0,1,'1','2019-09-20 06:58:14'),(217,'50',0,'Ikan Sambal Ijo',17.00,'1568943343Ikan Sambal Ijo.JPG',0,'',0,'Deep-fried fish with green chilli sambal.',108,'ikan_sambal_ijo83950771568944025',1,1,'1','2019-09-20 07:05:43'),(218,'50',0,'Ikan Saus Padang',17.00,'1568944593Ikan Saus Padang.JPG',0,'',0,'Deep-fried fish with Indonesian style hot and spicy sauce.',108,'ikan_saus_padang42850871568944685',1,1,'1','2019-09-20 07:26:33'),(219,'50',0,'Cumi Goreng Mentega',17.00,'1568945091Cumi Goreng Mentega.JPG',0,'',0,'Deep-fried squid with margarine.',108,'cumi_goreng_mentega15991781568945091',0,1,'1','2019-09-20 07:34:51'),(220,'50',0,'Cumi Goreng Tepung',17.00,'1568951349cumi goreng tepung.JPG',0,'',0,'deep-fried prawn with butter.',108,'cumi_goreng_tepung58856961568951364',0,1,'1','2019-09-20 09:19:09'),(221,'50',0,'Udang Goreng Tauco',17.00,'1568952472udang goreng tauco.JPG',0,'',0,'Stir-fried chili prawn with preserved fermented soybean.',108,'udang_goreng_tauco65953951568952472',1,1,'1','2019-09-20 09:37:52'),(222,'50',0,'Udang Goreng Saus Padang',17.00,'1568955375udang goreng saus padang.JPG',0,'',0,'Deep-fried prawn with Indonesian style hot and spicy sauce.',108,'udang_goreng_saus_padang63516661568955375',1,1,'1','2019-09-20 10:26:15'),(223,'50',0,'Ayam Kuluyuk',16.00,'1568957221Ayam Kuluyuk.JPG',0,'',0,'Deep-fried chicken with sweet and sour sauce.',108,'ayam_kuluyuk95356871568957239',0,1,'1','2019-09-20 10:57:01'),(224,'50',0,'Ayam Guring Tepung',16.00,'1568957397Ayam Goreng Tepung.JPG',0,'',0,'Deep-fried chicken with butter.',108,'ayam_guring_tepung49633561568957397',0,1,'1','2019-09-20 10:59:57'),(225,'50',0,'Ayam Goreng Mentega',16.00,'1568957634Ayam Goreng Mentega.JPG',0,'',0,'Deep-fried chicken with margarine.',108,'ayam_goreng_mentega92703991568957634',0,1,'1','2019-09-20 11:03:54'),(226,'50',0,'Ayam Goreng Sambal Ijo',16.00,'1568957883Ayam Goreng Sambal Ijo.JPG',0,'',0,'Deep-fried chicken with green chili sambal.',108,'ayam_goreng_sambal_ijo33123591568957883',1,1,'1','2019-09-20 11:08:03'),(227,'50',0,'Ayam Goreng Saus Padang',16.00,'1568958122Ayam Goreng Saus Padang.JPG',0,'',0,'Deep-fried chicken with Indonesian style hot and spicy sauce.',108,'ayam_goreng_saus_padang46925611568958122',1,1,'1','2019-09-20 11:12:02'),(228,'59',0,'Cappucino',3.00,'1569219176Cappucino.jpg',0,'',0,'Silky frothed milk poured over a shot of espresso, topped with a touch of chocolate.',113,'cappucino41663071569219176',0,0,'1','2019-09-23 11:42:56'),(229,'59',0,'Flat White',3.00,'1569219542flat-white.jpg',0,'',0,'Steamed milk with small, fine bubbles and a glossy or velvety consistency poured over a shot of espresso',113,'flat_white10047481569219542',0,0,'1','2019-09-23 11:49:02'),(230,'59',0,'Latte',3.00,'1569219574latte.jpg',0,'',0,'a drink made by adding perfectly steamed milk to a shot of espresso served in a glass',113,'latte19924331569219574',0,0,'1','2019-09-23 11:49:34'),(231,'59',0,'Hot Chocolate',3.00,'1569219633Hot Chocolate.jpg',0,'',0,'Silky steamed milk poured over melted chocolate topped with chocolate powder\r\n',113,'hot_chocolate18474121569219633',0,0,'1','2019-09-23 11:50:33'),(232,'59',0,'Mocha',3.00,'1569219682mocha.jpg',0,'',0,'Mocha, in its most basic formulation, can also be referred to as hot chocolate with a shot of espresso added to it.\r\n',113,'mocha37301101569219682',0,0,'1','2019-09-23 11:51:22'),(233,'59',0,'Chai Latte',3.00,'1569219870chai-latte.jpg',0,'',0,'A chai latte takes the flavors associated with masala chai, a common spiced tea drink present in most households throughout India and amps ups its milkiness with a technique for frothy steamed milk.',113,'chai_latte33991641569219870',0,0,'1','2019-09-23 11:54:30'),(234,'59',0,'Long Black',3.00,'1569220167Long Black.jpg',0,'',0,'a long black is made by pouring a double-shot of espresso or ristretto over hot water\r\n',113,'long_black85445731569220167',0,0,'1','2019-09-23 11:59:27'),(235,'59',0,'Espresso',3.00,'1569220221Espresso.jpg',0,'',0,'a single shot of espresso\r\n',113,'espresso6984311569220221',0,0,'1','2019-09-23 12:00:21'),(236,'59',0,'Machiatto',3.00,'1569220258macchiato.jpg',0,'',0,'a single shot of espresso with a small amount of steamed milk\r\n',113,'machiatto63029941569220258',0,0,'1','2019-09-23 12:00:58'),(237,'59',0,'Piccolo',3.00,'1569220298Piccollo.jpeg',0,'',0,'a baby latte as the Italian pronunciation suggests.\r\n',113,'piccolo22433701569220298',0,0,'1','2019-09-23 12:01:38'),(238,'59',0,'Tea',3.00,'1569220354Tea.jpg',0,'',0,'',113,'tea66575561569220354',0,0,'1','2019-09-23 12:02:34'),(239,'61',0,'Scramble Egg Wrap',7.50,'1569220626Scramble-Egg.jpg',0,'',0,'Scrambled eggs wrap with choice of bacon or mushroom\r\n',113,'scramble_egg_wrap86787251569220626',0,0,'1','2019-09-23 12:07:06'),(240,'60',0,'Juices',6.00,'1569220719Juices.jpg',0,'',0,'',113,'juices80022781569220719',0,0,'1','2019-09-23 12:08:39'),(241,'62',0,'Beef Burger',12.00,'1569220971beef-burger.jpg',0,'',0,'Beef patty, caramelized onion, salad, tomato relish, cheese, mayo\r\n',113,'beef_burger96112651569220971',0,0,'1','2019-09-23 12:12:51'),(242,'62',0,'Chicken Schnitzel',12.00,'1569221090chicken-schnitzel.jpeg',0,'',0,'With cheese, lettuce, tomato, house made peri peri, mayo, with side of chips\r\n',113,'chicken_schnitzel97096161569221090',0,0,'1','2019-09-23 12:14:50'),(243,'62',0,'Classic Club',12.00,'15692211261stSipzz-logo.jpg',0,'',0,'Grilled moroccan chicken breast, bacon, lettuce, tomato, fried egg, mayo, with side of chips\r\n',113,'classic_club55115221569221126',0,0,'1','2019-09-23 12:15:26'),(244,'62',0,'Pulled Pork Burger',12.00,'15692211631stSipzz-logo.jpg',0,'',0,'12 hr braised pulled pork, mix lettuce, coleslaw, fried egg & chimchurri with side of chips\r\n',113,'pulled_pork_burger20116071569221163',0,0,'1','2019-09-23 12:16:03'),(245,'63',0,'Beef Brisket',9.50,'',0,'',0,'Slow cooked braised brisket, mix leaves, coleslaw, & house made BBQ sauce\r\n',113,'beef_brisket17497521569221284',0,0,'1','2019-09-23 12:18:04'),(246,'63',0,'Lamb Shoulder',9.50,'15692213741stSipzz-logo.jpg',0,'',0,'Rosemary and lemon marinated slow cooked lamb with mix lettuce, coleslaw, roasted capsicum and tzatziki sauce\r\n',113,'lamb_shoulder58395781569221374',0,0,'1','2019-09-23 12:19:34'),(247,'63',0,'Pork Belly',9.50,'15692214331stSipzz-logo.jpg',0,'',0,'Slow cooked crispy skin pork belly with mix lettuce, coleslaw, fresh herbs, and house made chimichurri sauce\r\n',113,'pork_belly6298071569221433',0,0,'1','2019-09-23 12:20:33'),(248,'63',0,'Pulled Pork',9.50,'15692215341stSipzz-logo.jpg',0,'',0,'12hr braised pulled pork with mix lettuce, coleslaw, fresh herbs, and house made chimichurri sauce\r\n',113,'pulled_pork30391201569221534',0,0,'1','2019-09-23 12:22:14'),(249,'63',0,'Moroccan Chicken',9.50,'15692215961stSipzz-logo.jpg',0,'',0,'Moroccan marinated chicken with mixed lettuce, tomato, avocado, cucumber and peri peri mayo\r\n',113,'moroccan_chicken91531631569221596',0,0,'1','2019-09-23 12:23:16'),(250,'63',0,'Tandoori Chicken',9.50,'15692216481stSipzz-logo.jpg',0,'',0,'Indian inspired tandoori chicken with mix lettuce, tomato, onion, cucumber, & house made mint yoghurt\r\n',113,'tandoori_chicken46605691569221648',0,0,'1','2019-09-23 12:24:08'),(251,'63',0,'Pulled Chicken',9.50,'15692217251stSipzz-logo.jpg',0,'',0,'12hr braised pulled chicken with mix lettuce, tomato, avocado, cucumber, & peri-peri mayo\r\n',113,'pulled_chicken94419551569221725',0,0,'1','2019-09-23 12:25:25'),(252,'63',0,'Grilled Haloumi',9.50,'15692218001stSipzz-logo.jpg',0,'',0,'Seared haloumi, mushrooms, mix lettuce, coleslaw, roasted pumpkin, & mayo\r\n',113,'grilled_haloumi65605711569221800',0,0,'1','2019-09-23 12:26:40'),(253,'50',0,'Mie Pangsit Medan',12.00,'1569226615MiePangsitMedan.jpg',0,'',0,'(Noodle, caramalized pork, soy sauce egg, fish ball, wonton/pork dumpling, fried shallot, fried pork fat, pickles onion & chilli)',114,'mie_pangsit_medan92623411569226615',0,0,'1','2019-09-23 13:25:52'),(254,'50',0,'Medan Cha Kwe Tiau',13.00,'1569226588MedanChaKweTiau.jpg',0,'',0,'Fried flat rice noodles with bbq pork, chinese sausages, prawn, fish cake, egg, shallot, bean sprout',114,'medan_cha_kwe_tiau64876141569226588',0,0,'1','2019-09-23 13:27:02'),(255,'50',0,'Kwetiau Goreng Kangkung Belacan',13.00,'1569226555KwetiauwGorengKangkungBelacan.jpeg',0,'',0,'Fried flat rice noodles with shrimp paste, prawn, egg, fish cake, kangkung (water spinach), shallot, bean sprout',114,'kwetiau_goreng_kangkung_belacan43358591569226555',0,0,'1','2019-09-23 13:28:24'),(256,'50',0,'Mie Goreng Kangkung Belacan',13.00,'1569226434MieGorengKangkungBelacan.jpg',0,'',0,'Fried noodles with shrimp paste, prawn, egg, fishcake, kangkung (water spinach), shallot, bean sprout',114,'mie_goreng_kangkung_belacan85529691569226434',0,0,'1','2019-09-23 13:29:34'),(257,'50',0,'Nasi Goreng Babi Pangang',15.00,'1569226350NasiGorengBabiPangang.jpg',0,'',0,'Fried rice with shredded chicken, red chili sauce, roasted peanut, fried eggs, prawn crackers, cucumber',114,'nasi_goreng_babi_pangang76056131569226350',0,0,'1','2019-09-23 13:30:41'),(258,'50',0,'Nasi Goreng Sambal Balado',13.00,'1569226288NasiGorengSambalBalado.jpg',0,'',0,'Fried rice with shredded chicken, red chili sauce, roasted peanut, fried eggs, prawn crackers, cucumber',114,'nasi_goreng_sambal_balado67055521569226288',0,0,'1','2019-09-23 13:31:40'),(259,'50',0,'Nasi Goreng Sambal Ijo',13.00,'1569226274NasiGorengSambalIjo.jpg',0,'',0,'Fried rice with green chili sauce, shredded chicken, fried eggs, prawn crackers, anchovies, cucumber',114,'nasi_goreng_sambal_ijo30178311569226274',0,0,'1','2019-09-23 13:32:31'),(260,'64',0,'Nutella S\'more',30.00,'1569280987NutellaS\'more_02.jpg',0,'',0,'',109,'nutella_s_more75571721569280987',0,0,'1','2019-09-23 13:59:53'),(261,'64',0,'Faluda',25.00,'1569227441Faluda.jpg',0,'',0,'',109,'faluda30077631569227441',0,0,'1','2019-09-23 14:00:41'),(271,'68',0,'WAHANA CATUAI – DRIP COFFEE',8.95,'1569297351Wahana Catuai-DripCoffee.png',0,'',0,'This coffee is a cross breed between Mundo Nova and Yellow Caturra from Brazil. It has well balanced body & acidity, a very strong herbal aroma, sweet & smooth finish.',115,'wahana_catuai_drip_coffee67528071569298839',0,0,'1','2019-09-24 09:25:51'),(263,'59',0,'Hot Sanger',20.00,'1569227686hot_Sanger.jpg',0,'',0,'Hot Coffee',109,'hot_sanger43457091569227686',0,0,'1','2019-09-23 14:04:46'),(264,'65',0,'Ebi Pangko',38.00,'1569227964Ebi Panko.jpg',0,'',0,'',109,'ebi_pangko58958301569227964',0,0,'1','2019-09-23 14:09:24'),(265,'60',0,'Kopi Pandan',20.00,'1569231039KopiPandan_1080x1080px.jpg',0,'',0,'Kopi Pandan',109,'kopi_pandan85627071569231039',0,0,'1','2019-09-23 15:00:39'),(266,'60',0,'Kopi Gula Aren',20.00,'1569231088KopiGulaAren_Image.jpg',0,'',0,'Kopi Gula Aren',109,'kopi_gula_aren68837571569231088',0,0,'1','2019-09-23 15:01:28'),(267,'66',0,'Choco Cookies & Cream',45.00,'1569231183cookies cream.JPG',0,'',0,'Choco Cookies & Cream',109,'choco_cookies_cream39596811569231183',0,0,'1','2019-09-23 15:03:03'),(268,'66',0,'Caramel Swirl Macchiato',45.00,'1569231246DSCF0855 copy.jpg',0,'',0,'Caramel Swirl Macchiato',109,'caramel_swirl_macchiato77858661569231246',0,0,'1','2019-09-23 15:04:06'),(269,'66',0,'Regal Vanilla Cookies',45.00,'1569281603RegalVanillaCookeis_02.jpg',0,'',0,'Regal Vanilla Cookies',109,'regal_vanilla_cookies96133261569281603',0,0,'1','2019-09-23 15:05:16'),(270,'59',0,'Coffee Latte',32.00,'1569231376Coffee Latte.jpg',0,'',0,'Coffee Latte',109,'coffee_latte98175691569231376',0,0,'1','2019-09-23 15:06:16'),(272,'68',0,'WAHANA S795 – DRIP COFFEE',8.95,'1569297395S795_360x.png',0,'',0,'This variety was imported directly from India. It has a strong mocha & herbal aroma, and caramel like sweetness.\r\n\r\n| SINGLE SERVE | 5 SACHET/BOX |',115,'wahana_s795_drip_coffee58841131569298827',0,0,'1','2019-09-24 09:26:35'),(273,'68',0,'WAHANA LONGBERRY – DRIP COFFEE',8.95,'1569297442Long_berry_360x.png',0,'',0,'Longberry variety was thought to be originated from Ethiopia. It combines herbal and fruity aroma, a balanced coffee with medium acidity and strong body.\r\n\r\n \r\n\r\n| SINGLE SERVE | 5 SACHET/BOX |',115,'wahana_longberry_drip_coffee76466241569298812',0,0,'1','2019-09-24 09:27:22'),(274,'68',0,'WAHANA VILLA SARCHI – DRIP COFFEE',8.95,'1569297488Villa_Sarchi_360x.png',0,'',0,'This coffee originated from Costa Rica and is known to perform very well in highland, and has trived in the Wahana highland. It has a strong fruit like acidity and sweetness. A blend with herbal and toast aroma, smooth aftertaste.\r\n\r\n| SINGLE SERVE | 5',115,'wahana_villa_sarchi_drip_coffee62495841569298802',0,0,'1','2019-09-24 09:28:08'),(275,'68',0,'Kalita Coffee Mill KH-5',1680.00,'1569298639Kalita Coffee Mill KH 5.jpg',0,'',0,'Kalita Coffee Mill KH-5\r\n\r\nSpesifikasi :\r\n\r\nBrand : Kalita\r\nTipe : KH-5\r\nUkuran (PxLxT) cm: 10.5 x 10.5 x 19.5 cm\r\nKapasitas : Hopper (30gr biji kopi), Case (70gr bubuk kopi)\r\nMaterial: Wood, Cast-iron grinding burrs\r\nBerat : 695 gram \r\nMade in Taiwan ',116,'kalita_coffee_mill_kh_555527801569298639',0,0,'1','2019-09-24 09:47:19'),(276,'68',0,'Kalita Coffee Mill KH-3',1205.00,'1569298719Kalita Coffee Mill KH-3 (1).jpg',0,'',0,'Kalita Coffee Mill KH-3\r\n\r\nSpesifikasi :\r\n\r\nBrand : Kalita\r\nTipe : KH-3\r\nUkuran (PxLxT) cm: 9.5 x 9.5 x 18.8 cm\r\nKapasitas : Hopper (35gr biji kopi), Case (55gr bubuk kopi)\r\nMaterial: Wood, Cast-iron grinding burrs\r\nBerat : 610 gram\r\nMade in Taiwan',116,'kalita_coffee_mill_kh_361633971569298719',0,0,'1','2019-09-24 09:48:39'),(277,'69',0,'Aceh Takengon Pegasing',99999.00,'1569298942Arabica-Wahana-Estate.jpg',0,'',0,'Elevation : 1,400 – 1,500 masl\r\nProcessing : Wet Hulled (“Giling Basah”)\r\nVarietal : Ateng, Caturra, Typica, Longberry, Bourbon\r\nRegion : Pegasing, Takengon, Central Aceh\r\nProducer : Various Smallholders\r\nPACKED IN 60KGS INNER ECOTACT – OUTER JUTE BAG',115,'aceh_takengon_pegasing9596421569299018',0,0,'1','2019-09-24 09:52:22'),(278,'54',0,'BBQ Chicken with Salad and Rice	',10.50,'1569366547BBQ-chicken-salad-rice.jpg',0,'',0,'Grilled chicken (gai yang ???????) with salad and rice.',97,'bbq_chicken_with_salad_and_rice6758461569366547',0,0,'1','2019-09-25 04:39:07'),(279,'54',0,'Chili Basil Noodle',12.90,'1569366645chilli-basil-noodle.jpeg',0,'',0,'Thai Chili Basil Noodle',97,'chili_basil_noodle12392261569366657',1,0,'1','2019-09-25 04:40:45'),(280,'54',0,'Ginger & shallot chicken with rice',10.50,'1569366763ginger_shallot_chicken.jpg',0,'',0,'Thai Ginger & shallot chicken with rice',97,'ginger_shallot_chicken_with_rice4792111569366763',0,0,'1','2019-09-25 04:42:43'),(281,'54',0,'Pad See Ew',12.90,'1569367152pad-see-ew.jpg',0,'',0,'Pad See Ew, which means “stir-fried soy sauce noodles, is an extremely popular Thai street food meal and probably the most popular noodle dish at Thai restaurants',97,'pad_see_ew66813061569367152',0,0,'1','2019-09-25 04:49:12'),(282,'54',0,'Garlic Beef with rice',10.50,'1570440248beef-with-garlic.jpg',0,'',0,'Stir fried beef in garlic and pepper sauce served with rice',124,'garlic_beef_with_rice6322621570440248',0,1,'1','2019-10-07 14:54:08'),(283,'54',0,'Massamun beef curry',10.50,'1570440309beef-massaman-curry.jpeg',0,'',0,'Tender beef cooked in massamun curry served with rice',124,'massamun_beef_curry88102601570440309',0,1,'1','2019-10-07 14:55:09'),(284,'54',0,'BBQ Chicken with Salad and Rice	',10.50,'1570440351BBQ-chicken-salad-rice.jpg',0,'',0,'Char-grilled marinated chicken served with salad and rice',124,'bbq_chicken_with_salad_and_rice99563781570440430',0,1,'1','2019-10-07 14:55:51'),(285,'54',0,'Ginger & shallot chicken with rice',10.50,'1570440420ginger_shallot_chicken.jpg',0,'',0,'Stir fried chicken with mushroom, carrot, shredded ginger, shallots and garlic served with rice',124,'ginger_shallot_chicken_with_rice67180731570440420',0,1,'1','2019-10-07 14:57:00'),(286,'54',0,'Pad Thai',12.90,'1570440766PadThai.jpg',0,'',0,'A classical Thai stir fried thin rice noodle with your choice (chicken, beef, vegetables), egg, crushed peanuts, tofu and bean sprouts',124,'pad_thai33679441570440775',0,1,'1','2019-10-07 15:02:46'),(287,'54',0,'Pad See Ew',12.90,'1570440861pad-see-ew.jpg',0,'',0,'Well know stir fried thick rice noodle with your choice (chicken, beef, vegestables), egg, vegetables and sweet soy sauce',124,'pad_see_ew11779061570440861',0,1,'1','2019-10-07 15:04:21'),(288,'54',0,'Spicy Thai Basil Chicken',12.90,'1570441666Thai Basil Chicken.JPG',0,'',0,'Minced chicken stir fried with spicy sauce with crushed garlic, chilli and basil served with rice',124,'spicy_thai_basil_chicken83271261570441666',1,1,'1','2019-10-07 15:17:46'),(289,'54',0,'Thai Fried Rice',12.90,'1570442064ThaiFriedRice.jpg',0,'',0,'Chilli & Basil stir fried with chicken and mixed with rice',124,'thai_fried_rice15811911571134317',1,1,'1','2019-10-07 15:24:24'),(290,'54',6,'Fried Chicken ginger rice',12.90,'1570442204Crispy Chicken with ginger rice.jpg',0,'',0,'Crispy chicken with steamed garlic and ginger rice',124,'fried_chicken_ginger_rice12227311571873429',0,1,'1','2019-10-07 15:26:44'),(291,'54',5,'Khua Gai',12.90,'1570442302Khua Gai.jpg',0,'',0,'Flat rice noodle stir fried with egg, chicken, sweet radish lettuce and shallots served chilli sauce',124,'khua_gai47418731571873420',0,1,'1','2019-10-07 15:28:22'),(292,'54',9,'PraRamPak',12.90,'1570442477PraRamPak.jpg',0,'',0,'Steam mixed vegetable and fried silky tofu topped with peanut sauce',124,'prarampak55203321571873401',0,0,'1','2019-10-07 15:31:17'),(293,'54',8,'Panang Curry',12.90,'1570575217Panang-Curry.jpg',0,'',0,'Your choice and vegetables cooked in medium spicy Thai red curry',124,'panang_curry44584901571873300',1,1,'1','2019-10-09 04:23:37'),(294,'54',8,'Green Curry',12.90,'1570575336green-curry.jpg',0,'',0,'Your choice and vegetables cooked in a famous Thai green curry',124,'green_curry63883401571873286',1,1,'1','2019-10-09 04:25:36'),(295,'54',4,'Stir Fried Cashew Nut Sauce',12.90,'1570575495Thai-Cashew-Nut.jpg',0,'',0,'Your choice and vegetables stir-fried with roasted cashew nuts and mild jam sauce',124,'stir_fried_cashew_nut_sauce10316561571872460',1,1,'1','2019-10-09 04:28:15'),(296,'54',3,'Tom Yum Prawn',13.90,'1570575670tom-yum-prawn.jpg',0,'',0,'Your  choice of rice or noodle\r\nSpicy and sour soup served with Tiger Prawn, button mushrooms and fresh thai herbs',124,'tom_yum_prawn99241281571872470',1,1,'1','2019-10-09 04:31:10'),(297,'54',9,'Crispy chicken with papaya salad',14.90,'1570575735crispy-chicken-with-papaya.jpg',0,'',0,'Crispy chicken served with green bean, tomatoes, cashew nut, papaya and line dressing',124,'crispy_chicken_with_papaya_salad28102861571873440',0,1,'1','2019-10-09 04:32:15'),(298,'50',0,'Nasi Keroyokan (Long Rice)',15.00,'1571360564NasiKeroyokan.jpg',0,'',0,'(Nasi liwet (Fragrance Rice), Ayam Panggang (Grilled Chicken), Tahu Tempe, Ati,  Ampela, Ikan Asin, Kerupuk, Lalapan, Sambal)',129,'nasi_keroyokan_long_rice39678541571360564',0,1,'1','2019-10-09 23:20:38'),(299,'50',0,'Sate Ayam (Chicken Satay)',9.00,'1571360607Chicken-Satay.png',0,'',0,'4pcs',129,'sate_ayam_chicken_satay88205291571360607',0,1,'1','2019-10-09 23:22:10'),(300,'50',0,'Siomay Bandung (Fish Dumplings)',9.00,'1571360765Siomay Bandung.jpg',0,'',0,'',129,'siomay_bandung_fish_dumplings23972771571360765',0,1,'1','2019-10-09 23:23:30'),(301,'50',0,'Batagor Bandung ( Fried Fish Dumpings)',10.00,'1571360834batagor bandung.jpg',0,'',0,'',129,'batagor_bandung_fried_fish_dumpin75106111571360834',0,1,'1','2019-10-09 23:25:13'),(302,'50',0,'Otak - Otak Goreng (Fried Fish Cake)',10.00,'1571360864otak-otak-goreng.jpg',0,'',0,'',129,'otak_otak_goreng_fried_fish_cake21388181571360864',0,1,'1','2019-10-09 23:25:57'),(303,'50',0,'Bakso Abang (Beef Meatball Soup)',8.00,'1571360889Bakso abang.jpg',0,'',0,'',129,'bakso_abang_beef_meatball_soup34168871571360889',0,1,'1','2019-10-09 23:26:59'),(304,'50',0,'Soto Betawi (Beef in Coconut Soup)',10.00,'1571360906soto-betawi.jpg',0,'',0,'',129,'soto_betawi_beef_in_coconut_soup24814361571360906',0,1,'1','2019-10-09 23:27:52'),(305,'50',0,'Sayur Asem (Sweet & Sour Vegetables Soup) (S)',5.00,'1571360933sayur-asem.jpg',0,'',0,'',129,'sayur_asem_sweet_sour_vegetables10674671571360933',0,0,'1','2019-10-09 23:30:15'),(306,'50',0,'Ayam Goreng Paha / Dada (Fried Chicken Thigh/ Breast)',6.50,'1571360972Ayam-Goreng.jpg',0,'',0,'',129,'ayam_goreng_paha_dada_fried_chic5538341571360972',0,1,'1','2019-10-09 23:32:43'),(307,'50',0,'Ayam Bakar (Grilled Chicken)',6.50,'1571361003AyamBakar.jpg',0,'',0,'',129,'ayam_bakar_grilled_chicken63768231571361003',0,1,'1','2019-10-09 23:34:19'),(308,'50',0,'Ayam Penyet',6.50,'1571361021Ayam Penyet.png',0,'',0,'',129,'ayam_penyet15548321571361021',0,1,'1','2019-10-09 23:35:51'),(309,'50',0,'Bakso Penyet',5.00,'1571361138BaksoPenyet.jpg',0,'',0,'',129,'bakso_penyet92233551571361138',0,1,'1','2019-10-09 23:36:15'),(310,'50',0,'Ikan Goreng',17.00,'1571361158ikan-goreng.jpg',0,'',0,'',129,'ikan_goreng55023071571361158',0,1,'1','2019-10-09 23:37:00'),(311,'50',0,'Tempe Goreng ( Fried Soybean)',2.00,'',0,'',0,'',129,'tempe_goreng_fried_soybean59979341570644487',0,0,'1','2019-10-09 23:38:07'),(312,'50',0,'Tahu Goreng (Fried Tofu)',2.00,'',0,'',0,'',129,'tahu_goreng_fried_tofu27766491570644524',0,0,'1','2019-10-09 23:38:44'),(313,'50',0,'Tempe Bacem',3.50,'',0,'',0,'',129,'tempe_bacem75468171570644565',0,0,'1','2019-10-09 23:39:25'),(314,'50',0,'Tahu Bacem',3.50,'',0,'',0,'',129,'tahu_bacem22097561570644597',0,0,'1','2019-10-09 23:39:57'),(315,'50',0,'Ati Goreng ( Fried Liver)',2.00,'',0,'',0,'',129,'ati_goreng_fried_liver8861121570644624',0,1,'1','2019-10-09 23:40:24'),(316,'50',0,'Ampela Goreng (Fried Giblet)',2.00,'',0,'',0,'',129,'ampela_goreng_fried_giblet86557681570644736',0,1,'1','2019-10-09 23:42:16'),(317,'50',0,'Ikan Asin Jambrong',5.00,'',0,'',0,'',129,'ikan_asin_jambrong98524281570644791',0,1,'1','2019-10-09 23:43:11'),(318,'50',0,'Bakso Sapi Goreng',6.00,'1571360519bakso-goreng-sapi.jpg',0,'',0,'6 pcs',129,'bakso_sapi_goreng26894531571360519',0,1,'1','2019-10-09 23:44:49'),(319,'50',0,'Petai Goreng ( Fried Stinky Bean)',6.00,'',0,'',0,'',129,'petai_goreng_fried_stinky_bean91676401570645073',0,0,'1','2019-10-09 23:47:53'),(320,'50',0,'Risol Ragout',2.50,'',0,'',0,'',129,'risol_ragout11181311570645144',0,1,'1','2019-10-09 23:49:04'),(321,'50',0,'Lontong Oncom',2.50,'1571360493Lontong Oncom.jpg',0,'',0,'',129,'lontong_oncom13948181571360493',0,0,'1','2019-10-09 23:55:50'),(322,'50',0,'Cah Kangkung Belacan (Morning Glory Stir Fry)',12.00,'1571360399kangkung belacan.jpg',0,'',0,'',129,'cah_kangkung_belacan_morning_glory34982351571360399',0,0,'1','2019-10-09 23:56:50'),(323,'50',0,'Mie Goreng (Fried Noodles)',16.00,'',0,'',0,'',129,'mie_goreng_fried_noodles86798631570645651',0,1,'1','2019-10-09 23:57:31'),(324,'50',0,'Nasi Goreng Ikan Asin',15.00,'',0,'',0,'',129,'nasi_goreng_ikan_asin97079891570645699',0,0,'1','2019-10-09 23:58:19'),(325,'50',0,'Nasi Putih (Steam Rice)',3.00,'',0,'',0,'',129,'nasi_putih_steam_rice69512541570646197',0,0,'1','2019-10-09 23:58:47'),(326,'50',0,'Nasi Liwet (Fragrance Rice)',4.00,'',0,'',0,'',129,'nasi_liwet_fragrance_rice36312351570646214',0,0,'1','2019-10-09 23:59:17'),(327,'50',0,'Es Kalapa (Coconut Ice)',5.00,'',0,'',0,'',129,'es_kalapa_coconut_ice53056891570646289',0,0,'1','2019-10-10 00:08:09'),(328,'50',0,'Es Jeruk Nipis (Lime Squash)',6.00,'',0,'',0,'',129,'es_jeruk_nipis_lime_squash50338331570646319',0,0,'1','2019-10-10 00:08:39'),(329,'50',0,'Es Campur',7.00,'',0,'',0,'',129,'es_campur57097641570646340',0,0,'1','2019-10-10 00:09:00'),(330,'50',0,'Sekoteng',5.00,'',0,'',0,'',129,'sekoteng23013281570646364',0,0,'1','2019-10-10 00:09:24'),(331,'50',0,'Kolak Pisang (Banana Compote)',6.00,'',0,'',0,'',129,'kolak_pisang_banana_compote87183611570646400',0,0,'1','2019-10-10 00:10:00'),(332,'50',0,'Pisang Bakar (Grilled Banana)',8.00,'',0,'',0,'',129,'pisang_bakar_grilled_banana73566881570646439',0,0,'1','2019-10-10 00:10:39'),(333,'50',0,'Roti Bakar (Coklat/ Keju/ Kacang) (Toast Chocolate/ Cheese/ Nuts)',6.00,'',0,'',0,'',129,'roti_bakar_coklat_keju_kacang78423211570646589',0,0,'1','2019-10-10 00:13:09'),(334,'50',0,'Kembang Tahu (Soya Bean Curd)',6.00,'',0,'',0,'',129,'kembang_tahu_soya_bean_curd55831981570646624',0,0,'1','2019-10-10 00:13:44'),(335,'50',0,'Nasi Padang',13.00,'1570689187NasiPadan.jpg',0,'',0,'',133,'nasi_padang5789991570689202',0,1,'1','2019-10-10 12:03:07'),(336,'50',0,'Nasi Goreng Babi',13.00,'1570689345NasiGorengBabi.jpg',0,'',0,'',133,'nasi_goreng_babi60631641570689345',0,1,'1','2019-10-10 12:05:45'),(337,'50',0,'Soto Betawi',12.00,'1570689369Soto-Betawi.jpg',0,'',0,'',133,'soto_betawi59790361570689369',0,1,'1','2019-10-10 12:06:09'),(338,'50',0,'Baso Abang Abang',10.00,'1570689391BasoAbangAbang.jpg',0,'',0,'',133,'baso_abang_abang2212691570689391',0,1,'1','2019-10-10 12:06:31'),(339,'50',0,'Ayam Goreng Nasi Putih',9.00,'',0,'',0,'',133,'ayam_goreng_nasi_putih66326881570689541',0,1,'1','2019-10-10 12:09:01'),(340,'50',0,'Ayam Goreng Kremes (Nasi)',9.00,'1570689582ayam-goreng-kremes.jpg',0,'',0,'',133,'ayam_goreng_kremes_nasi72863761570689582',0,1,'1','2019-10-10 12:09:42'),(341,'50',0,'Tahu Goreng',2.50,'1570689654Tahu Goreng.jpg',0,'',0,'',133,'tahu_goreng78515851570689654',0,0,'1','2019-10-10 12:10:54'),(342,'50',0,'Tempe Goreng',2.50,'1570689671Tempe Goreng.jpg',0,'',0,'',133,'tempe_goreng16207741570689682',0,0,'1','2019-10-10 12:11:11'),(343,'50',0,'Ayam (Diced Chicken)',11.00,'',0,'',0,'',132,'ayam_diced_chicken50500291570730036',0,1,'1','2019-10-10 23:08:54'),(344,'50',0,'Babi Cincang (Minced Pork)',11.00,'',0,'',0,'',132,'babi_cincang_minced_pork73082411570730159',0,1,'1','2019-10-10 23:10:32'),(345,'50',0,'Babi Merang (BBQ Pork)',12.00,'',0,'',0,'',132,'babi_merang_bbq_pork74176831570730265',0,1,'1','2019-10-10 23:10:57'),(346,'50',0,'Ayam Rica (Spicy Chicken)',12.50,'',0,'',0,'',132,'ayam_rica_spicy_chicken74207681570730367',1,1,'1','2019-10-10 23:11:33'),(347,'50',0,'Babi Kecap (Braised Pork Belly)',12.50,'',0,'',0,'',132,'babi_kecap_braised_pork_belly82113061570730459',0,1,'1','2019-10-10 23:12:11'),(348,'50',0,'Bakmi Siantar',15.00,'1570729469Bakmi Siantar.jpg',0,'',0,'Originated in Northern Sumatera. With a Homemade Special Sauce, this noodle is covered with BBQ Pork, Diced Chicken, Pork Wonton, Braised Soy Egg and 2 Types of Veggies. Talking about Full House.',132,'bakmi_siantar73354211570730692',0,1,'1','2019-10-10 23:14:29'),(349,'50',0,'Bakmi Komplit',15.00,'1570729663Bakmi Komplit Sakaw, Chicken Noodle complete.jpg',0,'',0,'All the goodness of Enjoy Mie & Enjoy Cafe in one bowl. Noodle topped with choice of Diced Chicken or Mince Pork, Pork Wonton, Beef Ball, Braised Soy Egg and Poached Chinese Green.',132,'bakmi_komplit40076621570730632',0,1,'1','2019-10-10 23:17:43'),(350,'50',0,'Bakmi Matah',15.00,'1570730587Balinese Sambal Matah.jpg',0,'',0,'Sambal Matah is favorite Balinese condiment. Our favorite noodle topped with BBQ Pork & Roast Pork and covered in Sambal Matah to recreate the fresh spices aroma.',132,'bakmi_matah5253821570730587',1,1,'1','2019-10-10 23:33:07'),(351,'50',0,'Nasi Goreng',12.50,'1570731420nasi goreng.jpg',0,'',0,'Famous spicy fried rice with Chicken and House-made spices.',132,'nasi_goreng77249831570731420',0,1,'1','2019-10-10 23:47:00'),(352,'50',0,'Mie Goreng',12.00,'1570731599Bakmi Goreng Jawa or Javanese Style Mee Goreng.jpg',0,'',0,'Stir fried egg noodle with housemade spices.',132,'mie_goreng43282651570731640',0,1,'1','2019-10-10 23:49:59'),(353,'50',0,'Ayam Penyet',12.00,'1570731712Ayam Penyet.jpg',0,'',0,'Twice Cooked Lemongrass Fried Chicken served with warm rice and side of homemade Spicy Sambal.',132,'ayam_penyet45311261570731712',1,1,'1','2019-10-10 23:51:52'),(354,'50',0,'Kwetiau Goreng',12.50,'',0,'',0,'Also known as \"Char Kway Teow\" sweet fried rice noodles with diced chicken.',132,'kwetiau_goreng10007291570731779',0,1,'1','2019-10-10 23:52:59'),(355,'50',0,'Sate',11.00,'1570732024sate.jpg',0,'',0,'Arguably Southeast Asian staple food. A choice of grilled chicken or pork served in glorious peanut sauce.',132,'sate49844281570732024',0,1,'1','2019-10-10 23:57:04'),(356,'50',0,'Ayam Bakar',12.00,'',0,'',0,'Flame grilled chicken with house made sauce, served with steam rice and sambal.',132,'ayam_bakar90691561570732170',0,1,'1','2019-10-10 23:59:30'),(357,'50',0,'Nasi Uduk',12.00,'1570732345Nasi Uduk Komplit.jpg',0,'',0,'Jakarta style \"Nasi Lemak\". Aromatic coconut rice served with fried chicken, tempeh, anchovies, fried tofu with a side of our famous spicy sambal.',132,'nasi_uduk25985761570732345',0,1,'1','2019-10-11 00:02:25'),(358,'50',0,'Nasi Campur',14.00,'1570732491nasi campur.jpg',0,'',0,'Locals favorite rice dish. Steam Rice topped with Soy Egg, Pork Satay, Braised Pork Belly and sweet BBQ Pork.',132,'nasi_campur2177431570732491',0,1,'1','2019-10-11 00:04:51'),(359,'50',0,'Nasi Tim Ayam',11.00,'1570732587Steamed Chicken rice.jpg',0,'',0,'Slow cooked steam rice topped with diced chicken, soy egg and Mushroom served with side of refreshing clear chicken broth.',132,'nasi_tim_ayam63854921570732587',0,1,'1','2019-10-11 00:06:27'),(360,'50',0,'Bubur Ayam',9.50,'1570732740Bubur Ayam.jpg',0,'',0,'Jakarta style congee served with shredded lemongrass fried chicken, deep fried chinese dough, crackers and topped with yellow chicken broth.',132,'bubur_ayam19065841570732740',0,1,'1','2019-10-11 00:09:00'),(361,'50',0,'Nasi Matah',13.00,'',0,'',0,'Steamed rice with BBQ Pork and Roast Pork with Balinese Sambal Matah.',132,'nasi_matah54937141570732792',1,1,'1','2019-10-11 00:09:52'),(362,'50',0,'Soto Ayam',12.50,'',0,'',0,'Indonesian style clear chicken soup, slow cooked in ginger, lemongrass and served with vermicelli, boiled egg and steam rice.',132,'soto_ayam95764871570732943',0,1,'1','2019-10-11 00:12:23'),(363,'62',0,'Bacon & Egg Roll',5.50,'',0,'',0,'',134,'bacon_egg_roll23882831571076000',0,1,'1','2019-10-15 04:51:06'),(364,'62',0,'Hamburger',7.00,'',0,'',0,'',134,'hamburger61450971571075988',0,1,'1','2019-10-15 04:52:55'),(365,'62',0,'Egg Burger',7.50,'',0,'',0,'',134,'egg_burger18800321571075973',0,1,'1','2019-10-15 04:59:33'),(366,'62',0,'Deluxe Burger',9.00,'',0,'',0,'',134,'deluxe_burger46529671571076036',0,1,'1','2019-10-15 05:00:36'),(367,'62',0,'Steak Sandwich',8.50,'',0,'',0,'',134,'steak_sandwich43328051571076057',0,1,'1','2019-10-15 05:00:57'),(368,'62',0,'Chicken Burger',7.50,'',0,'',0,'',134,'chicken_burger21077911571076148',0,1,'1','2019-10-15 05:01:17'),(369,'62',0,'Wedges',4.50,'',0,'',0,'',134,'wedges69765201571076226',0,0,'1','2019-10-15 05:03:46'),(370,'61',0,'Romano',9.00,'',0,'',0,'Roast Chicken, roast capsicum, pumpkin, eggplant, tasty cheese',134,'romano34087171571076354',0,1,'1','2019-10-15 05:05:54'),(371,'61',0,'Supreme',8.80,'',0,'',0,'Ham, tasty cheese, semi-dried tomatoes, avocado',134,'supreme97761651571076403',0,1,'1','2019-10-15 05:06:43'),(372,'61',0,'BLTA',8.50,'',0,'',0,'Bacon, Lettuce, tomatoes, avocado,mayonaise',134,'blta12771681571076442',0,1,'1','2019-10-15 05:07:22'),(373,'61',0,'Mediterranean',8.80,'',0,'',0,'Salami, olive, saute mushroom, eggplant, mozzarella cheese',134,'mediterranean28337431571076603',0,1,'1','2019-10-15 05:10:03'),(374,'61',0,'House Special',8.80,'',0,'',0,'Grilled lemon peppered chicken breast, avocado, spiced tomato, cottage cheese',134,'house_special69368521571076659',0,1,'1','2019-10-15 05:10:59'),(375,'61',0,'Rare Roast Beef',8.50,'',0,'',0,'Mustard pickle, cottage cheese, asparagus, roast capsicum',134,'rare_roast_beef12051141571076910',0,1,'1','2019-10-15 05:15:10'),(376,'61',0,'Turkey Breast',8.00,'',0,'',0,'cranberry sauce, avocado, alfalfa',134,'turkey_breast72416841571076978',0,1,'1','2019-10-15 05:16:18'),(377,'61',0,'Roast Chicken',8.50,'',0,'',0,'Avocado, tasty cheese, lettuce, mayonaise',134,'roast_chicken69998831571077028',0,1,'1','2019-10-15 05:17:08'),(378,'61',0,'Red Salmon',8.00,'',0,'',0,'Cream cheese, Spanish onion, lettuce',134,'red_salmon36667741571077080',0,1,'1','2019-10-15 05:18:00'),(379,'61',0,'Vegetarian',8.00,'',0,'',0,'eggplant, pumpkin, semi-dried tomato, avocado, swiss cheese, basil pesto',134,'vegetarian76188791571077126',0,0,'1','2019-10-15 05:18:46'),(380,'61',0,'Smoked Salmon',9.00,'',0,'',0,'Avocado, capers, spanish, onion, alfalfa',134,'smoked_salmon29950501571077174',0,1,'1','2019-10-15 05:19:34'),(381,'61',0,'Tuna',8.00,'',0,'',0,'Cream cheese, spanish onion, tomato',134,'tuna72367541571077228',0,1,'1','2019-10-15 05:20:28'),(382,'61',0,'Roast Chicken Breast',6.50,'',0,'',0,'',134,'roast_chicken_breast87262821571079908',0,1,'1','2019-10-15 05:57:00'),(383,'61',0,'Grilled Chicken Breast',6.50,'',0,'',0,'',134,'grilled_chicken_breast49967441571079894',0,1,'1','2019-10-15 05:57:30'),(384,'61',0,'Chicken Schnitzel',6.50,'',0,'',0,'',134,'chicken_schnitzel41295611571079882',0,1,'1','2019-10-15 05:57:55'),(385,'61',0,'Turkey Breast',6.50,'',0,'',0,'',134,'turkey_breast81448321571079868',0,1,'1','2019-10-15 05:58:24'),(386,'61',0,'Rare Roast Beef',6.50,'',0,'',0,'',134,'rare_roast_beef73332581571079856',0,1,'1','2019-10-15 05:58:52'),(387,'61',0,'Smoked Salmon',7.00,'',0,'',0,'',134,'smoked_salmon78299701571079845',0,1,'1','2019-10-15 05:59:13'),(388,'61',0,'Red Salmon',6.50,'',0,'',0,'',134,'red_salmon29461261571079834',0,1,'1','2019-10-15 05:59:40'),(391,'50',0,'Laksa',20.00,'1571091673Laksa.jpg',0,'',0,'Laksa je pikantná rezancová polievka ob?úbená v peranakanskej kuchyni juhovýchodnej Ázie. Laksa pozostáva z hustých pšeni?ných rezancov alebo ryžových vermicelli s kuracím mäsom, krevetou alebo rybou, podávaná v pikantnej polievke založenej na bohato',135,'laksa32022721571091673',0,1,'1','2019-10-15 09:21:13'),(392,'50',0,'Fish Balado with rice',15.00,'1571091754SambalFishBalado.jpg',0,'',0,'Balado je typ horúceho a koreneného bumbu (koreninová zmes), ktorý sa nachádza v západnej kuchyni Minang',135,'fish_balado_with_rice75189371571091762',0,1,'1','2019-10-15 09:22:34'),(393,'50',0,'Crispy Pork Belly',15.00,'1571091824CrispyPorkBelly.jpg',0,'',0,'',135,'crispy_pork_belly36622481571091824',0,1,'1','2019-10-15 09:23:44'),(394,'50',0,'Ketoprak Salad',15.00,'1571092163KetoprakSalad.jpg',0,'',0,'Ketoprak je vegetariánske jedlo z Jakarty v Indonézii. Skladá sa z tofu, zeleniny a ryžového kolá?a, ryžových vermicelli podávaných v arašidovej omá?ke.',135,'ketoprak_salad30184821571092163',0,0,'1','2019-10-15 09:29:23'),(395,'50',0,'Mango Bowl',15.00,'1571092227MangoBowl.jpg',0,'',0,'Mango Bowl desert',135,'mango_bowl5301951571092227',0,0,'1','2019-10-15 09:30:27'),(396,'50',0,'Nasi Kuning Ayam Goreng',15.00,'1571092320Nasi Kuning Ayam Goreng.jpg',0,'',0,'Nasi kuning (indonézština pre: „žltá ryža“) alebo niekedy nazývaná nasi kunyit (indonéz?ina pre: ... a zemiaky karamelizované v pikantnej omá?ke), ayam goreng (vyprážané kura v jávskom štýle), balado udang (krevety v chilli).',135,'nasi_kuning_ayam_goreng83735531571092320',0,0,'1','2019-10-15 09:32:00'),(397,'48',0,'Brazilian',0.00,'',1,'',0,'',39,'brazilian8540591571133533',1,1,'1','2019-10-15 20:58:31'),(398,'54',0,'test',0.50,'',0,'',0,'test',124,'test33940441571214806',0,0,'1','2019-10-16 19:33:26'),(399,'55',7,'Fish and chips',15.00,'1571267370Fish-and-Chips.jpg',0,'',0,'Fish and chips',124,'fish_and_chips89133731571873247',0,0,'1','2019-10-17 10:09:30'),(400,'55',1,'Mattar Paneer ',80.00,'1571824810images.jpg',0,'',0,'Indian most popular food',140,'mattar_paneer51698091571832290',1,0,'1','2019-10-23 21:00:10'),(401,'55',1,'Burger',50.00,'',0,'',0,'fast food',140,'burger51526921571832378',1,0,'1','2019-10-23 23:06:18'),(402,'55',2,'Pastry',20.00,'',0,'',0,'bread',140,'pastry11585091571832791',0,0,'1','2019-10-23 23:13:11'),(403,'55',2,'Birthday cake',100.00,'',0,'',0,'special cakes for birthday',140,'birthday_cake23003921571832832',0,0,'1','2019-10-23 23:13:52'),(404,'55',1,'Chapati',10.00,'',0,'',0,'Indian chapati',140,'chapati27375051571832933',0,0,'1','2019-10-23 23:15:33'),(405,'55',0,'American Dish 1',10.00,'',0,'',0,'Spicy American Dish 1',152,'american_dish_157104761572591539',1,0,'1','2019-11-01 17:58:37');
/*!40000 ALTER TABLE `tbl_menu_item` ENABLE KEYS */;
UNLOCK TABLES;

--
-- Table structure for table `tbl_opening_hours`
--

DROP TABLE IF EXISTS `tbl_opening_hours`;
/*!40101 SET @saved_cs_client     = @@character_set_client */;
/*!40101 SET character_set_client = utf8 */;
CREATE TABLE `tbl_opening_hours` (
  `id` int(10) NOT NULL AUTO_INCREMENT,
  `user_id` int(10) NOT NULL,
  `open_days` varchar(100) NOT NULL,
  `start_time` text NOT NULL,
  `end_time` text NOT NULL,
  `open_close` enum('0','1') NOT NULL,
  `minimum_order` float NOT NULL,
  `estimated_cost` float DEFAULT NULL,
  `catering_type` varchar(255) NOT NULL,
  `average_time` varchar(255) DEFAULT NULL,
  `status` enum('0','1') NOT NULL,
  `created` datetime NOT NULL,
  PRIMARY KEY (`id`)
) ENGINE=InnoDB AUTO_INCREMENT=100 DEFAULT CHARSET=latin1;
/*!40101 SET character_set_client = @saved_cs_client */;

--
-- Dumping data for table `tbl_opening_hours`
--

LOCK TABLES `tbl_opening_hours` WRITE;
/*!40000 ALTER TABLE `tbl_opening_hours` DISABLE KEYS */;
INSERT INTO `tbl_opening_hours` VALUES (1,1,'mon,tue,wed,thu,fri,sat,sun','08:00:00,08:00:00,08:00:00,08:00:00,08:00:00,08:00:00,08:00:00','23:00:00,23:00:00,23:00:00,23:00:00,23:00:00,23:00:00,23:00:00','1',1,NULL,'Meals,Event',NULL,'1','0000-00-00 00:00:00'),(2,2,'mon,tue,wed,thu,fri,sat,sun','08:00:00,08:00:00,08:00:00,08:00:00,08:00:00,08:00:00,08:00:00','23:00:00,23:00:00,23:00:00,23:00:00,23:00:00,23:00:00,23:00:00','1',0,NULL,'Event',NULL,'1','0000-00-00 00:00:00'),(3,3,'mon,tue,wed,thu,fri,sat,sun','08:00:00,08:00:00,08:00:00,08:00:00,08:00:00,08:00:00,08:00:00','23:00:00,23:00:00,23:00:00,23:00:00,23:00:00,23:00:00,23:00:00','0',10,NULL,'6,4,3',NULL,'1','0000-00-00 00:00:00'),(4,9,'mon,tue,wed,thu,fri,sat,sun','08:00:00,08:00:00,08:00:00,08:00:00,08:00:00,08:00:00,08:00:00','23:00:00,23:00:00,23:00:00,23:00:00,23:00:00,23:00:00,23:00:00','0',10,NULL,'5,6,4',NULL,'1','0000-00-00 00:00:00'),(5,10,'mon,tue,wed,thu,fri,sat,sun','08:00:00,08:00:00,08:00:00,08:00:00,08:00:00,08:00:00,08:00:00','23:00:00,23:00:00,23:00:00,23:00:00,23:00:00,23:00:00,23:00:00','0',15,NULL,'5,6,4',NULL,'1','0000-00-00 00:00:00'),(6,11,'mon,tue,wed,thu,fri,sat,sun','08:00:00,08:00:00,08:00:00,08:00:00,08:00:00,08:00:00,08:00:00','23:00:00,23:00:00,23:00:00,23:00:00,23:00:00,23:00:00,23:00:00','0',10,NULL,'6,4,3',NULL,'1','0000-00-00 00:00:00'),(7,12,'mon,tue,wed,thu,fri,sat,sun','08:00:00,08:00:00,08:00:00,08:00:00,08:00:00,08:00:00,08:00:00','23:00:00,23:00:00,23:00:00,23:00:00,23:00:00,23:00:00,23:00:00','1',11,NULL,'5,6,4',NULL,'1','0000-00-00 00:00:00'),(8,13,'mon,tue,wed,thu,fri,sat,sun','08:00:00,08:00:00,08:00:00,08:00:00,08:00:00,08:00:00,08:00:00','23:00:00,23:00:00,23:00:00,23:00:00,23:00:00,23:00:00,23:00:00','0',0,NULL,'',NULL,'1','0000-00-00 00:00:00'),(9,14,'mon,tue,wed,thu,fri,sat,sun','08:00:00,08:00:00,08:00:00,08:00:00,08:00:00,08:00:00,08:00:00','23:00:00,23:00:00,23:00:00,23:00:00,23:00:00,23:00:00,23:00:00','1',12,NULL,'6,4,3',NULL,'1','2017-06-30 10:40:00'),(10,15,'mon,tue,wed,thu,fri,sat,sun','08:00:00,08:00:00,08:00:00,08:00:00,08:00:00,08:00:00,08:00:00','23:00:00,23:00:00,23:00:00,23:00:00,23:00:00,23:00:00,23:00:00','1',14,NULL,'5,6,4',NULL,'1','0000-00-00 00:00:00'),(11,16,'mon,tue,wed,thu,fri,sat,sun','08:00:00,08:00:00,08:00:00,08:00:00,08:00:00,08:00:00,08:00:00','23:00:00,23:00:00,23:00:00,23:00:00,23:00:00,23:00:00,23:00:00','1',12,NULL,'6,4,3',NULL,'1','0000-00-00 00:00:00'),(12,17,'mon,tue,wed,thu,fri,sat,sun','08:00:00,08:00:00,08:00:00,08:00:00,08:00:00,08:00:00,08:00:00','23:00:00,23:00:00,23:00:00,23:00:00,23:00:00,23:00:00,23:00:00','1',15,NULL,'5,6,4',NULL,'1','0000-00-00 00:00:00'),(13,18,'mon,tue,wed,thu,fri,sat,sun','08:00:00,08:00:00,08:00:00,08:00:00,08:00:00,08:00:00,08:00:00','23:00:00,23:00:00,23:00:00,23:00:00,23:00:00,23:00:00,23:00:00','1',9,NULL,'5,6,4',NULL,'1','0000-00-00 00:00:00'),(14,19,'mon,tue,wed,thu,fri,sat,sun','08:00:00,08:00:00,08:00:00,08:00:00,08:00:00,08:00:00,08:00:00','23:00:00,23:00:00,23:00:00,23:00:00,23:00:00,23:00:00,23:00:00','1',10,NULL,'5,6,4',NULL,'1','0000-00-00 00:00:00'),(15,20,'mon,tue,wed,thu,fri,sat,sun','08:00:00,08:00:00,08:00:00,08:00:00,08:00:00,08:00:00,08:00:00','23:00:00,23:00:00,23:00:00,23:00:00,23:00:00,23:00:00,23:00:00','1',0,NULL,'5,6,4',NULL,'1','0000-00-00 00:00:00'),(16,21,'mon,tue,wed,thu,fri,sat,sun','08:00:00,08:00:00,08:00:00,08:00:00,08:00:00,08:00:00,08:00:00','23:00:00,23:00:00,23:00:00,23:00:00,23:00:00,23:00:00,23:00:00','1',0,NULL,'5,6,4',NULL,'1','0000-00-00 00:00:00'),(17,22,'mon,tue,wed,thu,fri,sat,sun','08:00:00,08:00:00,08:00:00,08:00:00,08:00:00,08:00:00,08:00:00','23:00:00,23:00:00,23:00:00,23:00:00,23:00:00,23:00:00,23:00:00','1',0,NULL,'5,6,3',NULL,'1','0000-00-00 00:00:00'),(18,23,'mon,tue,wed,thu,fri,sat,sun','08:00:00,08:00:00,08:00:00,08:00:00,08:00:00,08:00:00,08:00:00','23:00:00,23:00:00,23:00:00,23:00:00,23:00:00,23:00:00,23:00:00','1',12,NULL,'5,6,3',NULL,'1','0000-00-00 00:00:00'),(19,24,'mon,tue,wed,thu,fri,sat,sun','08:00:00,08:00:00,08:00:00,08:00:00,08:00:00,08:00:00,08:00:00','23:00:00,23:00:00,23:00:00,23:00:00,23:00:00,23:00:00,23:00:00','1',15,NULL,'5,6,3',NULL,'1','0000-00-00 00:00:00'),(20,25,'mon,tue,wed,thu,fri,sat,sun','08:00:00,08:00:00,08:00:00,08:00:00,08:00:00,08:00:00,08:00:00','23:00:00,23:00:00,23:00:00,23:00:00,23:00:00,23:00:00,23:00:00','1',12,NULL,'5,6,4',NULL,'1','0000-00-00 00:00:00'),(21,26,'mon,tue,wed,thu,fri,sat,sun','08:00:00,08:00:00,08:00:00,08:00:00,08:00:00,08:00:00,08:00:00','23:00:00,23:00:00,23:00:00,23:00:00,23:00:00,23:00:00,23:00:00','1',15,NULL,'5,6,4',NULL,'1','0000-00-00 00:00:00'),(22,27,'mon,tue,wed,thu,fri,sat,sun','08:00:00,08:00:00,08:00:00,08:00:00,08:00:00,08:00:00,08:00:00','23:00:00,23:00:00,23:00:00,23:00:00,23:00:00,23:00:00,23:00:00','1',14,NULL,'6,4,3',NULL,'1','0000-00-00 00:00:00'),(23,28,'mon,tue,wed,thu,fri,sat,sun','08:00:00,08:00:00,08:00:00,08:00:00,08:00:00,08:00:00,08:00:00','23:00:00,23:00:00,23:00:00,23:00:00,23:00:00,23:00:00,23:00:00','1',21,NULL,'5,6,4',NULL,'1','0000-00-00 00:00:00'),(24,29,'mon,tue,wed,thu,fri,sat,sun','08:00:00,08:00:00,08:00:00,08:00:00,08:00:00,08:00:00,08:00:00','23:00:00,23:00:00,23:00:00,23:00:00,23:00:00,23:00:00,23:00:00','1',13,NULL,'5,6,3',NULL,'1','0000-00-00 00:00:00'),(25,30,'mon,tue,wed,thu,fri,sat,sun','08:00:00,08:00:00,08:00:00,08:00:00,08:00:00,08:00:00,08:00:00','23:00:00,23:00:00,23:00:00,23:00:00,23:00:00,23:00:00,23:00:00','1',13,NULL,'5,6,4',NULL,'1','0000-00-00 00:00:00'),(26,31,'mon,tue,wed,thu,fri,sat,sun','08:00:00,08:00:00,08:00:00,08:00:00,08:00:00,08:00:00,08:00:00','23:00:00,23:00:00,23:00:00,23:00:00,23:00:00,23:00:00,23:00:00','1',12,NULL,'6,4,3',NULL,'1','0000-00-00 00:00:00'),(27,32,'mon,tue,wed,thu,fri,sat,sun','08:00:00,08:00:00,08:00:00,08:00:00,08:00:00,08:00:00,08:00:00','23:00:00,23:00:00,23:00:00,23:00:00,23:00:00,23:00:00,23:00:00','1',15,NULL,'5,6,4',NULL,'1','0000-00-00 00:00:00'),(28,33,'mon,tue,wed,thu,fri,sat,sun','08:00:00,08:00:00,08:00:00,08:00:00,08:00:00,08:00:00,08:00:00','23:00:00,23:00:00,23:00:00,23:00:00,23:00:00,23:00:00,23:00:00','1',12,NULL,'5,6,3',NULL,'1','0000-00-00 00:00:00'),(29,34,'mon,tue,wed,thu,fri,sat,sun','08:00:00,08:00:00,08:00:00,08:00:00,08:00:00,08:00:00,08:00:00','23:00:00,23:00:00,23:00:00,23:00:00,23:00:00,23:00:00,23:00:00','1',10,NULL,'5,4,3',NULL,'1','0000-00-00 00:00:00'),(30,35,'mon,tue,wed,thu,fri,sat,sun','08:00:00,08:00:00,08:00:00,08:00:00,08:00:00,08:00:00,08:00:00','23:00:00,23:00:00,23:00:00,23:00:00,23:00:00,23:00:00,23:00:00','1',15,NULL,'6,4,3',NULL,'1','0000-00-00 00:00:00'),(31,36,'mon,tue,wed,thu,fri,sat,sun','08:00:00,08:00:00,08:00:00,08:00:00,08:00:00,08:00:00,08:00:00','23:00:00,23:00:00,23:00:00,23:00:00,23:00:00,23:00:00,23:00:00','1',12,NULL,'5,6,3',NULL,'1','0000-00-00 00:00:00'),(32,37,'mon,tue,wed,thu,fri,sat,sun','08:00:00,08:00:00,08:00:00,08:00:00,08:00:00,08:00:00,08:00:00','23:00:00,23:00:00,23:00:00,23:00:00,23:00:00,23:00:00,23:00:00','1',14,NULL,'6,4,3',NULL,'1','0000-00-00 00:00:00'),(33,38,'mon,tue,wed,thu,fri,sat,sun','08:00:00,08:00:00,08:00:00,08:00:00,08:00:00,08:00:00,08:00:00','23:00:00,23:00:00,23:00:00,23:00:00,23:00:00,23:00:00,23:00:00','1',20,NULL,'5,4,3',NULL,'1','0000-00-00 00:00:00'),(34,39,'mon,tue,wed,thu,fri,sat','08:00:00,08:00:00,08:00:00,08:00:00,08:00:00,01:30:00','23:00:00,23:30:00,23:00:00,23:00:00,00:00:00,03:00:00','1',15,100,'5,6,4,3','25','1','0000-00-00 00:00:00'),(35,40,'mon,tue,wed,thu,fri,sat,sun','08:00:00,08:00:00,08:00:00,08:00:00,08:00:00,08:00:00,08:00:00','23:00:00,23:00:00,23:00:00,23:00:00,23:00:00,23:00:00,23:00:00','1',12,NULL,'Lunch,Dinner',NULL,'1','0000-00-00 00:00:00'),(36,41,'mon,tue,wed,thu,fri,sat,sun','08:00:00,08:00:00,08:00:00,08:00:00,08:00:00,08:00:00,08:00:00','23:00:00,23:00:00,23:00:00,23:00:00,23:00:00,23:00:00,23:00:00','1',100,580,'4,3','150','1','0000-00-00 00:00:00'),(37,42,'mon,tue,wed,thu,fri,sat,sun','08:00:00,08:00:00,08:00:00,08:00:00,08:00:00,08:00:00,08:00:00','23:00:00,23:00:00,23:00:00,23:00:00,23:00:00,23:00:00,23:00:00','0',0,NULL,'',NULL,'1','0000-00-00 00:00:00'),(38,43,'mon,tue,wed,thu,fri,sat,sun','08:00:00,08:00:00,08:00:00,08:00:00,08:00:00,08:00:00,08:00:00','23:00:00,23:00:00,23:00:00,23:00:00,23:00:00,23:00:00,23:00:00','0',0,NULL,'',NULL,'1','0000-00-00 00:00:00'),(39,54,'mon,tue,wed,thu,fri,sat,sun','08:00:00,08:00:00,08:00:00,08:00:00,08:00:00,08:00:00,08:00:00','23:00:00,23:00:00,23:00:00,23:00:00,23:00:00,23:00:00,23:00:00','0',0,NULL,'',NULL,'1','0000-00-00 00:00:00'),(40,55,'mon,tue,wed,thu,fri,sat,sun','08:00:00,08:00:00,08:00:00,08:00:00,08:00:00,08:00:00,08:00:00','23:00:00,23:00:00,23:00:00,23:00:00,23:00:00,23:00:00,23:00:00','0',0,NULL,'',NULL,'1','0000-00-00 00:00:00'),(41,59,'mon,tue,wed,thu,fri,sat,sun','08:00:00,08:00:00,08:00:00,08:00:00,08:00:00,08:00:00,08:00:00','23:00:00,23:00:00,23:00:00,23:00:00,23:00:00,23:00:00,23:00:00','1',0,NULL,'',NULL,'1','0000-00-00 00:00:00'),(42,60,'mon,tue,wed,thu,fri,sat,sun','08:00:00,08:00:00,08:00:00,08:00:00,08:00:00,08:00:00,08:00:00','23:00:00,23:00:00,23:00:00,23:00:00,23:00:00,23:00:00,23:00:00','0',0,NULL,'',NULL,'1','2017-09-18 11:37:00'),(43,61,'mon,tue,wed,thu,fri,sat,sun','08:00:00,08:00:00,08:00:00,08:00:00,08:00:00,08:00:00,08:00:00','23:00:00,23:00:00,23:00:00,23:00:00,23:00:00,23:00:00,23:00:00','0',0,NULL,'',NULL,'1','0000-00-00 00:00:00'),(44,62,'mon,tue,wed,thu,fri,sat,sun','08:00:00,08:00:00,08:00:00,08:00:00,08:00:00,08:00:00,08:00:00','23:00:00,23:00:00,23:00:00,23:00:00,23:00:00,23:00:00,23:00:00','0',0,NULL,'',NULL,'1','0000-00-00 00:00:00'),(45,64,'mon,tue,wed,thu,fri,sat,sun','08:00:00,08:00:00,08:00:00,08:00:00,08:00:00,08:00:00,08:00:00','23:00:00,23:00:00,23:00:00,23:00:00,23:00:00,23:00:00,23:00:00','0',0,NULL,'',NULL,'1','0000-00-00 00:00:00'),(46,65,'mon,wed','09:30,00:00','09:00,00:30','1',14,12,'6','12','1','0000-00-00 00:00:00'),(47,66,'mon,tue,wed,thu,fri,sat,sun','08:00:00,08:00:00,08:00:00,08:00:00,08:00:00,08:00:00,08:00:00','23:00:00,23:00:00,23:00:00,23:00:00,23:00:00,23:00:00,23:00:00','0',0,NULL,'',NULL,'1','0000-00-00 00:00:00'),(48,67,'mon,tue,wed,thu,fri,sat,sun','08:00:00,08:00:00,08:00:00,08:00:00,08:00:00,08:00:00,08:00:00','23:00:00,23:00:00,23:00:00,23:00:00,23:00:00,23:00:00,23:00:00','0',0,NULL,'',NULL,'1','0000-00-00 00:00:00'),(49,68,'mon,tue,wed,thu,fri,sat,sun','08:00:00,08:00:00,08:00:00,08:00:00,08:00:00,08:00:00,08:00:00','23:00:00,23:00:00,23:00:00,23:00:00,23:00:00,23:00:00,23:00:00','0',0,NULL,'',NULL,'1','0000-00-00 00:00:00'),(50,0,'mon,tue,wed,thu,fri,sat,sun','08:00:00,08:00:00,08:00:00,08:00:00,08:00:00,08:00:00,08:00:00','23:00:00,23:00:00,23:00:00,23:00:00,23:00:00,23:00:00,23:00:00','1',6,59,'4,3','5','1','2017-11-03 16:42:03'),(51,0,'mon,tue,wed,thu,fri,sat,sun','08:00:00,08:00:00,08:00:00,08:00:00,08:00:00,08:00:00,08:00:00','23:00:00,23:00:00,23:00:00,23:00:00,23:00:00,23:00:00,23:00:00','1',6,59,'4,3','5','1','2017-11-03 16:42:22'),(52,0,'mon,tue,wed,thu,fri,sat,sun','08:00:00,08:00:00,08:00:00,08:00:00,08:00:00,08:00:00,08:00:00','23:00:00,23:00:00,23:00:00,23:00:00,23:00:00,23:00:00,23:00:00','1',6,59,'4,3','5','1','2017-11-03 16:42:23'),(53,0,'mon,tue,wed,thu,fri,sat,sun','08:00:00,08:00:00,08:00:00,08:00:00,08:00:00,08:00:00,08:00:00','23:00:00,23:00:00,23:00:00,23:00:00,23:00:00,23:00:00,23:00:00','1',6,59,'4,3','5','1','2017-11-03 16:42:34'),(54,0,'mon,tue,wed,thu,fri,sat,sun','08:00:00,08:00:00,08:00:00,08:00:00,08:00:00,08:00:00,08:00:00','23:00:00,23:00:00,23:00:00,23:00:00,23:00:00,23:00:00,23:00:00','1',6,59,'4,3','5','1','2017-11-03 16:42:35'),(55,0,'mon,tue,wed,thu,fri,sat,sun','08:00:00,08:00:00,08:00:00,08:00:00,08:00:00,08:00:00,08:00:00','23:00:00,23:00:00,23:00:00,23:00:00,23:00:00,23:00:00,23:00:00','1',6,59,'4,3','5','1','2017-11-03 16:42:36'),(56,0,'mon,tue,wed,thu,fri,sat,sun','08:00:00,08:00:00,08:00:00,08:00:00,08:00:00,08:00:00,08:00:00','23:00:00,23:00:00,23:00:00,23:00:00,23:00:00,23:00:00,23:00:00','1',6,59,'4,3','5','1','2017-11-03 16:42:51'),(57,0,'mon,tue,wed,thu,fri,sat,sun','08:00:00,08:00:00,08:00:00,08:00:00,08:00:00,08:00:00,08:00:00','23:00:00,23:00:00,23:00:00,23:00:00,23:00:00,23:00:00,23:00:00','1',6,59,'4,3','5','1','2017-11-03 16:42:52'),(58,0,'mon,tue,wed,thu,fri,sat,sun','08:00:00,08:00:00,08:00:00,08:00:00,08:00:00,08:00:00,08:00:00','23:00:00,23:00:00,23:00:00,23:00:00,23:00:00,23:00:00,23:00:00','1',6,59,'4,3','5','1','2017-11-03 16:42:53'),(59,0,'mon,tue,wed,thu,fri,sat,sun','08:00:00,08:00:00,08:00:00,08:00:00,08:00:00,08:00:00,08:00:00','23:00:00,23:00:00,23:00:00,23:00:00,23:00:00,23:00:00,23:00:00','1',6,59,'4,3','5','1','2017-11-03 16:42:54'),(60,0,'mon,tue,wed,thu,fri,sat,sun','08:00:00,08:00:00,08:00:00,08:00:00,08:00:00,08:00:00,08:00:00','23:00:00,23:00:00,23:00:00,23:00:00,23:00:00,23:00:00,23:00:00','1',6,59,'4,3','5','1','2017-11-03 16:42:58'),(61,69,'mon,tue,wed,thu,fri,sat,sun','08:00:00,08:00:00,08:00:00,08:00:00,08:00:00,08:00:00,08:00:00','23:00:00,23:00:00,23:00:00,23:00:00,23:00:00,23:00:00,23:00:00','0',0,NULL,'',NULL,'1','0000-00-00 00:00:00'),(62,75,'mon,tue,wed,thu,fri,sat,sun','08:00:00,08:00:00,08:00:00,08:00:00,08:00:00,08:00:00,08:00:00','23:00:00,23:00:00,23:00:00,23:00:00,23:00:00,23:00:00,23:00:00','0',0,NULL,'',NULL,'1','0000-00-00 00:00:00'),(63,90,'mon,tue,wed,thu,fri,sat,sun','08:00:00,08:00:00,08:00:00,08:00:00,08:00:00,08:00:00,08:00:00','23:00:00,23:00:00,23:00:00,23:00:00,23:00:00,23:00:00,23:00:00','0',0,NULL,'',NULL,'1','0000-00-00 00:00:00'),(64,95,'mon,tue,wed,thu,fri,sat,sun','08:00:00,08:00:00,08:00:00,08:00:00,08:00:00,08:00:00,08:00:00','23:00:00,23:00:00,23:00:00,23:00:00,23:00:00,23:00:00,23:00:00','0',0,NULL,'',NULL,'1','0000-00-00 00:00:00'),(65,97,'mon,tue,wed,thu,fri,sat,sun','09:00:00,09:00:00,09:00:00,09:00:00,09:00:00,09:00:00,09:00:00','23:30:00,23:30:00,23:30:00,23:30:00,23:30:00,23:30:00,22:00:00','1',1,30,'5,6,4,3','30','1','0000-00-00 00:00:00'),(66,98,'mon,tue,wed,thu,fri,sat,sun','08:00:00,08:00:00,08:00:00,08:00:00,08:00:00,08:00:00,08:00:00','23:00:00,23:00:00,23:00:00,23:00:00,23:00:00,23:00:00,23:00:00','0',0,NULL,'',NULL,'1','0000-00-00 00:00:00'),(67,99,'mon,tue,wed,thu,fri,sat,sun','08:00:00,08:00:00,08:00:00,08:00:00,08:00:00,08:00:00,08:00:00','23:00:00,23:00:00,23:00:00,23:00:00,23:00:00,23:00:00,23:00:00','0',0,NULL,'',NULL,'1','0000-00-00 00:00:00'),(68,100,'mon,tue,wed,thu,fri,sat,sun','08:00:00,08:00:00,08:00:00,08:00:00,08:00:00,08:00:00,08:00:00','23:00:00,23:00:00,23:00:00,23:00:00,23:00:00,23:00:00,23:00:00','0',0,NULL,'',NULL,'1','0000-00-00 00:00:00'),(69,102,'mon,tue,wed,thu,fri,sat,sun','','','0',0,NULL,'',NULL,'1','0000-00-00 00:00:00'),(70,105,'mon,tue,wed,thu,fri,sat,sun','08:00:00,08:00:00,08:00:00,08:00:00,08:00:00,08:00:00,08:00:00','23:00:00,23:00:00,23:00:00,23:00:00,23:00:00,23:00:00,23:00:00','1',10,10,'5,4,3','15','1','0000-00-00 00:00:00'),(71,106,'mon,tue,wed,thu,fri,sat,sun','08:00:00,08:00:00,08:00:00,08:00:00,08:00:00,08:00:00,08:00:00','23:00:00,23:00:00,23:00:00,23:00:00,23:00:00,23:00:00,23:00:00','0',0,NULL,'',NULL,'1','0000-00-00 00:00:00'),(72,107,'mon,tue,wed,thu,fri,sat,sun','08:00:00,08:00:00,08:00:00,08:00:00,08:00:00,08:00:00,08:00:00','23:00:00,23:00:00,23:00:00,23:00:00,23:00:00,23:00:00,23:00:00','0',0,NULL,'',NULL,'1','0000-00-00 00:00:00'),(73,108,'mon,tue,wed,thu,fri,sat','11:00:00,11:00:00,11:00:00,11:00:00,11:00:00,11:00:00','20:30:00,20:30:00,20:30:00,20:30:00,20:30:00,20:30:00','1',1,25,'5,6,4,3','30','1','0000-00-00 00:00:00'),(74,109,'mon,tue,wed,thu,fri,sat,sun','10:00:00,10:00:00,10:00:00,10:00:00,10:00:00,10:00:00,10:00:00','22:00:00,22:00:00,22:00:00,22:00:00,22:00:00,22:00:00,22:00:00','1',15,30,'5,6,4,3','30','1','0000-00-00 00:00:00'),(75,113,'mon,tue,wed,thu,fri,sat,sun','06:30:00,06:30:00,06:30:00,06:30:00,06:30:00,06:00:00,06:00:00','16:00:00,16:00:00,16:00:00,16:00:00,16:00:00,17:00:00,16:00:00','1',3,6,'5,6,3','30','1','0000-00-00 00:00:00'),(76,114,'mon,tue,wed,thu,fri,sat,sun','11:00:00,11:00:00,11:00:00,11:00:00,11:00:00,11:00:00,11:00:00','22:00:00,22:00:00,22:00:00,22:00:00,22:00:00,22:00:00,22:00:00','1',12,35,'4,3','30','1','0000-00-00 00:00:00'),(77,115,'mon,tue,wed,thu,fri','09:00:00,09:00:00,09:00:00,09:00:00,09:00:00','17:00:00,17:00:00,17:00:00,17:00:00,17:00:00','1',1,8.95,'7','30','1','0000-00-00 00:00:00'),(78,116,'mon,tue,wed,thu,fri,sat,sun','10:00:00,10:00:00,10:00:00,10:00:00,10:00:00,10:00:00,10:00:00','23:00:00,23:00:00,23:00:00,23:00:00,23:00:00,23:00:00,23:00:00','1',1,25,'5,6,3,7','30','1','0000-00-00 00:00:00'),(79,119,'mon,tue,wed,thu,fri,sat,sun','08:00:00,08:00:00,08:00:00,08:00:00,08:00:00,08:00:00,08:00:00','23:00:00,23:00:00,23:00:00,23:00:00,23:00:00,23:00:00,23:00:00','0',0,NULL,'',NULL,'1','0000-00-00 00:00:00'),(80,120,'mon,tue,wed,thu,fri,sat,sun','08:00:00,08:00:00,08:00:00,08:00:00,08:00:00,08:00:00,08:00:00','23:00:00,23:00:00,23:00:00,23:00:00,23:00:00,23:00:00,23:00:00','0',0,NULL,'',NULL,'1','0000-00-00 00:00:00'),(81,121,'mon,tue,wed,thu,fri,sat,sun','08:00:00,08:00:00,08:00:00,08:00:00,08:00:00,08:00:00,08:00:00','23:00:00,23:00:00,23:00:00,23:00:00,23:00:00,23:00:00,23:00:00','0',0,NULL,'',NULL,'1','0000-00-00 00:00:00'),(82,122,'mon,tue,wed,thu,fri,sat,sun','08:00:00,08:00:00,08:00:00,08:00:00,08:00:00,08:00:00,08:00:00','23:00:00,23:00:00,23:00:00,23:00:00,23:00:00,23:00:00,23:00:00','0',0,NULL,'',NULL,'1','2019-10-06 18:59:00'),(83,123,'mon,tue,wed,thu,fri,sat,sun','08:00:00,08:00:00,08:00:00,08:00:00,08:00:00,08:00:00,08:00:00','23:00:00,23:00:00,23:00:00,23:00:00,23:00:00,23:00:00,23:00:00','0',0,NULL,'',NULL,'1','0000-00-00 00:00:00'),(84,125,'mon,tue,wed,thu,fri,sat,sun','08:00:00,08:00:00,08:00:00,08:00:00,08:00:00,08:00:00,08:00:00','23:00:00,23:00:00,23:00:00,23:00:00,23:00:00,23:00:00,23:00:00','0',0,NULL,'',NULL,'1','0000-00-00 00:00:00'),(85,124,'mon,tue,wed,thu,fri,sat,sun','10:30:00,10:30:00,10:30:00,10:30:00,10:30:00,10:30:00,10:30:00','22:30:00,23:30:00,22:30:00,23:30:00,22:30:00,22:30:00,22:30:00','1',0.5,30,'6,4,3','30','1','0000-00-00 00:00:00'),(86,126,'mon,tue,wed,thu,fri,sat,sun','08:00:00,08:00:00,08:00:00,08:00:00,08:00:00,08:00:00,08:00:00','23:00:00,23:00:00,23:00:00,23:00:00,23:00:00,23:00:00,23:00:00','0',0,NULL,'',NULL,'1','0000-00-00 00:00:00'),(87,129,'mon,tue,wed,thu,fri,sat,sun','11:00:00,11:00:00,11:00:00,11:00:00,11:30:00,12:00:00,12:00:00','22:00:00,22:00:00,22:00:00,22:00:00,22:00:00,22:00:00,22:00:00','1',2,4,'4,3','30','1','0000-00-00 00:00:00'),(88,132,'mon,tue,wed,thu,fri,sat,sun','10:00:00,10:00:00,10:00:00,10:00:00,10:00:00,10:00:00,10:00:00','21:00:00,21:00:00,21:00:00,21:00:00,21:00:00,21:00:00,21:00:00','1',9.5,19,'4,3','30','1','0000-00-00 00:00:00'),(89,133,'tue,wed,thu,fri,sat,sun','12:00:00,12:00:00,12:00:00,08:00:00,11:00:00,11:00:00','20:30:00,20:30:00,20:30:00,20:30:00,21:00:00,21:00:00','1',6.5,30,'4,3','30','1','0000-00-00 00:00:00'),(90,134,'mon,tue,wed,thu,fri','06:00:00,06:00:00,06:00:00,06:00:00,06:00:00','16:30:00,16:30:00,16:30:00,16:30:00,16:30:00','1',4.5,9,'5,6','30','1','0000-00-00 00:00:00'),(91,135,'mon,tue,wed,thu,fri,sat,sun','11:00:00,11:00:00,11:00:00,11:00:00,11:00:00,12:00:00,11:00:00','00:00:00,00:00:00,00:00:00,00:00:00,00:00:00,21:00:00,15:30:00','1',15,30,'6,4,3','30','1','0000-00-00 00:00:00'),(92,138,'mon,tue,wed,thu,fri,sat,sun','08:00:00,08:00:00,08:00:00,08:00:00,08:00:00,08:00:00,08:00:00','23:00:00,23:00:00,23:00:00,23:00:00,23:00:00,23:00:00,23:00:00','0',0,NULL,'',NULL,'1','0000-00-00 00:00:00'),(93,140,'mon,tue,wed,thu,fri,sat,sun','08:00:00,08:00:00,08:00:00,08:00:00,08:00:00,08:00:00,08:00:00','23:00:00,23:00:00,23:00:00,23:00:00,23:00:00,23:30:00,23:00:00','0',20,30,'5','10','1','0000-00-00 00:00:00'),(94,142,'mon,tue,wed,thu,fri,sat,sun','08:00:00,08:00:00,08:00:00,08:00:00,08:00:00,08:00:00,08:00:00','23:00:00,23:00:00,23:00:00,23:00:00,23:00:00,23:00:00,23:00:00','0',0,NULL,'',NULL,'1','0000-00-00 00:00:00'),(95,144,'mon,tue,wed,thu,fri,sat,sun','08:00:00,08:00:00,08:00:00,08:00:00,08:00:00,08:00:00,08:00:00','23:00:00,23:00:00,23:00:00,23:00:00,23:00:00,23:00:00,23:00:00','0',0,NULL,'',NULL,'1','0000-00-00 00:00:00'),(96,149,'mon,tue,wed,thu,fri,sat,sun','08:00:00,08:00:00,08:00:00,08:00:00,08:00:00,08:00:00,08:00:00','23:00:00,23:00:00,23:00:00,23:00:00,23:00:00,23:00:00,23:00:00','0',0,NULL,'',NULL,'1','2019-10-30 09:53:00'),(97,150,'mon,tue,wed,thu,fri,sat,sun','08:00:00,08:00:00,08:00:00,08:00:00,08:00:00,08:00:00,08:00:00','23:00:00,23:00:00,23:00:00,23:00:00,23:00:00,23:00:00,23:00:00','0',0,NULL,'',NULL,'1','0000-00-00 00:00:00'),(98,152,'mon,tue,wed,thu,fri,sat,sun','08:00:00,08:00:00,08:00:00,08:00:00,08:00:00,08:00:00,08:00:00','23:00:00,23:00:00,23:00:00,23:00:00,23:00:00,23:00:00,23:00:00','1',10,20,'5','20','1','0000-00-00 00:00:00'),(99,155,'mon,tue,wed,thu,fri,sat,sun','08:00:00,08:00:00,08:00:00,08:00:00,08:00:00,08:00:00,08:00:00','23:00:00,23:00:00,23:00:00,23:00:00,23:00:00,23:00:00,23:00:00','0',0,NULL,'',NULL,'1','0000-00-00 00:00:00');
/*!40000 ALTER TABLE `tbl_opening_hours` ENABLE KEYS */;
UNLOCK TABLES;

--
-- Table structure for table `tbl_order_courier`
--

DROP TABLE IF EXISTS `tbl_order_courier`;
/*!40101 SET @saved_cs_client     = @@character_set_client */;
/*!40101 SET character_set_client = utf8 */;
CREATE TABLE `tbl_order_courier` (
  `id` int(11) NOT NULL AUTO_INCREMENT,
  `slug` varchar(254) DEFAULT NULL,
  `user_id` int(11) NOT NULL,
  `order_id` int(11) NOT NULL,
  `status` enum('Pending','Confirm','Cancel') NOT NULL DEFAULT 'Pending',
  `created` datetime NOT NULL,
  PRIMARY KEY (`id`)
) ENGINE=InnoDB AUTO_INCREMENT=10 DEFAULT CHARSET=latin1;
/*!40101 SET character_set_client = @saved_cs_client */;

--
-- Dumping data for table `tbl_order_courier`
--

LOCK TABLES `tbl_order_courier` WRITE;
/*!40000 ALTER TABLE `tbl_order_courier` DISABLE KEYS */;
INSERT INTO `tbl_order_courier` VALUES (1,'cservice25212351498653617',7,3,'Pending','2017-06-28 14:40:17'),(2,'cservice18051941498711826',7,5,'Pending','2017-06-29 06:50:26'),(3,'cservice23781481498711848',7,6,'Confirm','2017-06-29 06:50:48'),(4,'cservice68650411498711999',7,7,'Confirm','2017-06-29 06:53:19'),(5,'cservice14403391498712181',7,8,'Cancel','2017-06-29 06:56:21'),(6,'cservice23122681498714215',7,9,'Cancel','2017-06-29 07:30:15'),(7,'cservice65541351498714594',7,11,'Pending','2017-06-29 07:36:34'),(8,'cservice68611811498812484',7,33,'Confirm','2017-06-30 10:48:04'),(9,'cservice60736411498812556',7,34,'Cancel','2017-06-30 10:49:16');
/*!40000 ALTER TABLE `tbl_order_courier` ENABLE KEYS */;
UNLOCK TABLES;

--
-- Table structure for table `tbl_order_item`
--

DROP TABLE IF EXISTS `tbl_order_item`;
/*!40101 SET @saved_cs_client     = @@character_set_client */;
/*!40101 SET character_set_client = utf8 */;
CREATE TABLE `tbl_order_item` (
  `id` int(11) NOT NULL AUTO_INCREMENT,
  `user_id` int(11) NOT NULL,
  `order_id` int(11) DEFAULT NULL,
  `slug` varchar(254) DEFAULT NULL,
  `menu_id` int(11) DEFAULT NULL,
  `caterer_id` int(10) NOT NULL,
  `base_price` varchar(254) NOT NULL,
  `quantity` int(11) DEFAULT NULL,
  `comment` text,
  `submenus` text,
  `modification` text,
  `is_modify` tinyint(1) NOT NULL DEFAULT '0',
  `sub_total` varchar(254) NOT NULL,
  `created` datetime NOT NULL,
  `variant_id` varchar(255) DEFAULT NULL,
  `addon_id` varchar(255) DEFAULT NULL,
  PRIMARY KEY (`id`)
) ENGINE=InnoDB AUTO_INCREMENT=253 DEFAULT CHARSET=latin1;
/*!40101 SET character_set_client = @saved_cs_client */;

--
-- Dumping data for table `tbl_order_item`
--

LOCK TABLES `tbl_order_item` WRITE;
/*!40000 ALTER TABLE `tbl_order_item` DISABLE KEYS */;
INSERT INTO `tbl_order_item` VALUES (1,45,1,'cart79262121505216048',183,0,'15.95',1,'','',NULL,0,'15.95','2017-09-12 17:04:08',NULL,NULL),(2,45,1,'cart31176601505216048',179,0,'10',1,'','',NULL,0,'10','2017-09-12 17:04:08',NULL,NULL),(3,45,2,'cart73391271505217339',183,0,'15.95',1,'','',NULL,0,'15.95','2017-09-12 17:25:39',NULL,NULL),(4,45,2,'cart13427141505217339',179,0,'10',1,'','',NULL,0,'10','2017-09-12 17:25:39',NULL,NULL),(5,45,3,'cart19670341505217344',183,0,'15.95',1,'','',NULL,0,'15.95','2017-09-12 17:25:44',NULL,NULL),(6,45,3,'cart30066961505217344',179,0,'10',1,'','',NULL,0,'10','2017-09-12 17:25:44',NULL,NULL),(7,45,4,'cart95086821505218988',183,0,'15.95',4,'','',NULL,0,'63.8','2017-09-12 17:53:08',NULL,NULL),(8,45,5,'cart52308341505220669',183,0,'15.95',4,'','',NULL,0,'63.8','2017-09-12 18:21:09',NULL,NULL),(9,45,6,'cart34761541505279245',179,0,'10',1,'','',NULL,0,'10','2017-09-13 10:37:25',NULL,NULL),(10,45,6,'cart9781711505279245',183,0,'15.95',1,'','',NULL,0,'15.95','2017-09-13 10:37:25',NULL,NULL),(11,45,7,'cart94477271505279519',183,0,'15.95',1,'','',NULL,0,'15.95','2017-09-13 10:41:59',NULL,NULL),(12,45,7,'cart35120371505279519',179,0,'10',1,'','',NULL,0,'10','2017-09-13 10:41:59',NULL,NULL),(13,45,8,'cart92108861505283832',183,0,'15.95',1,'','',NULL,0,'15.95','2017-09-13 11:53:52',NULL,NULL),(14,45,8,'cart69297271505283832',179,0,'10',1,'','',NULL,0,'10','2017-09-13 11:53:52',NULL,NULL),(15,45,8,'cart62395351505283832',180,0,'9',1,'','',NULL,0,'9','2017-09-13 11:53:52',NULL,NULL),(16,45,9,'cart79804851505284314',183,0,'15.95',1,'','',NULL,0,'15.95','2017-09-13 12:01:54',NULL,NULL),(17,45,9,'cart88583361505284314',179,0,'10',1,'','',NULL,0,'10','2017-09-13 12:01:54',NULL,NULL),(18,45,9,'cart99007401505284314',180,0,'9',1,'','',NULL,0,'9','2017-09-13 12:01:54',NULL,NULL),(19,45,10,'cart95891881505284748',183,0,'15.95',1,'','',NULL,0,'15.95','2017-09-13 12:09:08',NULL,NULL),(20,45,10,'cart63937251505284748',179,0,'10',1,'','',NULL,0,'10','2017-09-13 12:09:08',NULL,NULL),(21,45,10,'cart71679651505284748',180,0,'9',2,'','',NULL,0,'18','2017-09-13 12:09:08',NULL,NULL),(22,45,11,'cart90560251505295470',183,0,'15.95',1,'','',NULL,0,'15.95','2017-09-13 15:07:50',NULL,NULL),(23,45,11,'cart16364121505295470',179,0,'10',1,'','',NULL,0,'10','2017-09-13 15:07:50',NULL,NULL),(24,45,11,'cart61797521505295470',180,0,'9',1,'','',NULL,0,'9','2017-09-13 15:07:50',NULL,NULL),(25,45,12,'cart11818801505371054',183,0,'15.95',1,'','',NULL,0,'15.95','2017-09-14 12:07:34',NULL,NULL),(26,45,12,'cart62840231505371054',185,0,'20',1,'','',NULL,0,'20','2017-09-14 12:07:34',NULL,NULL),(27,5,13,'cart57984961505387674',169,0,'5',1,'','',NULL,0,'5','2017-09-14 16:44:34',NULL,NULL),(28,5,13,'cart85893501505387674',170,0,'14',1,'','',NULL,0,'14','2017-09-14 16:44:34',NULL,NULL),(29,5,13,'cart42851161505387674',171,0,'15',1,'','',NULL,0,'15','2017-09-14 16:44:34',NULL,NULL),(30,5,14,'cart35777591505387881',169,0,'5',1,'','',NULL,0,'5','2017-09-14 16:48:01',NULL,NULL),(31,5,14,'cart90072741505387881',170,0,'14',1,'','',NULL,0,'14','2017-09-14 16:48:01',NULL,NULL),(32,5,14,'cart34636181505387881',171,0,'15',1,'','',NULL,0,'15','2017-09-14 16:48:01',NULL,NULL),(33,45,27,'cart74644431505538936',188,0,'2000',1,'','',NULL,0,'2550','2017-09-16 10:45:36','6,4','5'),(34,45,28,'cart18048641505538957',188,0,'2000',1,'','',NULL,0,'2550','2017-09-16 10:45:57','6,4','5'),(35,45,35,'cart24918941505539746',188,0,'2000',1,'','',NULL,0,'2550','2017-09-16 10:59:06','6,4','5'),(36,45,36,'cart75625941505539771',188,0,'2000',1,'','',NULL,0,'2550','2017-09-16 10:59:31','6,4','5'),(37,45,37,'cart65927201505552942',187,0,'50',1,'','',NULL,0,'150','2017-09-16 14:39:02','8,7',''),(38,45,37,'cart80841021505552942',188,0,'2000',3,'','',NULL,0,'6750','2017-09-16 14:39:02','6','5,7'),(39,45,38,'cart16806611505553220',187,0,'50',1,'','',NULL,0,'150','2017-09-16 14:43:40','8,7',''),(40,45,38,'cart23955781505553220',188,0,'2000',3,'','',NULL,0,'6750','2017-09-16 14:43:40','6','5,7'),(41,45,39,'cart23589071505729441',186,0,'100',1,'','',NULL,0,'100','2017-09-18 15:40:41','9',''),(42,45,40,'cart72761421505729991',186,0,'100',1,'','',NULL,0,'160','2017-09-18 15:49:51','9','1,2'),(43,45,41,'cart1463901505734533',186,0,'100',1,'','',NULL,0,'210','2017-09-18 17:05:33','9','1,2,3'),(44,45,42,'cart98664501505735152',186,0,'100',1,'','',NULL,0,'260','2017-09-18 17:15:52','9','1,2,3,4'),(45,45,43,'cart63695871505738138',186,0,'100',1,'','',NULL,0,'260','2017-09-18 18:05:38','9','1,2,3,4'),(46,5,44,'cart17294251505892459',171,0,'15',2,'','',NULL,0,'30','2017-09-20 12:57:39','24',''),(47,45,45,'cart62082361505977920',186,0,'100',1,'','',NULL,0,'250','2017-09-21 12:42:00','9','2,3,4'),(48,45,46,'cart77794311505996511',186,0,'100',1,'','',NULL,0,'210','2017-09-21 17:51:51','9','1,2,3'),(49,45,47,'cart31731251506054739',186,0,'100',1,'','',NULL,0,'160','2017-09-22 10:02:19','9','1,2'),(50,45,48,'cart71306391506059083',188,0,'2000',1,'','',NULL,0,'2410','2017-09-22 11:14:43','6,4','37'),(51,45,48,'cart96825051506059083',186,0,'100',1,'','',NULL,0,'160','2017-09-22 11:14:43','9','1,2'),(52,5,49,'cart18824201506332604',165,0,'12.26',1,'','',NULL,0,'12.26','2017-09-25 15:13:24','34',''),(53,5,49,'cart9913861506332604',164,0,'12.5',1,'','',NULL,0,'12.5','2017-09-25 15:13:24','36',''),(54,45,50,'cart53754201506496312',186,0,'100',1,'','',NULL,0,'210','2017-09-27 12:41:52','9','1,2,3'),(55,45,51,'cart8641171506498359',186,0,'100',1,'','',NULL,0,'210','2017-09-27 13:15:59','9','1,2,3'),(56,45,52,'cart6237831506498374',186,0,'100',1,'','',NULL,0,'210','2017-09-27 13:16:14','9','1,2,3'),(57,45,53,'cart42778971506506255',186,0,'100',1,'','',NULL,0,'210','2017-09-27 15:27:35','9','1,2,3'),(58,45,54,'cart49836611507023127',186,0,'100',1,'','',NULL,0,'200','2017-10-03 15:02:07','9','2,3'),(59,45,55,'cart63755521507024804',186,0,'100',2,'','',NULL,0,'320','2017-10-03 15:30:04','9','1,2'),(60,45,55,'cart66305721507024804',189,0,'10',1,'','',NULL,0,'70','2017-10-03 15:30:04','259,260','53'),(61,45,56,'cart4627191507025952',186,0,'100',2,'','',NULL,0,'320','2017-10-03 15:49:12','9','1,2'),(62,45,56,'cart61845541507025952',189,0,'10',1,'','',NULL,0,'70','2017-10-03 15:49:12','259,260','53'),(63,45,57,'cart83326141507033886',186,0,'100',1,'','',NULL,0,'160','2017-10-03 18:01:26','9','1,2'),(64,45,58,'cart93743271507095870',186,0,'100',1,'','',NULL,0,'160','2017-10-04 11:14:30','9','1,2'),(65,45,59,'cart45625371507095985',186,0,'100',1,'','',NULL,0,'160','2017-10-04 11:16:25','9','1,2'),(66,45,60,'cart82098441507096001',186,0,'100',1,'','',NULL,0,'160','2017-10-04 11:16:41','9','1,2'),(67,45,61,'cart85799271507096700',186,0,'100',1,'','',NULL,0,'160','2017-10-04 11:28:20','9','1,2'),(68,45,62,'cart25416841507097022',186,0,'100',1,'','',NULL,0,'100','2017-10-04 11:33:42','9',''),(69,45,63,'cart35195331507097256',186,0,'100',1,'','',NULL,0,'160','2017-10-04 11:37:36','9','1,2'),(70,45,64,'cart82957851507097279',186,0,'100',1,'','',NULL,0,'160','2017-10-04 11:37:59','9','1,2'),(71,45,65,'cart73633691507104113',186,0,'100',1,'','',NULL,0,'110','2017-10-04 13:31:53','9','1'),(72,58,66,'cart20158611507532001',186,0,'100',1,'','',NULL,0,'260','2017-10-09 12:23:21','9','1,2,3,4'),(73,58,67,'cart21571501507609477',186,0,'100',1,'','',NULL,0,'260','2017-10-10 09:54:37','9','1,2,3,4'),(74,58,68,'cart14260661507609552',186,0,'100',1,'','',NULL,0,'260','2017-10-10 09:55:52','9','1,2,3,4'),(75,58,69,'cart97649101507609842',186,0,'100',1,'','',NULL,0,'260','2017-10-10 10:00:42','9','1,2,3,4'),(76,58,70,'cart93293511507618020',186,0,'100',1,'','',NULL,0,'110','2017-10-10 12:17:00','9','1'),(77,58,70,'cart18432191507618021',192,0,'10',1,'','',NULL,0,'10','2017-10-10 12:17:01','274',''),(78,58,70,'cart21160541507618021',187,0,'50',1,'','',NULL,0,'50','2017-10-10 12:17:01','8',''),(79,58,74,'cart20433521507619744',186,0,'100.00',1,'','',NULL,0,'100','2017-10-10 12:45:44','9',''),(80,58,75,'cart94147961507620059',186,0,'100.00',1,'','',NULL,0,'100','2017-10-10 12:50:59','9,6',''),(81,58,76,'cart81086181507723449',186,0,'100',1,'','',NULL,0,'260','2017-10-11 17:34:09','9','1,2,3,4'),(82,58,77,'cart45550611507724436',186,0,'100',1,'','',NULL,0,'260','2017-10-11 17:50:36','9','1,2,3,4'),(83,58,78,'cart45321531507724575',186,0,'100',1,'','',NULL,0,'260','2017-10-11 17:52:55','9','1,2,3,4'),(84,58,79,'cart42071611507724607',186,0,'100',1,'','',NULL,0,'260','2017-10-11 17:53:27','9','1,2,3,4'),(85,58,80,'cart83840261507956259',194,0,'250',1,'','',NULL,0,'260','2017-10-14 10:14:19','276,277',''),(86,58,81,'cart4258321507956318',194,0,'250',1,'','',NULL,0,'260','2017-10-14 10:15:18','276,277',''),(87,58,82,'cart47875381507956443',194,0,'250',2,'','',NULL,0,'520','2017-10-14 10:17:23','276,277',''),(88,58,83,'cart11319091507956625',194,0,'250',1,'','',NULL,0,'260','2017-10-14 10:20:25','276,277',''),(89,58,84,'cart18399551507958499',194,0,'250',5,'','',NULL,0,'1300','2017-10-14 10:51:39','276,277',''),(90,58,85,'cart81616331507958802',194,0,'250',5,'','',NULL,0,'1300','2017-10-14 10:56:42','276,277',''),(91,58,86,'cart71298131507958842',194,0,'250',5,'','',NULL,0,'1300','2017-10-14 10:57:22','276,277',''),(92,58,87,'cart24645011507958948',194,0,'250',5,'','',NULL,0,'1300','2017-10-14 10:59:08','276,277',''),(93,58,88,'cart38786691507958999',194,0,'250',5,'','',NULL,0,'1300','2017-10-14 10:59:59','276,277',''),(94,58,89,'cart79072251507959050',194,0,'250',5,'','',NULL,0,'1300','2017-10-14 11:00:50','276,277',''),(95,58,90,'cart43007131507959066',194,0,'250',5,'','',NULL,0,'1300','2017-10-14 11:01:06','276,277',''),(96,58,91,'cart40115781507959439',194,0,'250',5,'','',NULL,0,'1300','2017-10-14 11:07:19','276,277',''),(97,58,92,'cart79025061507959542',194,0,'250',1,'','',NULL,0,'260','2017-10-14 11:09:02','276,277',''),(98,58,93,'cart30056301507959599',194,0,'250',1,'','',NULL,0,'260','2017-10-14 11:09:59','276,277',''),(99,58,94,'cart81872951507960639',194,0,'250',1,'','',NULL,0,'260','2017-10-14 11:27:19','276,277',''),(100,58,95,'cart96319351507961774',194,0,'250',1,'','',NULL,0,'260','2017-10-14 11:46:14','276,277',''),(101,58,96,'cart37854781507961844',194,0,'250',1,'','',NULL,0,'260','2017-10-14 11:47:24','276,277',''),(102,58,97,'cart96544791507961941',194,0,'250',1,'','',NULL,0,'260','2017-10-14 11:49:01','276,277',''),(103,58,98,'cart19402071507961984',194,0,'250',1,'','',NULL,0,'260','2017-10-14 11:49:44','276,277',''),(104,58,99,'cart39865721507962117',194,0,'250',1,'','',NULL,0,'260','2017-10-14 11:51:57','276,277',''),(105,58,100,'cart46448851507962264',194,0,'250',1,'','',NULL,0,'260','2017-10-14 11:54:24','276,277',''),(106,58,101,'cart30304081507962491',194,0,'250',1,'','',NULL,0,'260','2017-10-14 11:58:11','276,277',''),(107,58,102,'cart42259501507964522',194,0,'250',1,'','',NULL,0,'260','2017-10-14 12:32:02','276,277',''),(108,58,103,'cart46870581507965779',194,0,'250',1,'','',NULL,0,'260','2017-10-14 12:52:59','276,277',''),(109,58,104,'cart55409531507965875',194,0,'250',1,'','',NULL,0,'260','2017-10-14 12:54:35','276,277',''),(110,58,105,'cart32147611507967897',194,0,'250',1,'','',NULL,0,'260','2017-10-14 13:28:17','276,277',''),(111,58,106,'cart62872041507967907',194,0,'250',1,'','',NULL,0,'260','2017-10-14 13:28:27','276,277',''),(112,58,107,'cart25097451507967931',194,0,'250',1,'','',NULL,0,'260','2017-10-14 13:28:51','276,277',''),(113,58,108,'cart75715571507967941',194,0,'250',1,'','',NULL,0,'260','2017-10-14 13:29:01','276,277',''),(114,58,109,'cart70464431507967951',194,0,'250',1,'','',NULL,0,'260','2017-10-14 13:29:11','276,277',''),(115,58,110,'cart45583581507967989',194,0,'250',1,'','',NULL,0,'260','2017-10-14 13:29:49','276,277',''),(116,58,111,'cart34812861507968050',194,0,'250',1,'','',NULL,0,'260','2017-10-14 13:30:50','276,277',''),(117,58,112,'cart52200741507968212',194,0,'250',1,'','',NULL,0,'260','2017-10-14 13:33:32','276,277',''),(118,58,113,'cart66470181507970995',194,0,'250',1,'','',NULL,0,'260','2017-10-14 14:19:55','276,277',''),(119,58,114,'cart51602901507971022',194,0,'250',1,'','',NULL,0,'260','2017-10-14 14:20:22','276,277',''),(120,58,115,'cart17979071507971157',194,0,'250',1,'','',NULL,0,'260','2017-10-14 14:22:37','276,277',''),(121,58,116,'cart62762731507971279',194,0,'250',1,'','',NULL,0,'260','2017-10-14 14:24:39','276,277',''),(122,58,117,'cart62696561507972058',194,0,'250',1,'','',NULL,0,'260','2017-10-14 14:37:38','276,277',''),(123,58,118,'cart99441091507972105',194,0,'250',1,'','',NULL,0,'260','2017-10-14 14:38:25','276,277',''),(124,58,119,'cart22422381507972173',194,0,'250',1,'','',NULL,0,'260','2017-10-14 14:39:33','276,277',''),(125,58,120,'cart65179141507972202',194,0,'250',1,'','',NULL,0,'260','2017-10-14 14:40:02','276,277',''),(126,58,121,'cart30220171507972626',194,0,'250',1,'','',NULL,0,'260','2017-10-14 14:47:06','276,277',''),(127,58,122,'cart26434241507972685',194,0,'250',1,'','',NULL,0,'260','2017-10-14 14:48:05','276,277',''),(128,58,123,'cart37633721507972704',194,0,'250',1,'','',NULL,0,'260','2017-10-14 14:48:24','276,277',''),(129,58,124,'cart57043341507972728',194,0,'250',1,'','',NULL,0,'260','2017-10-14 14:48:48','276,277',''),(130,58,125,'cart37654681507972738',194,0,'250',1,'','',NULL,0,'260','2017-10-14 14:48:58','276,277',''),(131,58,126,'cart37179701507972745',194,0,'250',1,'','',NULL,0,'260','2017-10-14 14:49:05','276,277',''),(132,58,127,'cart68457711507973205',194,0,'250',1,'','',NULL,0,'260','2017-10-14 14:56:45','276,277',''),(133,58,128,'cart79532991507973797',194,0,'250',1,'','',NULL,0,'260','2017-10-14 15:06:37','276,277',''),(134,58,129,'cart30013891507973836',194,0,'250',1,'','',NULL,0,'260','2017-10-14 15:07:16','276,277',''),(135,58,130,'cart46427501507973868',194,0,'250',1,'','',NULL,0,'260','2017-10-14 15:07:48','276,277',''),(136,58,131,'cart57406191507975335',194,0,'250',1,'','',NULL,0,'260','2017-10-14 15:32:15','276,277',''),(137,58,132,'cart85617471507977032',194,0,'250',2,'','',NULL,0,'520','2017-10-14 16:00:32','276,277',''),(138,58,133,'cart36297621507977156',194,0,'250',1,'','',NULL,0,'260','2017-10-14 16:02:36','276,277',''),(139,58,134,'cart5390281507977432',194,0,'250',1,'','',NULL,0,'260','2017-10-14 16:07:12','276,277',''),(140,58,135,'cart77108871507977540',194,0,'250',1,'','',NULL,0,'260','2017-10-14 16:09:00','276,277',''),(141,58,136,'cart74185831507977866',194,0,'250',1,'','',NULL,0,'260','2017-10-14 16:14:26','276,277',''),(142,58,137,'cart28433591507977883',194,0,'250',1,'','',NULL,0,'260','2017-10-14 16:14:43','276,277',''),(143,58,138,'cart17999021507977974',194,0,'250',1,'','',NULL,0,'260','2017-10-14 16:16:14','276,277',''),(144,58,139,'cart41834201507977981',194,0,'250',1,'','',NULL,0,'260','2017-10-14 16:16:21','276,277',''),(145,68,140,'cart6345731507978460',194,0,'250',4,'','',NULL,0,'1040','2017-10-14 16:24:20','276,277',''),(146,68,141,'cart64653771507978831',194,0,'250',4,'','',NULL,0,'1040','2017-10-14 16:30:31','276,277',''),(147,68,142,'cart11958231507979048',194,0,'250',3,'','',NULL,0,'750','2017-10-14 16:34:08','276',''),(148,68,143,'cart59448531507984020',194,0,'250',1,'','',NULL,0,'260','2017-10-14 17:57:00','276,277',''),(149,5,144,'cart80703081508159548',165,0,'12.26',2,'','',NULL,0,'24.52','2017-10-16 18:42:28','34',''),(150,5,145,'cart70593591509353866',169,0,'5',3,'','',NULL,0,'15','2017-10-30 14:27:46','29',''),(151,5,146,'cart52406091509354224',169,0,'5',4,'','',NULL,0,'20','2017-10-30 14:33:44','29',''),(152,5,147,'cart92932701509528503',169,0,'5',1,'','',NULL,0,'5','2017-11-01 14:58:23','29',''),(153,5,147,'cart25232601509528503',170,0,'14',1,'','',NULL,0,'14','2017-11-01 14:58:23','28',''),(154,45,148,'cart66557351510297334',169,0,'5',1,'','',NULL,0,'5','2017-11-10 12:32:14','29',''),(155,45,148,'cart39449881510297334',170,0,'14',1,'','',NULL,0,'14','2017-11-10 12:32:14','28',''),(156,45,149,'cart46452381510297432',169,0,'5',1,'','',NULL,0,'5','2017-11-10 12:33:52','29',''),(157,45,149,'cart66557331510297432',170,0,'14',1,'','',NULL,0,'14','2017-11-10 12:33:52','28',''),(158,45,150,'cart17085771510547396',169,0,'5',2,'','',NULL,0,'10','2017-11-13 09:59:56','29',''),(159,45,150,'cart28604841510547396',171,0,'15',2,'','',NULL,0,'30','2017-11-13 09:59:56','24',''),(160,45,151,'cart37318911510561238',169,0,'5',5,'','',NULL,0,'25','2017-11-13 13:50:38','29',''),(161,45,152,'cart36439531510561780',169,0,'5',6,'','',NULL,0,'30','2017-11-13 13:59:40','29',''),(162,45,153,'cart4910811510660982',170,0,'14',2,'','',NULL,0,'28','2017-11-14 17:33:02','28',''),(163,45,154,'cart88133341510660992',170,0,'14',2,'','',NULL,0,'28','2017-11-14 17:33:12','28',''),(164,45,155,'cart4121831511250705',186,0,'100',1,'','',NULL,0,'100','2017-11-21 13:21:45','9',''),(165,58,156,'cart39347431511337025',168,0,'23.35',2,'','',NULL,0,'46.7','2017-11-22 13:20:25','31,30',''),(166,45,157,'cart97324371511874372',169,0,'5',3,'','',NULL,0,'15','2017-11-28 18:36:12','29',''),(167,5,158,'cart93265381511928249',170,0,'14',3,'','',NULL,0,'72','2017-11-29 09:34:09','28,27',''),(168,5,159,'cart45012241511928354',170,0,'14',3,'','',NULL,0,'72','2017-11-29 09:35:54','28,27',''),(169,45,160,'cart28841341511934710',169,0,'5',3,'','',NULL,0,'15','2017-11-29 11:21:50','29',''),(170,45,161,'cart94482561512196088',169,0,'5',4,'','',NULL,0,'20','2017-12-02 11:58:08','29',''),(171,45,162,'cart2036531512379697',169,0,'5',4,'','',NULL,0,'20','2017-12-04 14:58:17','29',''),(172,45,163,'cart6547001512380979',169,0,'5',4,'','',NULL,0,'20','2017-12-04 15:19:39','29',''),(173,45,164,'cart43246611512381062',169,0,'5',4,'','',NULL,0,'20','2017-12-04 15:21:02','29',''),(174,45,165,'cart15844001512381891',169,0,'5',1,'','',NULL,0,'5','2017-12-04 15:34:51','29',''),(175,45,165,'cart47437391512381891',170,0,'14',1,'','',NULL,0,'14','2017-12-04 15:34:51','28',''),(176,45,166,'cart2958191512381915',169,0,'5',1,'','',NULL,0,'5','2017-12-04 15:35:15','29',''),(177,45,166,'cart67697531512381915',170,0,'14',1,'','',NULL,0,'14','2017-12-04 15:35:15','28',''),(178,45,167,'cart83147541512384186',169,0,'5',14,'','',NULL,0,'70','2017-12-04 16:13:06','29',''),(179,45,167,'cart67566821512384186',170,0,'14',4,'','',NULL,0,'56','2017-12-04 16:13:06','28',''),(180,45,168,'cart22350081512384231',169,0,'5',14,'','',NULL,0,'70','2017-12-04 16:13:51','29',''),(181,45,168,'cart48110761512384231',170,0,'14',1,'','',NULL,0,'14','2017-12-04 16:13:51','28',''),(182,45,169,'cart74860751512384378',169,0,'5',10,'','',NULL,0,'50','2017-12-04 16:16:18','29',''),(183,45,170,'cart89447961512384631',169,0,'5',2,'','',NULL,0,'10','2017-12-04 16:20:31','29',''),(184,45,171,'cart71878241512384943',169,0,'5',4,'','',NULL,0,'20','2017-12-04 16:25:43','29',''),(185,4,172,'cart37119281513065323',169,0,'5',1,'','',NULL,0,'5','2017-12-12 13:25:23','29',''),(186,4,172,'cart23748101513065323',170,0,'14',1,'','',NULL,0,'14','2017-12-12 13:25:23','28',''),(187,5,174,'cart70097221514541659',169,0,'5',13,'','',NULL,0,'65','2017-12-29 15:30:59','29',''),(188,5,175,'cart98293501529651210',186,0,'100',1,'','',NULL,0,'100','2018-06-22 12:36:50','9',''),(189,45,176,'cart14507741537173780',186,0,'100',1,'','',NULL,0,'100','2018-09-17 14:13:00','9',''),(190,45,177,'cart59672351541161320',186,0,'100.00',1,'','',NULL,0,'110','2018-11-02 17:52:00','9','1'),(191,45,178,'cart4006491541161655',139,0,'16.00',1,'','',NULL,0,'25','2018-11-02 17:57:35','105,104',''),(192,45,179,'cart79159031541161877',43,0,'12.50',1,'','',NULL,0,'12.5','2018-11-02 18:01:17','182',''),(193,45,180,'cart19129741541161905',186,0,'100.00',1,'','',NULL,0,'100','2018-11-02 18:01:45','9',''),(194,102,181,'cart67479771571126581',169,0,'5',1,'','',NULL,0,'5','2019-10-15 19:03:01','29',''),(195,102,181,'cart87521541571126581',170,0,'14',1,'','',NULL,0,'14','2019-10-15 19:03:01','28',''),(196,102,181,'cart2268511571126581',171,0,'15',1,'','',NULL,0,'15','2019-10-15 19:03:01','24',''),(197,130,182,'cart58503301571214082',282,0,'10.5',1,'','',NULL,0,'10.5','2019-10-16 19:21:22','400',''),(198,130,183,'cart35555251571215080',398,0,'0.5',1,'Please call upon arrival, thanks','',NULL,0,'0.5','2019-10-16 19:38:00','555',''),(199,130,184,'cart40883491571225204',294,0,'12.9',1,'dont put too much chilli please','',NULL,0,'38.7','2019-10-16 22:26:44','418,419,420',''),(200,4,185,'cart80122001571225535',284,0,'10.5',2,'','',NULL,0,'21','2019-10-16 22:32:15','402',''),(201,130,186,'cart15275441571225599',282,0,'10.5',1,'No chilli pls','',NULL,0,'10.5','2019-10-16 22:33:19','400',''),(202,130,187,'cart63844851571227742',283,0,'10.5',1,'Ejsjshhdhs\n','',NULL,0,'10.5','2019-10-16 23:09:02','401',''),(203,4,188,'cart94955941571395038',399,0,'15',1,'','',NULL,0,'15','2019-10-18 21:37:18','556',''),(204,4,188,'cart55828571571395038',283,0,'10.5',1,'','',NULL,0,'10.5','2019-10-18 21:37:18','401',''),(205,137,189,'cart7056841571448021',140,0,'12',1,'','',NULL,0,'12','2019-10-19 12:20:21','103',''),(206,137,189,'cart29673141571448021',139,0,'16',1,'','',NULL,0,'16','2019-10-19 12:20:21','105',''),(207,137,190,'cart18838571571448686',140,0,'12',1,'','',NULL,0,'12','2019-10-19 12:31:26','103',''),(208,137,190,'cart1210061571448686',139,0,'16',1,'','',NULL,0,'16','2019-10-19 12:31:26','105',''),(209,137,191,'cart29589961571449123',140,0,'12',1,'','',NULL,0,'12','2019-10-19 12:38:43','103',''),(210,137,191,'cart38762211571449123',139,0,'16',1,'','',NULL,0,'16','2019-10-19 12:38:43','105',''),(211,141,192,'cart43613131571558262',399,0,'15',1,'4ehdfgdfgdfdg','',NULL,0,'15','2019-10-20 18:57:42','556',''),(212,130,193,'cart68820131571790982',282,0,'10.5',1,'','',NULL,0,'10.5','2019-10-23 11:36:22','400',''),(213,141,194,'cart31535891571791188',399,0,'15',1,'','',NULL,0,'15','2019-10-23 11:39:48','556',''),(214,141,195,'cart34341371571792893',287,0,'12.9',1,'','',NULL,0,'12.9','2019-10-23 12:08:13','406',''),(215,141,196,'cart29570771571793060',287,0,'12.9',1,'','',NULL,0,'12.9','2019-10-23 12:11:00','406',''),(216,141,197,'cart6277591571793264',287,0,'12.9',1,'','',NULL,0,'12.9','2019-10-23 12:14:24','406',''),(217,141,198,'cart7828961571801963',290,0,'12.9',1,'','',NULL,0,'12.9','2019-10-23 14:39:23','410',''),(218,141,199,'cart72279791571802204',288,0,'12.9',1,'','',NULL,0,'12.9','2019-10-23 14:43:24','408',''),(219,4,200,'cart85658181571807768',169,0,'5',1,'','',NULL,0,'5','2019-10-23 16:16:08','29',''),(220,4,200,'cart25060151571807768',170,0,'14',1,'','',NULL,0,'14','2019-10-23 16:16:08','28',''),(221,4,200,'cart22158311571807768',171,0,'15',1,'','',NULL,0,'15','2019-10-23 16:16:08','24',''),(222,4,201,'cart41936261571810705',169,0,'5',1,'','',NULL,0,'5','2019-10-23 17:05:05','29',''),(223,4,201,'cart10469581571810705',170,0,'14',1,'','',NULL,0,'14','2019-10-23 17:05:05','28',''),(224,4,201,'cart7224691571810705',171,0,'15',1,'','',NULL,0,'15','2019-10-23 17:05:05','24',''),(225,4,202,'cart35418601571810790',397,0,'0',1,'','',NULL,0,'0','2019-10-23 17:06:30','551',''),(226,4,202,'cart60676811571810790',170,0,'14',1,'','',NULL,0,'14','2019-10-23 17:06:30','28',''),(227,4,203,'cart4952221571811152',397,0,'0',1,'','',NULL,0,'0','2019-10-23 17:12:32','551',''),(228,4,203,'cart49808521571811152',170,0,'14',1,'','',NULL,0,'14','2019-10-23 17:12:32','28',''),(229,4,204,'cart10879011571814501',399,0,'15',1,'','',NULL,0,'15','2019-10-23 18:08:21','556',''),(230,4,204,'cart3290361571814501',289,0,'15.4',1,'','',NULL,0,'15.4','2019-10-23 18:08:21','409,549',''),(231,4,204,'cart19961931571814501',286,0,'28.8',1,'','',NULL,0,'28.8','2019-10-23 18:08:21','404,405',''),(232,4,205,'cart87615271571815625',399,0,'15',1,'','',NULL,0,'15','2019-10-23 18:27:05','556',''),(233,4,206,'cart46952671571825312',399,0,'15',1,'','',NULL,0,'15','2019-10-23 21:08:32','556',''),(234,4,206,'cart27115741571825312',282,0,'10.5',1,'','',NULL,0,'10.5','2019-10-23 21:08:32','400',''),(235,4,206,'cart54344671571825312',283,0,'10.5',1,'','',NULL,0,'10.5','2019-10-23 21:08:32','401',''),(236,4,207,'cart20549501571830725',399,0,'15',1,'','',NULL,0,'15','2019-10-23 22:38:45','556',''),(237,130,208,'cart94045691571833816',391,0,'20',1,'','',NULL,0,'20','2019-10-23 23:30:16','541',''),(238,130,209,'cart25532741571834947',393,0,'15',1,'dfdgddfgdfgdf','',NULL,0,'15','2019-10-23 23:49:07','543',''),(239,141,210,'cart35424541571895179',399,0,'15',1,'','',NULL,0,'15','2019-10-24 16:32:59','556',''),(240,130,211,'cart53122141571902763',173,0,'14',2,'','',NULL,0,'28','2019-10-24 18:39:23','21',''),(241,130,212,'cart80851671571903337',298,0,'15',1,'','',NULL,0,'15','2019-10-24 18:48:57','432',''),(242,130,213,'cart23502601572404662',291,0,'12.9',1,'','',NULL,0,'12.9','2019-10-30 14:04:22','411',''),(243,130,214,'cart13422491572406098',399,0,'15',1,'test comment','',NULL,0,'15','2019-10-30 14:28:18','556',''),(244,4,215,'cart85101731572501482',282,0,'10.5',1,'','',NULL,0,'10.5','2019-10-31 16:58:02','400',''),(245,4,215,'cart37267371572501482',286,0,'12.9',1,'','',NULL,0,'28.8','2019-10-31 16:58:02','404,405',''),(246,131,216,'cart96365971572519172',289,0,'12.9',1,'','',NULL,0,'12.9','2019-10-31 21:52:52','409',''),(247,131,217,'cart43487991572521101',284,0,'10.5',1,'','',NULL,0,'10.5','2019-10-31 22:25:01','402',''),(248,131,218,'cart8818401572521785',288,0,'12.9',1,'','',NULL,0,'12.9','2019-10-31 22:36:25','408',''),(249,131,219,'cart88916131572522340',399,0,'15',1,'','',NULL,0,'15','2019-10-31 22:45:40','556',''),(250,153,220,'cart12294311572601339',405,0,'10',1,'','',NULL,0,'15','2019-11-01 20:42:19','564',''),(251,153,221,'cart19387961572601389',405,0,'10',1,'','',NULL,0,'15','2019-11-01 20:43:09','564',''),(252,130,222,'cart56189841572945858',282,0,'10.5',1,'','',NULL,0,'10.5','2019-11-05 20:24:18','400','');
/*!40000 ALTER TABLE `tbl_order_item` ENABLE KEYS */;
UNLOCK TABLES;

--
-- Table structure for table `tbl_orders`
--

DROP TABLE IF EXISTS `tbl_orders`;
/*!40101 SET @saved_cs_client     = @@character_set_client */;
/*!40101 SET character_set_client = utf8 */;
CREATE TABLE `tbl_orders` (
  `id` int(11) NOT NULL AUTO_INCREMENT,
  `slug` varchar(100) DEFAULT NULL,
  `user_id` int(11) NOT NULL,
  `kitchen_staff_id` int(11) NOT NULL,
  `delivery_person_id` int(11) NOT NULL,
  `address_id` int(11) DEFAULT NULL,
  `order_number` varchar(20) DEFAULT NULL,
  `order_item_id` varchar(254) NOT NULL,
  `caterer_id` int(11) NOT NULL,
  `cancel_reason` text,
  `delivery_charge` varchar(254) DEFAULT NULL,
  `discount` float NOT NULL,
  `delivery_type` varchar(254) DEFAULT NULL,
  `tax` varchar(254) DEFAULT NULL,
  `item_total` varchar(200) NOT NULL,
  `total` varchar(200) NOT NULL,
  `comment` text NOT NULL,
  `status` varchar(255) NOT NULL,
  `is_favorite` tinyint(1) NOT NULL DEFAULT '0',
  `cancel_by_user` tinyint(1) NOT NULL DEFAULT '0',
  `is_courier` tinyint(1) NOT NULL DEFAULT '0',
  `is_review` enum('0','1') NOT NULL,
  `courier_id` int(11) DEFAULT NULL,
  `created` datetime NOT NULL,
  `paid` int(10) NOT NULL DEFAULT '0',
  `modified` datetime NOT NULL,
  `pickup_ready` int(10) NOT NULL DEFAULT '0',
  `pickup_now` int(10) NOT NULL DEFAULT '0',
  `pickup_time` varchar(255) DEFAULT NULL,
  `delivery_date` datetime NOT NULL,
  `payby_direct` double NOT NULL,
  `payby_wallet` double NOT NULL,
  PRIMARY KEY (`id`)
) ENGINE=InnoDB AUTO_INCREMENT=223 DEFAULT CHARSET=latin1;
/*!40101 SET character_set_client = @saved_cs_client */;

--
-- Dumping data for table `tbl_orders`
--

LOCK TABLES `tbl_orders` WRITE;
/*!40000 ALTER TABLE `tbl_orders` DISABLE KEYS */;
INSERT INTO `tbl_orders` VALUES (1,'order15787871505216048',45,0,0,10,'FOS0000015','183,179',41,NULL,'10',0,'Vespa','3.9545','','','','cancel',0,0,0,'0',NULL,'2017-09-12 17:04:08',0,'0000-00-00 00:00:00',0,0,NULL,'0000-00-00 00:00:00',0,0),(2,'order3539601505217339',45,0,0,10,'FOS0000021','',41,NULL,'10',0,'Vespa','3.9545','','','','Pending',0,0,0,'0',NULL,'2017-09-12 17:25:39',0,'0000-00-00 00:00:00',0,0,NULL,'0000-00-00 00:00:00',0,0),(3,'order9507871505217344',45,0,0,10,'FOS0000038','183,179',41,NULL,'10',0,'Vespa','3.9545','','','','Paid',0,0,0,'0',NULL,'2017-09-12 17:25:44',0,'0000-00-00 00:00:00',0,0,NULL,'0000-00-00 00:00:00',0,0),(4,'order89781441505218988',45,0,0,10,'FOS0000041','183',41,NULL,'10',0,'Vespa','8.118','','','','Pending',0,0,0,'0',NULL,'2017-09-12 17:53:08',0,'0000-00-00 00:00:00',0,0,NULL,'0000-00-00 00:00:00',0,0),(5,'order81224251505220669',45,0,0,10,'FOS0000054','183',41,NULL,'10',0,'Vespa','8.118','','','','Paid',0,0,0,'0',NULL,'2017-09-12 18:21:09',0,'0000-00-00 00:00:00',0,0,NULL,'0000-00-00 00:00:00',0,0),(6,'order88549911505279245',45,0,0,10,'FOS0000067','179,183',41,NULL,'10',0,'Vespa','3.9545','','','','Pending',0,0,0,'0',NULL,'2017-09-13 10:37:25',0,'0000-00-00 00:00:00',0,0,NULL,'0000-00-00 00:00:00',0,0),(7,'order85118371505279519',45,0,0,10,'FOS0000078','183,179',41,NULL,'10',0,'Vespa','3.9545','','','','Paid',0,0,0,'0',NULL,'2017-09-13 10:41:59',0,'0000-00-00 00:00:00',0,0,NULL,'0000-00-00 00:00:00',0,0),(8,'order89720621505283832',45,0,0,10,'FOS0000088','183,179,180',41,NULL,'10',0,'Vespa','4.9445','','','','Pending',0,0,0,'0',NULL,'2017-09-13 11:53:52',0,'0000-00-00 00:00:00',0,0,NULL,'0000-00-00 00:00:00',0,0),(9,'order58049021505284314',45,0,0,10,'FOS0000096','183,179,180',41,NULL,'10',0,'Vespa','4.9445','','','','Paid',0,0,0,'0',NULL,'2017-09-13 12:01:54',0,'0000-00-00 00:00:00',0,0,NULL,'0000-00-00 00:00:00',0,0),(10,'order41633781505284748',45,0,0,10,'FOS0000104','183,179,180',41,NULL,'10',8.79,'Vespa','4.9676','','','','Paid',0,0,0,'0',NULL,'2017-09-13 12:09:08',0,'0000-00-00 00:00:00',0,0,NULL,'0000-00-00 00:00:00',0,0),(11,'order33071301505295470',45,0,0,10,'FOS0000111','183,179,180',41,NULL,'10',0,'Vespa','4.9445','','','','Paid',0,0,0,'0',NULL,'2017-09-13 15:07:50',0,'0000-00-00 00:00:00',0,0,NULL,'0000-00-00 00:00:00',0,0),(12,'order44944501505371054',45,0,0,10,'FOS0000126','183,185',41,NULL,'10',7.19,'Vespa','4.2636','','','','Paid',0,0,0,'0',NULL,'2017-09-14 12:07:34',0,'0000-00-00 00:00:00',0,0,NULL,'0000-00-00 00:00:00',0,0),(13,'order25529061505387674',5,0,0,8,'FOS0000132','169,170,171',39,NULL,'5',0,'Vespa','4.29','','','','Pending',0,0,0,'0',NULL,'2017-09-14 16:44:34',0,'0000-00-00 00:00:00',0,0,NULL,'0000-00-00 00:00:00',0,0),(14,'order57084461505387881',5,0,0,7,'FOS0000146','169,170,171',39,NULL,'5',0,'Vespa','4.29','','','','Pending',0,0,0,'0',NULL,'2017-09-14 16:48:01',0,'0000-00-00 00:00:00',0,0,NULL,'0000-00-00 00:00:00',0,0),(15,'order32073891505537094',45,0,0,10,'FOS0000151','',41,NULL,'20',0,'Car','282.7','','','','Pending',0,0,0,'0',NULL,'2017-09-16 10:14:54',0,'0000-00-00 00:00:00',0,0,NULL,'0000-00-00 00:00:00',0,0),(16,'order52793061505537385',45,0,0,10,'FOS0000162','',41,NULL,'20',0,'Car','282.7','','','','Pending',0,0,0,'0',NULL,'2017-09-16 10:19:45',0,'0000-00-00 00:00:00',0,0,NULL,'0000-00-00 00:00:00',0,0),(17,'order38248041505537393',45,0,0,10,'FOS0000178','',41,NULL,'20',0,'Car','282.7','','','','Pending',0,0,0,'0',NULL,'2017-09-16 10:19:53',0,'0000-00-00 00:00:00',0,0,NULL,'0000-00-00 00:00:00',0,0),(18,'order5052771505537413',45,0,0,10,'FOS0000182','',41,NULL,'20',0,'Car','282.7','','','','Pending',0,0,0,'0',NULL,'2017-09-16 10:20:13',0,'0000-00-00 00:00:00',0,0,NULL,'0000-00-00 00:00:00',0,0),(19,'order6839101505537746',45,0,0,10,'FOS0000199','',41,NULL,'20',0,'Car','282.7','','','','Pending',0,0,0,'0',NULL,'2017-09-16 10:25:46',0,'0000-00-00 00:00:00',0,0,NULL,'0000-00-00 00:00:00',0,0),(20,'order81895851505537838',45,0,0,10,'FOS0000209','',41,NULL,'20',0,'Car','282.7','','','','Pending',0,0,0,'0',NULL,'2017-09-16 10:27:18',0,'0000-00-00 00:00:00',0,0,NULL,'0000-00-00 00:00:00',0,0),(21,'order65698501505537850',45,0,0,10,'FOS0000215','',41,NULL,'20',0,'Car','282.7','','','','Pending',0,0,0,'0',NULL,'2017-09-16 10:27:30',0,'0000-00-00 00:00:00',0,0,NULL,'0000-00-00 00:00:00',0,0),(22,'order67232591505537873',45,0,0,10,'FOS0000226','',41,NULL,'20',0,'Car','282.7','','','','Pending',0,0,0,'0',NULL,'2017-09-16 10:27:53',0,'0000-00-00 00:00:00',0,0,NULL,'0000-00-00 00:00:00',0,0),(23,'order70370991505537902',45,0,0,10,'FOS0000237','',41,NULL,'20',0,'Car','282.7','','','','Pending',0,0,0,'0',NULL,'2017-09-16 10:28:22',0,'0000-00-00 00:00:00',0,0,NULL,'0000-00-00 00:00:00',0,0),(24,'order57174551505537907',45,0,0,10,'FOS0000242','',41,NULL,'20',0,'Car','282.7','','','','Pending',0,0,0,'0',NULL,'2017-09-16 10:28:27',0,'0000-00-00 00:00:00',0,0,NULL,'0000-00-00 00:00:00',0,0),(25,'order80360971505538814',45,0,0,10,'FOS0000258','',41,NULL,'20',0,'Car','282.7','','','','Pending',0,0,0,'0',NULL,'2017-09-16 10:43:34',0,'0000-00-00 00:00:00',0,0,NULL,'0000-00-00 00:00:00',0,0),(26,'order2762141505538918',45,0,0,10,'FOS0000263','',41,NULL,'20',0,'Car','282.7','','','','Pending',0,0,0,'0',NULL,'2017-09-16 10:45:18',0,'0000-00-00 00:00:00',0,0,NULL,'0000-00-00 00:00:00',0,0),(27,'order14735711505538936',45,0,0,10,'FOS0000279','',41,NULL,'20',0,'Car','282.7','','','','Pending',0,0,0,'0',NULL,'2017-09-16 10:45:36',0,'0000-00-00 00:00:00',0,0,NULL,'0000-00-00 00:00:00',0,0),(28,'order46441391505538957',45,0,0,10,'FOS0000282','',41,NULL,'20',0,'Car','282.7','','','','Pending',0,0,0,'0',NULL,'2017-09-16 10:45:57',0,'0000-00-00 00:00:00',0,0,NULL,'0000-00-00 00:00:00',0,0),(29,'order68656051505539195',45,0,0,10,'FOS0000299','',41,NULL,'20',0,'Car','282.7','','','','Pending',0,0,0,'0',NULL,'2017-09-16 10:49:55',0,'0000-00-00 00:00:00',0,0,NULL,'0000-00-00 00:00:00',0,0),(30,'order7558561505539233',45,0,0,10,'FOS0000306','',41,NULL,'20',0,'Car','282.7','','','','Pending',0,0,0,'0',NULL,'2017-09-16 10:50:33',0,'0000-00-00 00:00:00',0,0,NULL,'0000-00-00 00:00:00',0,0),(31,'order45029721505539235',45,0,0,10,'FOS0000314','',41,NULL,'20',0,'Car','282.7','','','','Pending',0,0,0,'0',NULL,'2017-09-16 10:50:35',0,'0000-00-00 00:00:00',0,0,NULL,'0000-00-00 00:00:00',0,0),(32,'order65535231505539255',45,0,0,10,'FOS0000326','',41,NULL,'20',0,'Car','282.7','','','','Pending',0,0,0,'0',NULL,'2017-09-16 10:50:55',0,'0000-00-00 00:00:00',0,0,NULL,'0000-00-00 00:00:00',0,0),(33,'order2242321505539369',45,0,0,10,'FOS0000337','',41,NULL,'20',0,'Car','282.7','','','','Pending',0,0,0,'0',NULL,'2017-09-16 10:52:49',0,'0000-00-00 00:00:00',0,0,NULL,'0000-00-00 00:00:00',0,0),(34,'order44211041505539423',45,0,0,10,'FOS0000343','',41,NULL,'20',0,'Car','282.7','','','','Pending',0,0,0,'0',NULL,'2017-09-16 10:53:43',0,'0000-00-00 00:00:00',0,0,NULL,'0000-00-00 00:00:00',0,0),(35,'order7890291505539745',45,0,0,10,'FOS0000353','',41,NULL,'20',0,'Car','282.7','','','','Pending',0,0,0,'0',NULL,'2017-09-16 10:59:05',0,'0000-00-00 00:00:00',0,0,NULL,'0000-00-00 00:00:00',0,0),(36,'order96465721505539771',45,0,0,10,'FOS0000362','188',41,NULL,'20',0,'Car','282.7','','','dsfdsf','Food Preparation Started',0,0,0,'0',NULL,'2017-09-16 10:59:31',0,'0000-00-00 00:00:00',0,0,NULL,'0000-00-00 00:00:00',0,0),(37,'order32172391505552942',45,0,0,10,'FOS0000374','187,188',41,NULL,'20',1350,'Car','596.2','','','','Pending',0,0,0,'0',NULL,'2017-09-16 14:39:02',0,'0000-00-00 00:00:00',0,0,NULL,'0000-00-00 00:00:00',0,0),(38,'order85613611505553220',45,0,0,10,'FOS0000386','187,188',41,NULL,'20',1380,'Car','609.4','','','','Paid',0,0,0,'0',NULL,'2017-09-16 14:43:40',0,'0000-00-00 00:00:00',0,0,NULL,'0000-00-00 00:00:00',0,0),(39,'order8342951505729441',45,0,0,10,'FOS0000392','186',41,NULL,'20',0,'Car','13.2','','','','Cancel',0,1,0,'0',NULL,'2017-09-18 15:40:41',0,'0000-00-00 00:00:00',0,0,NULL,'0000-00-00 00:00:00',0,0),(40,'order27398071505729991',45,0,0,10,'FOS0000409','186',41,NULL,'20',0,'Car','19.8','','','','Confirm',0,0,0,'0',NULL,'2017-09-18 15:49:51',0,'0000-00-00 00:00:00',0,0,NULL,'0000-00-00 00:00:00',0,0),(41,'order79283371505734533',45,0,0,10,'FOS0000418','186',41,NULL,'20',0,'Car','25.3','','','','Paid',0,0,0,'0',NULL,'2017-09-18 17:05:33',0,'0000-00-00 00:00:00',0,0,NULL,'0000-00-00 00:00:00',0,0),(42,'order87757931505735152',45,0,0,10,'FOS0000424','186',41,NULL,'20',52,'Car','25.08','','','','Paid',0,0,0,'0',NULL,'2017-09-18 17:15:52',0,'0000-00-00 00:00:00',0,0,NULL,'0000-00-00 00:00:00',0,0),(43,'order28165561505738138',45,0,0,10,'FOS0000433','186',41,NULL,'20',13,'Car','29.37','','','sd','Food Preparation Started',0,0,0,'0',NULL,'2017-09-18 18:05:38',0,'0000-00-00 00:00:00',0,0,NULL,'0000-00-00 00:00:00',0,0),(44,'order18923181505892459',5,0,0,8,'FOS0000444','171',39,NULL,'5',0,'Vespa','3.85','','','','Pending',0,0,0,'0',NULL,'2017-09-20 12:57:39',0,'0000-00-00 00:00:00',0,0,NULL,'0000-00-00 00:00:00',0,0),(45,'order69620281505977920',45,0,0,0,'FOS0000454','186',41,NULL,'0',25,'Pickup','24.75','','','','Paid',0,0,0,'0',NULL,'2017-09-21 12:42:00',0,'0000-00-00 00:00:00',1,0,'08:30 am','0000-00-00 00:00:00',0,0),(46,'order86186231505996511',45,0,0,0,'FOS0000469','186',41,NULL,'0',0,'Pickup','23.1','','','','Paid',0,0,0,'0',NULL,'2017-09-21 17:51:51',0,'0000-00-00 00:00:00',1,0,'10:00 am','0000-00-00 00:00:00',0,0),(47,'order84336511506054739',45,0,0,0,'FOS0000473','186',41,NULL,'0',0,'Pickup','17.6','','','','Paid',1,0,0,'0',NULL,'2017-09-22 10:02:19',0,'0000-00-00 00:00:00',1,1,'','0000-00-00 00:00:00',0,0),(48,'order74112461506059083',45,0,0,0,'FOS0000483','188,186',41,NULL,'0',0,'Pickup','282.7','','','','Paid',1,0,0,'0',NULL,'2017-09-22 11:14:43',0,'0000-00-00 00:00:00',1,0,'10:00 am','0000-00-00 00:00:00',0,0),(49,'order6048001506332604',5,0,0,0,'FOS0000496','165,164',38,NULL,'0',0,'Pickup','2.7236','','','','Pending',0,0,0,'0',NULL,'2017-09-25 15:13:24',0,'0000-00-00 00:00:00',1,1,'','0000-00-00 00:00:00',0,0),(50,'order94146391506496312',45,0,0,0,'FOS0000503','186',41,NULL,'0',0,'Pickup','23.1','','','','Pending',0,0,0,'0',NULL,'2017-09-27 12:41:52',0,'0000-00-00 00:00:00',1,0,'08:00 am','0000-00-00 00:00:00',0,0),(51,'order96640791506498359',45,0,0,0,'FOS0000512','186',41,NULL,'0',0,'Pickup','23.1','','','','Pending',0,0,0,'0',NULL,'2017-09-27 13:15:59',0,'0000-00-00 00:00:00',1,1,'','0000-00-00 00:00:00',0,0),(52,'order57927351506498374',45,0,0,0,'FOS0000526','186',41,NULL,'0',0,'Pickup','23.1','','','','Pending',1,0,0,'0',NULL,'2017-09-27 13:16:14',0,'0000-00-00 00:00:00',1,0,'08:00 am','0000-00-00 00:00:00',0,0),(53,'order10500941506506255',45,0,0,0,'FOS0000539','186',41,NULL,'0',0,'Pickup','23.1','','','','Pending',1,0,0,'0',NULL,'2017-09-27 15:27:35',0,'0000-00-00 00:00:00',1,0,'03:30 pm','0000-00-00 00:00:00',0,0),(54,'order32681581507023127',45,0,0,0,'FOS0000546','186',41,NULL,'0',0,'Pickup','22','','','','Delivered',1,0,0,'1',NULL,'2017-10-03 15:02:07',0,'0000-00-00 00:00:00',1,1,'','0000-00-00 00:00:00',0,0),(55,'order64863781507024804',45,0,0,0,'FOS0000555','186,189',41,NULL,'0',0,'Pickup','42.9','','','','Pending',0,0,0,'0',NULL,'2017-10-03 15:30:04',0,'0000-00-00 00:00:00',1,1,'','0000-00-00 00:00:00',0,0),(56,'order43635291507025952',45,0,0,0,'FOS0000568','186,189',41,NULL,'0',0,'Pickup','42.9','','','','Paid',0,0,0,'0',NULL,'2017-10-03 15:49:12',1,'0000-00-00 00:00:00',1,0,'04:10 pm','0000-00-00 00:00:00',0,0),(57,'order41081171507033886',45,0,0,0,'FOS0000575','186',41,NULL,'0',0,'Pickup','17.6','','','','Pending',0,0,0,'0',NULL,'2017-10-03 18:01:26',0,'0000-00-00 00:00:00',1,1,'','0000-00-00 00:00:00',0,0),(58,'order48916261507095870',45,0,0,10,'FOS0000584','186',41,NULL,'20',0,'Car','19.8','','','','Pending',0,0,0,'0',NULL,'2017-10-04 11:14:30',0,'0000-00-00 00:00:00',0,0,NULL,'0000-00-00 00:00:00',0,0),(59,'order80351401507095985',45,0,0,10,'FOS0000594','186',41,NULL,'20',0,'Car','19.8','','','','Pending',0,0,0,'0',NULL,'2017-10-04 11:16:25',0,'0000-00-00 00:00:00',0,0,NULL,'0000-00-00 00:00:00',0,0),(60,'order52286541507096001',45,0,0,10,'FOS0000604','186',41,NULL,'20',0,'Car','19.8','','','','Pending',0,0,0,'0',NULL,'2017-10-04 11:16:41',0,'0000-00-00 00:00:00',0,0,NULL,'0000-00-00 00:00:00',0,0),(61,'order97215731507096700',45,0,0,10,'FOS0000616','186',41,NULL,'20',0,'Car','19.8','','','','Paid',0,0,0,'0',NULL,'2017-10-04 11:28:20',1,'0000-00-00 00:00:00',0,0,NULL,'0000-00-00 00:00:00',0,0),(62,'order31649901507097022',45,0,0,10,'FOS0000624','186',41,NULL,'20',0,'Car','13.2','','','','Paid',0,0,0,'0',NULL,'2017-10-04 11:33:42',1,'0000-00-00 00:00:00',0,0,NULL,'0000-00-00 00:00:00',0,0),(64,'order84028801507097279',45,0,0,10,'FOS0000631','186',41,NULL,'20',0,'Car','19.8','','','','Paid',0,0,0,'0',NULL,'2017-10-04 11:37:59',1,'0000-00-00 00:00:00',0,0,NULL,'0000-00-00 00:00:00',0,0),(65,'order87581491507104113',45,0,0,0,'FOS0000655','186',41,NULL,'0',0,'Pickup','12.1','','','','Paid',0,0,0,'0',NULL,'2017-10-04 13:31:53',1,'0000-00-00 00:00:00',1,0,'01:50 pm','0000-00-00 00:00:00',0,0),(66,'order75675521507532001',58,0,0,0,'FOS0000665','186',41,NULL,'0',0,'Pickup','28.6','','','','Paid',0,0,0,'0',NULL,'2017-10-09 12:23:21',1,'0000-00-00 00:00:00',1,1,'','0000-00-00 00:00:00',0,0),(67,'order99163361507609477',58,0,0,0,'FOS0000674','186',41,NULL,'0',0,'Pickup','28.6','','','','Pending',0,0,0,'0',NULL,'2017-10-10 09:54:37',0,'0000-00-00 00:00:00',1,1,'','0000-00-00 00:00:00',0,0),(71,'order54893991507619375',58,0,0,12,'FOS0000688','',41,NULL,'20.0',0,'delivery','11.0','','','','paid',0,0,0,'0',NULL,'2017-10-10 12:39:35',0,'0000-00-00 00:00:00',0,0,NULL,'0000-00-00 00:00:00',0,0),(72,'order72766351507619434',58,0,0,12,'FOS0000723','',41,NULL,'20.0',0,'delivery','11.0','','','','paid',0,0,0,'0',NULL,'2017-10-10 12:40:34',0,'0000-00-00 00:00:00',0,0,NULL,'0000-00-00 00:00:00',0,0),(73,'order78679211507619512',58,0,0,12,'FOS0000738','',41,NULL,'20.0',0,'delivery','11.0','','','','paid',0,0,0,'0',NULL,'2017-10-10 12:41:52',0,'0000-00-00 00:00:00',0,0,NULL,'0000-00-00 00:00:00',0,0),(74,'order57345281507619744',58,0,0,12,'FOS0000749','186',41,NULL,'20.0',0,'delivery','11.0','','','','paid',0,0,0,'0',NULL,'2017-10-10 12:45:44',0,'0000-00-00 00:00:00',0,0,NULL,'0000-00-00 00:00:00',0,0),(75,'order34590451507620059',58,0,0,12,'FOS0000757','186',41,NULL,'20.0',0,'delivery','11.0','','','','paid',0,0,0,'0',NULL,'2017-10-10 12:50:59',0,'0000-00-00 00:00:00',0,0,NULL,'0000-00-00 00:00:00',0,0),(76,'order99169941507723449',58,0,0,0,'FOS0000767','186',41,NULL,'0',0,'Pickup','28.6','','','','Paid',0,0,0,'0',NULL,'2017-10-11 17:34:09',1,'0000-00-00 00:00:00',1,1,'','0000-00-00 00:00:00',0,0),(79,'order53555761507724607',58,0,0,0,'FOS0000772','186',41,NULL,'0',0,'Pickup','28.6','','','','Cancel',1,1,0,'0',NULL,'2017-10-11 17:53:27',1,'0000-00-00 00:00:00',1,1,'','0000-00-00 00:00:00',0,0),(80,'order47253001507956259',58,0,0,0,'FOS0000808','194',59,NULL,'0',0,'Pickup','28.6','','','','Pending',0,0,0,'0',NULL,'2017-10-14 10:14:19',0,'0000-00-00 00:00:00',1,1,'','0000-00-00 00:00:00',0,0),(81,'order82415691507956318',58,0,0,12,'FOS0000814','194',59,NULL,'12',0,'Car','29.92','','','','Pending',0,0,0,'0',NULL,'2017-10-14 10:15:18',0,'0000-00-00 00:00:00',0,0,NULL,'0000-00-00 00:00:00',0,0),(82,'order51761761507956443',58,0,0,14,'FOS0000829','194',59,NULL,'12',0,'Car','58.52','','','','Pending',0,0,0,'0',NULL,'2017-10-14 10:17:23',0,'0000-00-00 00:00:00',0,0,NULL,'0000-00-00 00:00:00',0,0),(83,'order20550261507956624',58,0,0,14,'FOS0000833','194',59,NULL,'12',0,'Car','29.92','','','','Pending',0,0,0,'0',NULL,'2017-10-14 10:20:24',0,'0000-00-00 00:00:00',0,0,NULL,'0000-00-00 00:00:00',0,0),(84,'order73092041507958498',58,0,0,0,'FOS0000846','194',59,NULL,'0',0,'Pickup','143','','','','Pending',0,0,0,'0',NULL,'2017-10-14 10:51:38',0,'0000-00-00 00:00:00',1,1,'','0000-00-00 00:00:00',0,0),(85,'order68341241507958802',58,0,0,0,'FOS0000852','',59,NULL,'0',0,'Pickup','143','','','','Pending',0,0,0,'0',NULL,'2017-10-14 10:56:42',0,'0000-00-00 00:00:00',1,1,'','0000-00-00 00:00:00',0,0),(86,'order66763131507958842',58,0,0,0,'FOS0000862','',59,NULL,'0',0,'Pickup','143','','','','Pending',0,0,0,'0',NULL,'2017-10-14 10:57:22',0,'0000-00-00 00:00:00',1,1,'','0000-00-00 00:00:00',0,0),(87,'order42172091507958948',58,0,0,0,'FOS0000875','',59,NULL,'0',0,'Pickup','143','','','','Pending',0,0,0,'0',NULL,'2017-10-14 10:59:08',0,'0000-00-00 00:00:00',1,1,'','0000-00-00 00:00:00',0,0),(88,'order18075591507958999',58,0,0,0,'FOS0000884','',59,NULL,'0',0,'Pickup','143','','','','Pending',0,0,0,'0',NULL,'2017-10-14 10:59:59',0,'0000-00-00 00:00:00',1,1,'','0000-00-00 00:00:00',0,0),(89,'order96545831507959050',58,0,0,0,'FOS0000895','',59,NULL,'0',0,'Pickup','143','','','','Pending',0,0,0,'0',NULL,'2017-10-14 11:00:50',0,'0000-00-00 00:00:00',1,1,'','0000-00-00 00:00:00',0,0),(90,'order67608931507959066',58,0,0,0,'FOS0000902','194',59,NULL,'0',0,'Pickup','143','','','','Pending',0,0,0,'0',NULL,'2017-10-14 11:01:06',0,'0000-00-00 00:00:00',1,1,'','0000-00-00 00:00:00',0,0),(91,'order27044251507959439',58,0,0,0,'FOS0000913','194',59,NULL,'0',0,'Pickup','143','','','','Pending',0,0,0,'0',NULL,'2017-10-14 11:07:19',0,'0000-00-00 00:00:00',1,1,'','0000-00-00 00:00:00',0,0),(98,'order26987911507961984',58,0,0,0,'FOS0000924','',59,NULL,'0',0,'Pickup','28.6','','','','Pending',0,0,0,'0',NULL,'2017-10-14 11:49:44',0,'0000-00-00 00:00:00',1,1,'','0000-00-00 00:00:00',0,36),(99,'order19657091507962116',58,0,0,0,'FOS0000996','',59,NULL,'0',0,'Pickup','28.6','','','','Pending',0,0,0,'0',NULL,'2017-10-14 11:51:56',0,'0000-00-00 00:00:00',1,1,'','0000-00-00 00:00:00',0,36),(100,'order87105221507962264',58,0,0,0,'FOS0001004','194',59,NULL,'0',0,'Pickup','28.6','','','','Paid',0,0,0,'0',NULL,'2017-10-14 11:54:24',1,'0000-00-00 00:00:00',1,1,'','0000-00-00 00:00:00',0,36),(102,'order35716321507964522',58,0,0,0,'FOS0001018','194',59,NULL,'0',0,'Pickup','28.6','','','','Paid',0,0,0,'0',NULL,'2017-10-14 12:32:02',1,'0000-00-00 00:00:00',1,1,'','0000-00-00 00:00:00',0,36),(104,'order55129411507965875',58,0,0,0,'FOS0001036','194',59,NULL,'0',0,'Pickup','28.6','','','','Paid',0,0,0,'0',NULL,'2017-10-14 12:54:35',1,'0000-00-00 00:00:00',1,1,'','0000-00-00 00:00:00',0,130),(105,'order27939541507967897',58,0,0,0,'FOS0001057','194',59,NULL,'0',0,'Pickup','28.6','','','','Pending',0,0,0,'0',NULL,'2017-10-14 13:28:17',0,'0000-00-00 00:00:00',1,1,'','0000-00-00 00:00:00',-91,380),(106,'order41037581507967907',58,0,0,0,'FOS0001064','194',59,NULL,'0',0,'Pickup','28.6','','','','Pending',0,0,0,'0',NULL,'2017-10-14 13:28:27',0,'0000-00-00 00:00:00',1,1,'','0000-00-00 00:00:00',-91,380),(107,'order25284081507967931',58,0,0,0,'FOS0001077','194',59,NULL,'0',0,'Pickup','28.6','','','','Pending',0,0,0,'0',NULL,'2017-10-14 13:28:51',0,'0000-00-00 00:00:00',1,1,'','0000-00-00 00:00:00',-91,380),(108,'order17263721507967941',58,0,0,13,'FOS0001086','194',59,NULL,'12',0,'Car','29.92','','','','Pending',0,0,0,'0',NULL,'2017-10-14 13:29:01',0,'0000-00-00 00:00:00',0,0,NULL,'0000-00-00 00:00:00',-78,380),(109,'order16241471507967951',58,0,0,13,'FOS0001094','194',59,NULL,'12',0,'Car','29.92','','','','Pending',0,0,0,'0',NULL,'2017-10-14 13:29:11',0,'0000-00-00 00:00:00',0,0,NULL,'0000-00-00 00:00:00',-78,380),(110,'order81094241507967989',58,0,0,13,'FOS0001109','194',59,NULL,'12',0,'Car','29.92','','','','Pending',0,0,0,'0',NULL,'2017-10-14 13:29:49',0,'0000-00-00 00:00:00',0,0,NULL,'0000-00-00 00:00:00',-78,380),(111,'order89348321507968050',58,0,0,13,'FOS0001118','194',59,NULL,'12',0,'Car','29.92','','','','Paid',0,0,0,'0',NULL,'2017-10-14 13:30:50',1,'0000-00-00 00:00:00',0,0,NULL,'0000-00-00 00:00:00',182,120),(112,'order98561911507968212',58,0,0,0,'FOS0001123','194',59,NULL,'0',0,'Pickup','28.6','','','','Paid',0,0,0,'0',NULL,'2017-10-14 13:33:32',1,'0000-00-00 00:00:00',1,1,'','0000-00-00 00:00:00',169,120),(116,'order52802511507971279',58,0,0,0,'FOS0001136','194',59,NULL,'0',0,'Pickup','28.6','','','','Paid',0,0,0,'0',NULL,'2017-10-14 14:24:39',1,'0000-00-00 00:00:00',1,1,'','0000-00-00 00:00:00',169,120),(117,'order64555101507972058',58,0,0,0,'FOS0001176','194',59,NULL,'0',0,'Pickup','28.6','','','','Pending',0,0,0,'0',NULL,'2017-10-14 14:37:38',0,'0000-00-00 00:00:00',1,1,'','0000-00-00 00:00:00',-211,500),(118,'order24365901507972105',58,0,0,0,'FOS0001187','',59,NULL,'0',0,'Pickup','28.6','','','','Pending',0,0,0,'0',NULL,'2017-10-14 14:38:25',0,'0000-00-00 00:00:00',1,1,'','0000-00-00 00:00:00',0,0),(119,'order70533871507972173',58,0,0,0,'FOS0001193','',59,NULL,'0',0,'Pickup','28.6','','','','Pending',0,0,0,'0',NULL,'2017-10-14 14:39:33',0,'0000-00-00 00:00:00',1,1,'','0000-00-00 00:00:00',0,0),(120,'order42504111507972202',58,0,0,0,'FOS0001205','',59,NULL,'0',0,'Pickup','28.6','','','','Pending',0,0,0,'0',NULL,'2017-10-14 14:40:02',0,'0000-00-00 00:00:00',1,1,'','0000-00-00 00:00:00',0,0),(123,'order74490811507972704',58,0,0,0,'FOS0001216','',59,NULL,'0',0,'Pickup','28.6','','','','Pending',0,0,0,'0',NULL,'2017-10-14 14:48:24',0,'0000-00-00 00:00:00',1,1,'','0000-00-00 00:00:00',211,500),(124,'order15516101507972727',58,0,0,0,'FOS0001244','',59,NULL,'0',0,'Pickup','28.6','','','','Pending',0,0,0,'0',NULL,'2017-10-14 14:48:47',0,'0000-00-00 00:00:00',1,1,'','0000-00-00 00:00:00',0,289),(125,'order92278851507972738',58,0,0,0,'FOS0001259','',59,NULL,'0',0,'Pickup','28.6','','','','Pending',0,0,0,'0',NULL,'2017-10-14 14:48:58',0,'0000-00-00 00:00:00',1,1,'','0000-00-00 00:00:00',0,289),(126,'order85235471507972745',58,0,0,0,'FOS0001268','194',59,NULL,'0',0,'Pickup','28.6','','','','Pending',0,0,0,'0',NULL,'2017-10-14 14:49:05',0,'0000-00-00 00:00:00',1,1,'','0000-00-00 00:00:00',0,289),(127,'order64909411507973205',58,0,0,0,'FOS0001275','194',59,NULL,'0',0,'Pickup','28.6','','','','Pending',0,0,0,'0',NULL,'2017-10-14 14:56:45',0,'0000-00-00 00:00:00',1,1,'','0000-00-00 00:00:00',0,289),(128,'order46009491507973797',58,0,0,0,'FOS0001284','194',59,NULL,'0',0,'Pickup','28.6','','','','Pending',0,0,0,'0',NULL,'2017-10-14 15:06:37',0,'0000-00-00 00:00:00',1,1,'','0000-00-00 00:00:00',0,289),(129,'order23753451507973836',58,0,0,0,'FOS0001297','194',59,NULL,'0',0,'Pickup','28.6','','','','Pending',0,0,0,'0',NULL,'2017-10-14 15:07:16',0,'0000-00-00 00:00:00',1,1,'','0000-00-00 00:00:00',0,289),(130,'order18174541507973868',58,0,0,0,'FOS0001301','194',59,NULL,'0',0,'Pickup','28.6','','','','Paid',0,0,0,'0',NULL,'2017-10-14 15:07:48',1,'0000-00-00 00:00:00',1,1,'','0000-00-00 00:00:00',0,289),(132,'order41250601507977032',58,0,0,0,'FOS0001316','194',59,NULL,'0',0,'Pickup','57.2','','','','Pending',0,0,0,'0',NULL,'2017-10-14 16:00:32',0,'0000-00-00 00:00:00',1,1,'','0000-00-00 00:00:00',577,211),(133,'order69612581507977156',58,0,0,0,'FOS0001331','194',59,NULL,'0',0,'Pickup','28.6','','','','Paid',0,0,0,'0',NULL,'2017-10-14 16:02:36',1,'0000-00-00 00:00:00',1,1,'','0000-00-00 00:00:00',289,211),(134,'order85167661507977432',58,0,0,0,'FOS0001347','',59,NULL,'0',0,'Pickup','28.6','','','','Pending',0,0,0,'0',NULL,'2017-10-14 16:07:12',0,'0000-00-00 00:00:00',1,1,'','0000-00-00 00:00:00',0,0),(135,'order78508091507977540',58,0,0,0,'FOS0001351','194',59,NULL,'0',0,'Pickup','28.6','','','','Paid',0,0,0,'0',NULL,'2017-10-14 16:09:00',1,'0000-00-00 00:00:00',1,1,'','0000-00-00 00:00:00',0,289),(136,'order63107561507977866',58,0,0,0,'FOS0001364','',59,NULL,'0',0,'Pickup','28.6','','','','Pending',0,0,0,'0',NULL,'2017-10-14 16:14:26',0,'0000-00-00 00:00:00',1,1,'','0000-00-00 00:00:00',0,0),(137,'order25110271507977883',58,0,0,0,'FOS0001373','',59,NULL,'0',0,'Pickup','28.6','','','','Pending',0,0,0,'0',NULL,'2017-10-14 16:14:43',0,'0000-00-00 00:00:00',1,1,'','0000-00-00 00:00:00',0,289),(138,'order68273151507977974',58,0,0,0,'FOS0001383','',59,NULL,'0',0,'Pickup','28.6','','','','Pending',0,0,0,'0',NULL,'2017-10-14 16:16:14',0,'0000-00-00 00:00:00',1,1,'','0000-00-00 00:00:00',0,0),(139,'order93427371507977981',58,0,0,0,'FOS0001395','194',59,NULL,'0',0,'Pickup','28.6','','','','Paid',0,0,0,'0',NULL,'2017-10-14 16:16:21',1,'0000-00-00 00:00:00',1,1,'','0000-00-00 00:00:00',0,288.6),(140,'order85483831507978460',68,0,0,0,'FOS0001406','194',59,NULL,'0',0,'Pickup','114.4','','','','Paid',0,0,0,'0',NULL,'2017-10-14 16:24:20',1,'0000-00-00 00:00:00',1,1,'','0000-00-00 00:00:00',1154.4,50),(141,'order63219941507978831',68,0,0,0,'FOS0001411','194',59,NULL,'0',0,'Pickup','114.4','','','','Paid',0,0,0,'0',NULL,'2017-10-14 16:30:31',1,'0000-00-00 00:00:00',1,1,'','0000-00-00 00:00:00',1104.4,50),(142,'order55801801507979048',68,0,0,0,'FOS0001425','194',59,NULL,'0',0,'Pickup','82.5','','','','Pending',0,0,0,'0',NULL,'2017-10-14 16:34:08',0,'0000-00-00 00:00:00',1,1,'','0000-00-00 00:00:00',0,0),(143,'order44938101507984020',68,0,0,0,'FOS0001435','194',59,NULL,'0',0,'Pickup','28.6','','','','Paid',0,0,0,'0',NULL,'2017-10-14 17:57:00',1,'0000-00-00 00:00:00',1,1,'','0000-00-00 00:00:00',188.6,100),(144,'order35684741508159548',5,0,0,0,'FOS0001443','165',38,NULL,'0',0,'Pickup','2.6972','','','','Pending',0,0,0,'0',NULL,'2017-10-16 18:42:28',0,'0000-00-00 00:00:00',1,1,'','0000-00-00 00:00:00',0,0),(145,'order17874851509353866',5,0,0,0,'FOS0001451','169',39,NULL,'0',0,'Pickup','1.65','','','','Pending',0,0,0,'0',NULL,'2017-10-30 14:27:46',0,'0000-00-00 00:00:00',1,1,'','0000-00-00 00:00:00',0,0),(146,'order44176441509354224',5,0,0,0,'FOS0001467','169',39,NULL,'0',0,'Pickup','2.2','','','','Pending',0,0,0,'0',NULL,'2017-10-30 14:33:44',0,'0000-00-00 00:00:00',1,1,'','0000-00-00 00:00:00',0,0),(147,'order78111981509528503',5,0,0,0,'FOS0001471','169,170',39,NULL,'0',0,'Pickup','2.09','','','','Pending',1,0,0,'0',NULL,'2017-11-01 14:58:23',0,'0000-00-00 00:00:00',1,1,'','0000-00-00 00:00:00',0,0),(148,'order75416231510297334',45,72,0,10,'FOS0001481','169,170',39,NULL,'5',0,'Vespa','2.64','','','','Confirm',0,0,0,'0',NULL,'2017-11-10 12:32:14',0,'0000-00-00 00:00:00',0,0,NULL,'0000-00-00 00:00:00',0,0),(149,'order3898011510297432',45,72,0,10,'FOS0001494','169,170',39,NULL,'5',0,'Vespa','2.64','','','','On Delivery',0,0,0,'0',NULL,'2017-11-10 12:33:52',1,'0000-00-00 00:00:00',0,0,NULL,'0000-00-00 00:00:00',0,0),(150,'order24277371510547396',45,72,0,0,'FOS0001507','169,171',39,NULL,'0',0,'Pickup','4.4','','','','Delivered',0,0,0,'0',NULL,'2017-11-13 09:59:56',1,'0000-00-00 00:00:00',1,1,'','0000-00-00 00:00:00',0,0),(151,'order12867711510561238',45,0,87,10,'FOS0001515','169',39,NULL,'0',0,'Pickup','2.75','','','','On Delivery',0,0,0,'0',NULL,'2017-11-13 13:50:38',1,'0000-00-00 00:00:00',1,1,'','0000-00-00 00:00:00',0,0),(153,'order29484941510660982',45,0,0,0,'FOS0001527','170',39,NULL,'0',0,'Pickup','3.08','','','','Pending',0,0,0,'0',NULL,'2017-11-14 17:33:02',0,'0000-00-00 00:00:00',1,1,'','0000-00-00 00:00:00',0,0),(154,'order45635051510660992',45,72,76,10,'FOS0001542','170',39,NULL,'5',0,'Vespa','3.63','','','','Assign To Delivery',0,0,0,'0',NULL,'2017-11-14 17:33:12',1,'0000-00-00 00:00:00',0,0,NULL,'0000-00-00 00:00:00',0,0),(155,'order82830221511250705',45,0,0,0,'FOS0001559','186',41,NULL,'0',0,'Pickup','11','','','','Pending',0,0,0,'0',NULL,'2017-11-21 13:21:45',0,'0000-00-00 00:00:00',1,1,'','0000-00-00 00:00:00',0,0),(156,'order27902451511337025',58,0,0,21,'FOS0001562','168',38,NULL,'0.00',0,'delivery','5.14','','','','paid',0,0,0,'0',NULL,'2017-11-22 13:20:25',0,'0000-00-00 00:00:00',0,0,NULL,'0000-00-00 00:00:00',0,0),(157,'order48610011511874372',45,0,0,10,'FOS0001572','169',39,NULL,'5',0,'Vespa','2.2','','','','Paid',0,0,0,'0',NULL,'2017-11-28 18:36:12',1,'0000-00-00 00:00:00',0,0,NULL,'0000-00-00 00:00:00',0,0),(158,'order50078001511928249',5,0,0,0,'FOS0001583','170',39,NULL,'0',0,'Pickup','7.92','','','','Pending',0,0,0,'0',NULL,'2017-11-29 09:34:09',0,'0000-00-00 00:00:00',1,1,'','0000-00-00 00:00:00',0,0),(159,'order82601491511928354',5,74,0,0,'FOS0001596','170',39,NULL,'0',36,'Pickup','3.96','','','','Delivered',0,0,0,'1',NULL,'2017-11-29 09:35:54',1,'0000-00-00 00:00:00',1,1,'','0000-00-00 00:00:00',0,0),(160,'order54190691511934710',45,0,0,10,'FOS0001607','169',39,NULL,'5',0,'Vespa','2.2','','','','Delivered',0,0,0,'0',NULL,'2017-11-29 11:21:50',1,'0000-00-00 00:00:00',0,0,NULL,'0000-00-00 00:00:00',0,0),(161,'order9134111512196088',45,0,0,10,'FOS0001616','169',39,NULL,'5',0,'Vespa','2.75','','','','Paid',0,0,0,'0',NULL,'2017-12-02 11:58:08',1,'0000-00-00 00:00:00',0,0,NULL,'0000-00-00 00:00:00',0,0),(162,'order18911911512379697',45,0,0,0,'FOS0001621','169',39,NULL,'5',0,'Vespa','2.75','','','','Pending',0,0,0,'0',NULL,'2017-12-04 14:58:17',0,'0000-00-00 00:00:00',0,0,NULL,'0000-00-00 00:00:00',0,0),(163,'order82449811512380979',45,0,0,16,'FOS0001639','169',39,NULL,'5',0,'Vespa','2.75','','','','Paid',0,0,0,'0',NULL,'2017-12-04 15:19:39',1,'0000-00-00 00:00:00',0,0,NULL,'0000-00-00 00:00:00',0,0),(164,'order98212281512381062',45,0,0,16,'FOS0001643','169',39,NULL,'5',0,'Vespa','2.75','','','','Paid',0,0,0,'0',NULL,'2017-12-04 15:21:02',1,'0000-00-00 00:00:00',0,0,NULL,'0000-00-00 00:00:00',0,0),(165,'order19861521512381891',45,0,0,0,'FOS0001658','169,170',39,NULL,'5',0,'Vespa','2.64','','','','Pending',0,0,0,'0',NULL,'2017-12-04 15:34:51',0,'0000-00-00 00:00:00',0,0,NULL,'0000-00-00 00:00:00',0,0),(166,'order13822171512381915',45,0,0,0,'FOS0001664','169,170',39,NULL,'5',0,'Vespa','2.64','','','','Pending',0,0,0,'0',NULL,'2017-12-04 15:35:15',0,'0000-00-00 00:00:00',0,0,NULL,'0000-00-00 00:00:00',0,0),(167,'order10479121512384186',45,0,0,0,'FOS0001672','169,170',39,NULL,'0',94.5,'Pickup','3.465','','','','Pending',0,0,0,'0',NULL,'2017-12-04 16:13:06',0,'0000-00-00 00:00:00',1,1,'','0000-00-00 00:00:00',0,0),(168,'order96164661512384231',45,0,0,0,'FOS0001685','169,170',39,NULL,'0',63,'Pickup','2.31','','','','Pending',0,0,0,'0',NULL,'2017-12-04 16:13:51',0,'0000-00-00 00:00:00',1,1,'','0000-00-00 00:00:00',0,0),(169,'order79979171512384378',45,0,0,0,'FOS0001694','169',39,NULL,'0',37.5,'Pickup','1.375','','','','Pending',0,0,0,'0',NULL,'2017-12-04 16:16:18',0,'0000-00-00 00:00:00',1,1,'','0000-00-00 00:00:00',0,0),(170,'order20448241512384631',45,0,0,0,'FOS0001703','169',39,NULL,'0',7.5,'Pickup','0.275','','','','Pending',0,0,0,'0',NULL,'2017-12-04 16:20:31',0,'0000-00-00 00:00:00',1,1,'','0000-00-00 00:00:00',0,0),(171,'order64784971512384943',45,0,0,0,'FOS0001711','169',39,NULL,'0',15,'Pickup','0.55','','','','Pending',0,0,0,'0',NULL,'2017-12-04 16:25:43',0,'0000-00-00 00:00:00',1,1,'','0000-00-00 00:00:00',0,0),(172,'order33862901513065323',4,0,0,0,'FOS0001725','169,170',39,NULL,'5',0,'Vespa','2.64','','','','Pending',0,0,0,'0',NULL,'2017-12-12 13:25:23',0,'0000-00-00 00:00:00',0,0,NULL,'0000-00-00 00:00:00',0,0),(173,'order15787871505216048',45,0,0,10,'FOS0000015','183,179',65,NULL,'10',0,'Vespa','3.9545','','','','cancel',0,0,0,'0',NULL,'2017-09-12 17:04:08',0,'0000-00-00 00:00:00',0,0,NULL,'0000-00-00 00:00:00',0,0),(174,'order35795471514541659',5,0,0,0,'FOS0001747','169',39,NULL,'0',0,'Pickup','7.15','','','','Pending',0,0,0,'0',NULL,'2017-12-29 15:30:59',0,'0000-00-00 00:00:00',1,1,'','0000-00-00 00:00:00',0,0),(175,'order78896481529651210',5,0,0,0,'FOS0001751','186',41,NULL,'0',0,'Pickup','11','','','','Pending',0,0,0,'0',NULL,'2018-06-22 12:36:50',0,'0000-00-00 00:00:00',1,1,'','0000-00-00 00:00:00',0,0),(176,'order42597141537173780',45,0,0,0,'FOS0001769','186',41,NULL,'0',0,'Pickup','11','','','','Paid',0,0,0,'0',NULL,'2018-09-17 14:13:00',1,'0000-00-00 00:00:00',1,1,'','0000-00-00 00:00:00',0,0),(177,'order40626771541161320',45,0,0,15,'FOS0001774','186',41,NULL,'20',0,'Car','14.3','','','','Confirm',0,0,0,'0',NULL,'2018-11-02 17:52:00',1,'0000-00-00 00:00:00',0,0,NULL,'0000-00-00 00:00:00',0,0),(178,'order25074601541161655',45,0,0,15,'FOS0001782','139',29,NULL,'0',0,'Car','2.75','','','','Pending',0,0,0,'0',NULL,'2018-11-02 17:57:35',0,'0000-00-00 00:00:00',0,0,NULL,'0000-00-00 00:00:00',0,0),(179,'order91720521541161877',45,0,0,15,'FOS0001798','43',23,NULL,'0',0,'Car','1.375','','','','Pending',0,0,0,'0',NULL,'2018-11-02 18:01:17',0,'0000-00-00 00:00:00',0,0,NULL,'0000-00-00 00:00:00',0,0),(180,'order98628911541161905',45,0,0,15,'FOS0001807','186',41,NULL,'20',0,'Car','13.2','','','','Pending',0,0,0,'0',NULL,'2018-11-02 18:01:45',0,'0000-00-00 00:00:00',0,0,NULL,'0000-00-00 00:00:00',0,0),(182,'order34547671571214082',130,0,0,0,'FOS0001816','282',124,NULL,'0',0,'Pickup','0','','','','Pending',0,0,0,'0',NULL,'2019-10-16 19:21:22',0,'0000-00-00 00:00:00',1,0,'07:40 pm','0000-00-00 00:00:00',0,0),(183,'order51604631571215080',130,0,0,0,'FOS0001831','398',124,NULL,'0',0,'Pickup','0','','','','Confirm',0,0,0,'0',NULL,'2019-10-16 19:38:00',0,'0000-00-00 00:00:00',1,0,'07:50 pm','0000-00-00 00:00:00',0,0),(184,'order79050531571225204',130,0,0,0,'FOS0001846','294',124,'no more ingredient','0',0,'Pickup','0','','','','Cancel',0,0,0,'0',NULL,'2019-10-16 22:26:44',1,'0000-00-00 00:00:00',1,0,'11:00 pm','0000-00-00 00:00:00',0,0),(185,'order29042991571225535',4,0,0,0,'FOS0001851','284',124,'no more food','0',0,'Pickup','0','','','','Pending',0,0,0,'0',NULL,'2019-10-16 22:32:15',1,'0000-00-00 00:00:00',1,1,'','0000-00-00 00:00:00',0,0),(186,'order78001621571225599',130,0,0,0,'FOS0001869','282',124,NULL,'0',0,'Pickup','0','','','','Confirm',0,0,0,'0',NULL,'2019-10-16 22:33:19',1,'0000-00-00 00:00:00',1,1,'','0000-00-00 00:00:00',0,0),(187,'order20133401571227742',130,0,0,17,'FOS0001876','283',124,NULL,'0',0,'Car','0','','','','Paid',0,0,0,'0',NULL,'2019-10-16 23:09:02',1,'0000-00-00 00:00:00',0,0,NULL,'0000-00-00 00:00:00',0,0),(188,'order46539211571395038',4,0,0,0,'FOS0001883','399,283',124,NULL,'0',0,'Pickup','0','','','','Paid',0,0,0,'0',NULL,'2019-10-18 21:37:18',1,'0000-00-00 00:00:00',1,1,'','0000-00-00 00:00:00',0,0),(189,'order26776581571448021',137,0,0,18,'FOS0001894','140,139',29,NULL,'0',0,'Car','0','','','','Pending',0,0,0,'0',NULL,'2019-10-19 12:20:21',0,'0000-00-00 00:00:00',0,0,NULL,'0000-00-00 00:00:00',0,0),(190,'order22403361571448686',137,0,0,18,'FOS0001904','140,139',29,NULL,'0',0,'Car','0','','','','Pending',0,0,0,'0',NULL,'2019-10-19 12:31:26',0,'0000-00-00 00:00:00',0,0,NULL,'0000-00-00 00:00:00',0,0),(191,'order55829081571449123',137,0,0,18,'FOS0001916','140,139',29,NULL,'0',0,'Car','0','','','','Pending',0,0,0,'0',NULL,'2019-10-19 12:38:43',0,'0000-00-00 00:00:00',0,0,NULL,'0000-00-00 00:00:00',0,0),(192,'order6199521571558262',141,0,0,0,'FOS0001929','399',124,NULL,'0',0,'Pickup','0','','','','Paid',0,0,0,'0',NULL,'2019-10-20 18:57:42',1,'0000-00-00 00:00:00',1,1,'','0000-00-00 00:00:00',0,0),(193,'order18207331571790982',130,0,136,17,'FOS0001938','282',124,NULL,'0',0,'Car','0','','','','Delivered',0,0,0,'0',NULL,'2019-10-23 11:36:22',1,'0000-00-00 00:00:00',0,0,NULL,'2019-10-23 12:04:40',0,0),(194,'order6902981571791188',141,0,136,19,'FOS0001944','399',124,NULL,'0',0,'delivery','0','15.00','15.00','','Delivered',0,0,0,'0',NULL,'2019-10-23 11:39:48',0,'0000-00-00 00:00:00',0,0,NULL,'2019-10-23 12:24:15',0,0),(195,'order36422561571792893',141,0,136,19,'FOS0001955','287',124,NULL,'0',0,'delivery','0','12.90','12.90','','Delivered',0,0,0,'0',NULL,'2019-10-23 12:08:13',0,'0000-00-00 00:00:00',0,0,NULL,'2019-10-23 12:43:35',0,0),(196,'order11724881571793060',141,0,145,19,'FOS0001967','287',124,NULL,'0',0,'delivery','0','12.90','12.90','','Delivered',0,0,0,'0',NULL,'2019-10-23 12:11:00',0,'0000-00-00 00:00:00',0,0,NULL,'2019-10-23 14:37:43',0,0),(197,'order37632761571793264',141,0,136,19,'FOS0001978','287',124,NULL,'0',0,'delivery','0','12.90','12.90','','Delivered',0,0,0,'0',NULL,'2019-10-23 12:14:24',0,'0000-00-00 00:00:00',0,0,NULL,'2019-10-23 12:33:46',0,0),(198,'order3697941571801963',141,0,145,19,'FOS0001984','290',124,NULL,'0',0,'delivery','0','12.90','12.90','','Delivered',0,0,0,'0',NULL,'2019-10-23 14:39:23',0,'0000-00-00 00:00:00',0,0,NULL,'2019-10-23 14:41:51',0,0),(199,'order63372371571802204',141,0,145,19,'FOS0001995','288',124,NULL,'0',0,'delivery','0','12.90','12.90','','Delivered',0,0,0,'0',NULL,'2019-10-23 14:43:24',0,'0000-00-00 00:00:00',0,0,NULL,'2019-10-31 22:01:05',0,0),(200,'order77134301571807768',4,0,146,16,'FOS0002007','169,170,171',39,NULL,'5',0,'Vespa','0','','','','Assign To Delivery',0,0,0,'0',NULL,'2019-10-23 16:16:08',1,'0000-00-00 00:00:00',0,0,NULL,'0000-00-00 00:00:00',0,0),(201,'order43835191571810704',4,0,0,16,'FOS0002016','169,170,171',39,NULL,'5',0,'Vespa','0','','','','Pending',0,0,0,'0',NULL,'2019-10-23 17:05:04',0,'0000-00-00 00:00:00',0,0,NULL,'0000-00-00 00:00:00',0,0),(202,'order44721801571810790',4,0,0,16,'FOS0002025','397,170',39,NULL,'5',0,'delivery','0','14.00','19.00','','Paid',0,0,0,'0',NULL,'2019-10-23 17:06:30',0,'0000-00-00 00:00:00',0,0,NULL,'0000-00-00 00:00:00',0,0),(203,'order19640841571811152',4,0,0,16,'FOS0002031','397,170',39,NULL,'5',0,'delivery','0','14.00','19.00','','Paid',0,0,0,'0',NULL,'2019-10-23 17:12:32',0,'0000-00-00 00:00:00',0,0,NULL,'0000-00-00 00:00:00',0,0),(204,'order77790671571814501',4,0,0,16,'FOS0002042','399,289,286',124,NULL,'0.00',0,'delivery','0.00','59.20','59.20','','Paid',0,0,0,'0',NULL,'2019-10-23 18:08:21',0,'0000-00-00 00:00:00',0,0,NULL,'0000-00-00 00:00:00',0,0),(205,'order64987471571815625',4,0,0,0,'FOS0002058','399',124,NULL,'0',0,'Pickup','0','','','','Pending',0,0,0,'0',NULL,'2019-10-23 18:27:05',0,'0000-00-00 00:00:00',1,1,'','0000-00-00 00:00:00',0,0),(206,'order44552351571825312',4,0,0,16,'FOS0002062','399,282,283',124,NULL,'0',0,'delivery','0','36.00','36.00','','Paid',0,0,0,'0',NULL,'2019-10-23 21:08:32',0,'0000-00-00 00:00:00',0,0,NULL,'0000-00-00 00:00:00',0,0),(207,'order4086881571830725',4,0,0,16,'FOS0002071','399',124,NULL,'0',0,'delivery','0','15.00','15.00','','Paid',0,0,0,'0',NULL,'2019-10-23 22:38:45',0,'0000-00-00 00:00:00',0,0,NULL,'0000-00-00 00:00:00',0,0),(208,'order92227591571833816',130,0,147,17,'FOS0002084','391',135,NULL,'0',0,'Car','0','','','','Delivered',0,0,0,'1',NULL,'2019-10-23 23:30:16',1,'0000-00-00 00:00:00',0,0,NULL,'2019-10-23 23:42:40',0,0),(209,'order73172351571834947',130,0,147,17,'FOS0002099','393',135,NULL,'0',0,'Car','0','','','','Assign To Delivery',0,0,0,'0',NULL,'2019-10-23 23:49:07',1,'0000-00-00 00:00:00',0,0,NULL,'0000-00-00 00:00:00',0,0),(210,'order36536921571895179',141,0,136,19,'FOS0002103','399',124,NULL,'0',0,'delivery','0','15.00','15.00','','Delivered',0,0,0,'0',NULL,'2019-10-24 16:32:59',0,'0000-00-00 00:00:00',0,0,NULL,'2019-10-31 21:57:22',0,0),(211,'order29479741571902763',130,0,0,0,'FOS0002119','173',39,NULL,'0',0,'Pickup','0','','','','Pending',0,0,0,'0',NULL,'2019-10-24 18:39:23',0,'0000-00-00 00:00:00',1,1,'','0000-00-00 00:00:00',0,0),(212,'order92883061571903337',130,0,148,17,'FOS0002127','298',129,NULL,'0',0,'Car','0','','','','Assign To Delivery',0,0,0,'0',NULL,'2019-10-24 18:48:57',1,'0000-00-00 00:00:00',0,0,NULL,'0000-00-00 00:00:00',0,0),(213,'order33553181572404662',130,0,0,17,'FOS0002131','291',124,NULL,'0',0,'Car','0','','','','Paid',0,0,0,'0',NULL,'2019-10-30 14:04:22',1,'0000-00-00 00:00:00',0,0,NULL,'0000-00-00 00:00:00',0,0),(214,'order23891281572406098',130,0,0,20,'FOS0002143','399',124,NULL,'0',0,'Car','0','','','','Paid',0,0,0,'0',NULL,'2019-10-30 14:28:18',1,'0000-00-00 00:00:00',0,0,NULL,'0000-00-00 00:00:00',0,0),(215,'order52049131572501482',4,0,0,16,'FOS0002154','282,286',124,NULL,'0',0,'Car','0','','','','Prepared',0,0,0,'0',NULL,'2019-10-31 16:58:02',1,'0000-00-00 00:00:00',0,0,NULL,'0000-00-00 00:00:00',0,0),(216,'order88678051572519172',131,0,136,21,'FOS0002166','289',124,NULL,'0',0,'Car','0','','','','Delivered',0,0,0,'0',NULL,'2019-10-31 21:52:52',1,'0000-00-00 00:00:00',0,0,NULL,'2019-10-31 21:59:44',0,0),(217,'order78767861572521101',131,0,145,21,'FOS0002175','284',124,NULL,'0',0,'Car','0','','','','Delivered',0,0,0,'0',NULL,'2019-10-31 22:25:01',1,'0000-00-00 00:00:00',0,0,NULL,'2019-10-31 22:31:38',0,0),(218,'order92011951572521785',131,0,136,22,'FOS0002184','288',124,NULL,'0',0,'Car','0','','','','Delivered',0,0,0,'0',NULL,'2019-10-31 22:36:25',1,'0000-00-00 00:00:00',0,0,NULL,'2019-10-31 22:46:42',0,0),(219,'order29982721572522340',131,0,145,23,'FOS0002192','399',124,NULL,'0',0,'Car','0','','','','Delivered',0,0,0,'0',NULL,'2019-10-31 22:45:40',1,'0000-00-00 00:00:00',0,0,NULL,'2019-10-31 22:48:31',0,0),(220,'order58175021572601339',153,0,0,25,'FOS0002202','405',152,NULL,'0',0,'Car','0','','','','Pending',0,0,0,'0',NULL,'2019-11-01 20:42:19',0,'0000-00-00 00:00:00',0,0,NULL,'0000-00-00 00:00:00',0,0),(221,'order99458711572601389',153,0,0,24,'FOS0002213','405',152,NULL,'0',0,'Car','0','','','','Pending',0,0,0,'0',NULL,'2019-11-01 20:43:09',0,'0000-00-00 00:00:00',0,0,NULL,'0000-00-00 00:00:00',0,0),(222,'order37582311572945858',130,0,0,17,'FOS0002224','282',124,NULL,'0',0,'Car','0','','','','Paid',0,0,0,'0',NULL,'2019-11-05 20:24:18',1,'0000-00-00 00:00:00',0,0,NULL,'0000-00-00 00:00:00',0,0);
/*!40000 ALTER TABLE `tbl_orders` ENABLE KEYS */;
UNLOCK TABLES;

--
-- Table structure for table `tbl_orderstatus`
--

DROP TABLE IF EXISTS `tbl_orderstatus`;
/*!40101 SET @saved_cs_client     = @@character_set_client */;
/*!40101 SET character_set_client = utf8 */;
CREATE TABLE `tbl_orderstatus` (
  `id` int(10) NOT NULL AUTO_INCREMENT,
  `status_name` text NOT NULL,
  `user_id` int(10) NOT NULL,
  `status` int(10) NOT NULL,
  `slug` varchar(255) NOT NULL,
  `created` date NOT NULL,
  PRIMARY KEY (`id`)
) ENGINE=InnoDB AUTO_INCREMENT=2 DEFAULT CHARSET=latin1;
/*!40101 SET character_set_client = @saved_cs_client */;

--
-- Dumping data for table `tbl_orderstatus`
--

LOCK TABLES `tbl_orderstatus` WRITE;
/*!40000 ALTER TABLE `tbl_orderstatus` DISABLE KEYS */;
INSERT INTO `tbl_orderstatus` VALUES (1,'On Delivery',39,1,'on_delivery58020251529565116','2018-06-21');
/*!40000 ALTER TABLE `tbl_orderstatus` ENABLE KEYS */;
UNLOCK TABLES;

--
-- Table structure for table `tbl_pages`
--

DROP TABLE IF EXISTS `tbl_pages`;
/*!40101 SET @saved_cs_client     = @@character_set_client */;
/*!40101 SET character_set_client = utf8 */;
CREATE TABLE `tbl_pages` (
  `id` int(11) NOT NULL AUTO_INCREMENT,
  `name` varchar(255) CHARACTER SET utf8 DEFAULT NULL,
  `category` varchar(254) DEFAULT NULL,
  `slug` varchar(255) CHARACTER SET utf8 NOT NULL,
  `description` text,
  `status` tinyint(1) NOT NULL,
  `created` datetime NOT NULL,
  `modified` datetime NOT NULL,
  PRIMARY KEY (`id`)
) ENGINE=InnoDB AUTO_INCREMENT=6 DEFAULT CHARSET=latin1;
/*!40101 SET character_set_client = @saved_cs_client */;

--
-- Dumping data for table `tbl_pages`
--

LOCK TABLES `tbl_pages` WRITE;
/*!40000 ALTER TABLE `tbl_pages` DISABLE KEYS */;
INSERT INTO `tbl_pages` VALUES (1,'About Us','Main','about','<h2 style=\"margin-bottom: 0cm; line-height: 100%;\"><font face=\"georgia\" size=\"3\"><font style=\"\">Food\r\nOrdering Marketplace is one of the best and convenient food ordering\r\nwebsite. We connect people to their </font><font style=\"\">favorite</font><font style=\"\">\r\nrestaurants in the city. </font><font style=\"\">Our\r\nvast&nbsp;<br></font></font><font face=\"georgia\" size=\"3\"><font style=\"\">community of food lovers share their reviews, so you have all\r\nthat you need to make an informed choice.</font></font></h2><h2 style=\"margin-bottom: 0cm; line-height: 100%;\"><font face=\"georgia\" size=\"3\"><br></font><font face=\"georgia\" size=\"3\"><font style=\"\">We\r\nbelieve in the delight of food and that food ordering should be fast\r\nand definitely a good experience. Ordering on </font><font style=\"\">Food\r\nOrdering Marketplace </font><font style=\"\">is\r\nan&nbsp;<br></font></font><font style=\"\" face=\"georgia\" size=\"3\">easy four step process :<br></font><font face=\"georgia\" size=\"3\"><font style=\"\">1.\r\n</font><font style=\"\">Choose\r\nyour area\r\n and desirable\r\n Restaurant<br></font></font><font style=\"\" face=\"georgia\" size=\"3\">2.\r\nGo through the menu and add the dishes to the cart<br></font><font style=\"\" face=\"georgia\" size=\"3\">3.\r\nEasily pay for the food<br></font><font face=\"georgia\" size=\"3\"><font style=\"\">4.\r\nGet food delivered to your doorstep </font></font></h2>\r\n<p style=\"margin-bottom: 0cm; line-height: 100%\"><br>\r\n</p>',1,'2017-09-01 15:29:07','0000-00-00 00:00:00'),(3,'Terms and Conditions','Main','terms_and_conditions','	\r\n	\r\n	\r\n\r\n\r\n<h4 style=\"margin-bottom: 0cm; line-height: 100%;\"><p class=\"MsoNormal\" style=\"margin-bottom: 16pt; line-height: normal; background-image: initial; background-position: initial; background-size: initial; background-repeat: initial; background-attachment: initial; background-origin: initial; background-clip: initial;\"><b><span style=\"font-size:24.0pt;font-family:\" arial\",sans-serif;=\"\" mso-fareast-font-family:\"times=\"\" new=\"\" roman\";color:#3f3e3b;mso-font-kerning:18.0pt;=\"\" mso-fareast-language:en-au\"=\"\">Terms of Use</span></b><b><span style=\"font-size:\r\n24.0pt;font-family:\" arial\",sans-serif;mso-fareast-font-family:\"times=\"\" new=\"\" roman\";=\"\" color:#333333;mso-font-kerning:18.0pt;mso-fareast-language:en-au\"=\"\"><o:p></o:p></span></b></p>\r\n\r\n<p class=\"MsoNormal\" style=\"margin-bottom: 11pt; line-height: normal; background-image: initial; background-position: initial; background-size: initial; background-repeat: initial; background-attachment: initial; background-origin: initial; background-clip: initial;\"><span style=\"font-size:12.0pt;font-family:\" helvetica\",sans-serif;=\"\" mso-fareast-font-family:\"times=\"\" new=\"\" roman\";color:#797876;mso-fareast-language:=\"\" en-au\"=\"\">ONLINE-ORDER.MENU WEBSITE TERMS AND CONDITIONS</span><span style=\"font-size:12.0pt;font-family:\" helvetica\",sans-serif;mso-fareast-font-family:=\"\" \"times=\"\" new=\"\" roman\";color:#333333;mso-fareast-language:en-au\"=\"\"><o:p></o:p></span></p>\r\n\r\n<p class=\"MsoNormal\" style=\"margin-bottom: 11pt; line-height: normal; background-image: initial; background-position: initial; background-size: initial; background-repeat: initial; background-attachment: initial; background-origin: initial; background-clip: initial;\"><span style=\"font-size:12.0pt;font-family:\" helvetica\",sans-serif;=\"\" mso-fareast-font-family:\"times=\"\" new=\"\" roman\";color:#797876;mso-fareast-language:=\"\" en-au\"=\"\">IMPORTANT LEGAL NOTICE</span><span style=\"font-size:12.0pt;font-family:\r\n\" helvetica\",sans-serif;mso-fareast-font-family:\"times=\"\" new=\"\" roman\";color:#333333;=\"\" mso-fareast-language:en-au\"=\"\"><o:p></o:p></span></p>\r\n\r\n<p class=\"MsoNormal\" style=\"margin-bottom: 11pt; line-height: normal; background-image: initial; background-position: initial; background-size: initial; background-repeat: initial; background-attachment: initial; background-origin: initial; background-clip: initial;\"><span style=\"font-size:12.0pt;font-family:\" helvetica\",sans-serif;=\"\" mso-fareast-font-family:\"times=\"\" new=\"\" roman\";color:#797876;mso-fareast-language:=\"\" en-au\"=\"\">This page sets out the terms and conditions (\"Website Terms\")\r\non which we, online-order.menu (\"we\", \"us\" or \"Online-Order.menu\"),\r\nprovide our services through our website www.Online-Order.menu and any Online-Order.menu\r\nmobile application through which you access our website or services (together,\r\n\"Website\"). Please read these Website Terms carefully before ordering\r\nany products through the Website, as your use of the Website and purchase of\r\nany products offered on the Website is subject to these Website Terms. By ordering\r\nproducts via the Website (whether now or in the future) or continuing to use\r\nthe Website, you agree to be bound by these Website Terms.</span><span style=\"font-size:12.0pt;font-family:\" helvetica\",sans-serif;mso-fareast-font-family:=\"\" \"times=\"\" new=\"\" roman\";color:#333333;mso-fareast-language:en-au\"=\"\"><o:p></o:p></span></p>\r\n\r\n<p class=\"MsoNormal\"><span style=\"font-family: Helvetica, sans-serif; color: rgb(121, 120, 118); background-image: initial; background-position: initial; background-size: initial; background-repeat: initial; background-attachment: initial; background-origin: initial; background-clip: initial;\">We reserve the right to change these Website Terms from time\r\nto time by changing them on this page. We advise you to print a copy of these\r\nWebsite Terms for future reference. These Website Terms are only in the English\r\nlanguage.<o:p></o:p></span></p>\r\n\r\n<p class=\"MsoNormal\"><span style=\"font-family: Helvetica, sans-serif; color: rgb(121, 120, 118); background-image: initial; background-position: initial; background-size: initial; background-repeat: initial; background-attachment: initial; background-origin: initial; background-clip: initial;\">Use of your personal information submitted via the Website is\r\ngoverned by our&nbsp;</span><span style=\"font-family: Helvetica, sans-serif; background-image: initial; background-position: initial; background-size: initial; background-repeat: initial; background-attachment: initial; background-origin: initial; background-clip: initial;\">Privacy Policy<o:p></o:p></span></p>\r\n\r\n<p class=\"MsoNormal\"><span style=\"font-family: Helvetica, sans-serif; color: rgb(121, 120, 118); background-image: initial; background-position: initial; background-size: initial; background-repeat: initial; background-attachment: initial; background-origin: initial; background-clip: initial;\">For the avoidance of doubt, please note that references to\r\n\"Website\" in these Website Terms include any current or future\r\nversion of our website www.Online-Order.menu and any Online-Order.menu mobile\r\napplication through which you access our website or services, in each case\r\nwhether accessed through any current or future platform or device (including\r\nwithout limitation any mobile website, mobile application, affiliate website or\r\nrelated website for accessing our website or services that may be developed\r\nfrom time to time).<o:p></o:p></span></p>\r\n\r\n<p style=\"margin: 0cm 0cm 11pt; background-image: initial; background-position: initial; background-size: initial; background-repeat: initial; background-attachment: initial; background-origin: initial; background-clip: initial;\"><span style=\"font-family:\" helvetica\",sans-serif;=\"\" color:#797876\"=\"\">By accessing any part of the Website, you indicate that you\r\naccept these Website Terms. If you do not accept these Website Terms, you\r\nshould leave the Website immediately, and you will not be able to order any\r\nproducts through the Website.</span><span style=\"font-family:\" helvetica\",sans-serif;=\"\" color:#333333\"=\"\"><o:p></o:p></span></p><p style=\"margin: 0cm 0cm 11pt; background-image: initial; background-position: initial; background-size: initial; background-repeat: initial; background-attachment: initial; background-origin: initial; background-clip: initial;\"><span style=\"font-family:\" helvetica\",sans-serif;=\"\" color:#797876\"=\"\"><br></span></p>\r\n\r\n<p style=\"margin: 0cm 0cm 11pt; background-image: initial; background-position: initial; background-size: initial; background-repeat: initial; background-attachment: initial; background-origin: initial; background-clip: initial;\"><a name=\"I._TERMS_AND_CONDITIONS_OF_USE_AND_SALE\"><span style=\"font-family:\" helvetica\",sans-serif;color:#797876\"=\"\">I. TERMS AND\r\nCONDITIONS OF USE AND SALE</span></a><span style=\"font-family:\" helvetica\",sans-serif;color:#333333\"=\"\"><o:p></o:p></span></p>\r\n\r\n<p style=\"margin: 0cm 0cm 11pt; background-image: initial; background-position: initial; background-size: initial; background-repeat: initial; background-attachment: initial; background-origin: initial; background-clip: initial;\"><span style=\"font-family:\" helvetica\",sans-serif;=\"\" color:#797876\"=\"\">1. INTRODUCTION AND OUR ROLE</span><span style=\"font-family:\r\n\" helvetica\",sans-serif;color:#333333\"=\"\"><o:p></o:p></span></p>\r\n\r\n<p style=\"margin: 0cm 0cm 11pt; background-image: initial; background-position: initial; background-size: initial; background-repeat: initial; background-attachment: initial; background-origin: initial; background-clip: initial;\"><span style=\"font-family:\" helvetica\",sans-serif;=\"\" color:#797876\"=\"\">1.1. Company details: Cloud8s Pty Ltd (ACN 120 943 615) is a\r\ncompany registered in New South Wales, Australia at Suite 2 Ground Floor, 19\r\nHutchinson Street, St Peters NSW, 2044 Australia.</span><span style=\"font-family:\r\n\" helvetica\",sans-serif;color:#333333\"=\"\"><o:p></o:p></span></p>\r\n\r\n<p style=\"margin: 0cm 0cm 11pt; background-image: initial; background-position: initial; background-size: initial; background-repeat: initial; background-attachment: initial; background-origin: initial; background-clip: initial;\"><span style=\"font-family:\" helvetica\",sans-serif;=\"\" color:#797876\"=\"\">1.2. Service: We provide a way for you to communicate your\r\norders (\"Orders\") for products (\"Products\") to delivery or\r\ntakeaway restaurants (\"Restaurants\") displayed on the Website (the\r\n\"Service\").<o:p></o:p></span></p>\r\n\r\n<p style=\"margin: 0cm 0cm 11pt; background-image: initial; background-position: initial; background-size: initial; background-repeat: initial; background-attachment: initial; background-origin: initial; background-clip: initial;\"><span style=\"font-family:\" helvetica\",sans-serif;=\"\" color:#797876\"=\"\">&nbsp;</span></p><p style=\"margin: 0cm 0cm 11pt; background-image: initial; background-position: initial; background-size: initial; background-repeat: initial; background-attachment: initial; background-origin: initial; background-clip: initial;\"><span style=\"color: rgb(121, 120, 118); font-family: Helvetica, sans-serif;\">2. WEBSITE ACCESS AND TERMS</span></p>\r\n\r\n<p style=\"margin: 0cm 0cm 11pt; background-image: initial; background-position: initial; background-size: initial; background-repeat: initial; background-attachment: initial; background-origin: initial; background-clip: initial;\"><span style=\"font-family:\" helvetica\",sans-serif;=\"\" color:#797876\"=\"\">2.1. Website access: You may access some areas of the Website without\r\nmaking an Order or registering your details with us. Most areas of the Website\r\nare open to everyone.&nbsp;</span><span style=\"font-family:\" helvetica\",sans-serif;=\"\" color:#333333\"=\"\"><o:p></o:p></span></p>\r\n\r\n<p style=\"margin: 0cm 0cm 11pt; background-image: initial; background-position: initial; background-size: initial; background-repeat: initial; background-attachment: initial; background-origin: initial; background-clip: initial;\"><span style=\"font-family:\" helvetica\",sans-serif;=\"\" color:#797876\"=\"\">When you use the Website or register an account, you will\r\nprovide us with personal information such as your name, email address,\r\ntelephone number, credit or debit card information and address. You must ensure\r\nthat this information is accurate and current. We will handle all personal\r\ninformation we collect in accordance with our&nbsp;</span><a href=\"https://www.online-order.menu/privacy_policy\"><span style=\"font-family:\r\n\" helvetica\",sans-serif;color:#797876\"=\"\">Privacy Policy</span></a><span style=\"font-family:\" helvetica\",sans-serif;color:#333333\"=\"\"><o:p></o:p></span></p>\r\n\r\n<p style=\"margin: 0cm 0cm 11pt; background-image: initial; background-position: initial; background-size: initial; background-repeat: initial; background-attachment: initial; background-origin: initial; background-clip: initial;\"><span style=\"font-family:\" helvetica\",sans-serif;=\"\" color:#797876\"=\"\">If you choose to register an account or when you place your\r\nfirst order, we will provide you with a user name and you will select a\r\npassword. You are responsible for keeping this user name and password secure\r\nand are responsible for all use and activity carried out under this user name.</span><span style=\"font-family:\" helvetica\",sans-serif;color:#333333\"=\"\"><o:p></o:p></span></p>\r\n\r\n<p style=\"margin: 0cm 0cm 11pt; background-image: initial; background-position: initial; background-size: initial; background-repeat: initial; background-attachment: initial; background-origin: initial; background-clip: initial;\"><span style=\"font-family:\" helvetica\",sans-serif;=\"\" color:#797876\"=\"\">2.2. Acceptance of terms: By accessing any part of the Website,\r\nyou indicate that you accept these Website Terms. If you do not accept these\r\nWebsite Terms, you should leave the Website immediately, and you will not be\r\nable to order any Products through the Website.</span><span style=\"font-family:\r\n\" helvetica\",sans-serif;color:#333333\"=\"\"><o:p></o:p></span></p>\r\n\r\n<p style=\"margin: 0cm 0cm 11pt; background-image: initial; background-position: initial; background-size: initial; background-repeat: initial; background-attachment: initial; background-origin: initial; background-clip: initial;\"><span style=\"font-family:\" helvetica\",sans-serif;=\"\" color:#797876\"=\"\">2.3. Revision of terms: We may revise these Website Terms at any\r\ntime. You should check the Website regularly to review the current Website\r\nTerms because they are binding on you. You will be subject to the terms and\r\nconditions in force at the time that you place an Order through us.</span><span style=\"font-family:\" helvetica\",sans-serif;color:#333333\"=\"\"><o:p></o:p></span></p>\r\n\r\n<p style=\"margin: 0cm 0cm 11pt; background-image: initial; background-position: initial; background-size: initial; background-repeat: initial; background-attachment: initial; background-origin: initial; background-clip: initial;\"><span style=\"font-family:\" helvetica\",sans-serif;=\"\" color:#797876\"=\"\">2.4. Responsibility: You are responsible for making all\r\narrangements necessary for you to have access to the Website. You are also\r\nresponsible for ensuring that all persons who access the Website through your\r\nInternet connection are aware of these Website Terms and that they comply with\r\nthem.</span></p><p style=\"margin: 0cm 0cm 11pt; background-image: initial; background-position: initial; background-size: initial; background-repeat: initial; background-attachment: initial; background-origin: initial; background-clip: initial;\"><span style=\"font-family:\" helvetica\",sans-serif;=\"\" color:#797876\"=\"\"><br></span></p><p style=\"margin: 0cm 0cm 11pt; background-image: initial; background-position: initial; background-size: initial; background-repeat: initial; background-attachment: initial; background-origin: initial; background-clip: initial;\"><span style=\"color: rgb(121, 120, 118); font-family: Helvetica, sans-serif;\">3. YOUR STATUS</span></p>\r\n\r\n<p style=\"margin: 0cm 0cm 11pt; background-image: initial; background-position: initial; background-size: initial; background-repeat: initial; background-attachment: initial; background-origin: initial; background-clip: initial;\"><span style=\"font-family:\" helvetica\",sans-serif;=\"\" color:#797876\"=\"\">3.1. Capacity and age: By placing an Order through the Website,\r\nyou warrant that:</span><span style=\"font-family:\" helvetica\",sans-serif;=\"\" color:#333333\"=\"\"><o:p></o:p></span></p>\r\n\r\n<p style=\"margin: 0cm 0cm 11pt; background-image: initial; background-position: initial; background-size: initial; background-repeat: initial; background-attachment: initial; background-origin: initial; background-clip: initial;\"><span style=\"font-family:\" helvetica\",sans-serif;=\"\" color:#797876\"=\"\">3.1.1. You are legally capable of entering into binding\r\ncontracts; and&nbsp;</span><span style=\"font-family:\" helvetica\",sans-serif;=\"\" color:#333333\"=\"\"><o:p></o:p></span></p>\r\n\r\n<p style=\"margin: 0cm 0cm 11pt; background-image: initial; background-position: initial; background-size: initial; background-repeat: initial; background-attachment: initial; background-origin: initial; background-clip: initial;\"><span style=\"font-family:\" helvetica\",sans-serif;=\"\" color:#797876\"=\"\">3.1.2. You are at least 18 years old.</span><span style=\"font-family:\" helvetica\",sans-serif;color:#333333\"=\"\"><o:p></o:p></span></p>\r\n\r\n<p style=\"margin: 0cm 0cm 11pt; background-image: initial; background-position: initial; background-size: initial; background-repeat: initial; background-attachment: initial; background-origin: initial; background-clip: initial;\"><span style=\"font-family:\" helvetica\",sans-serif;=\"\" color:#797876\"=\"\">3.2. Alcohol and cigarettes: Furthermore, you acknowledge and\r\nagree that:&nbsp;</span><span style=\"font-family:\" helvetica\",sans-serif;=\"\" color:#333333\"=\"\"><o:p></o:p></span></p>\r\n\r\n<p style=\"margin: 0cm 0cm 11pt; background-image: initial; background-position: initial; background-size: initial; background-repeat: initial; background-attachment: initial; background-origin: initial; background-clip: initial;\"><span style=\"font-family:\" helvetica\",sans-serif;=\"\" color:#797876\"=\"\">3.2.1. it is an offense for any person under the age of 18 to\r\nbuy, or attempt to buy, intoxicating liquor, or for any person over the age of\r\n18 to buy intoxicating liquor on behalf of any person under the age of 18;</span><span style=\"font-family:\" helvetica\",sans-serif;color:#333333\"=\"\"><o:p></o:p></span></p>\r\n\r\n<p style=\"margin: 0cm 0cm 11pt; background-image: initial; background-position: initial; background-size: initial; background-repeat: initial; background-attachment: initial; background-origin: initial; background-clip: initial;\"><span style=\"font-family:\" helvetica\",sans-serif;=\"\" color:#797876\"=\"\">3.2.2. Cigarettes are not for sale to persons under the age of\r\n18; and</span><span style=\"font-family:\" helvetica\",sans-serif;color:#333333\"=\"\"><o:p></o:p></span></p>\r\n\r\n<p style=\"margin: 0cm 0cm 11pt; background-image: initial; background-position: initial; background-size: initial; background-repeat: initial; background-attachment: initial; background-origin: initial; background-clip: initial;\"><span style=\"font-family:\" helvetica\",sans-serif;=\"\" color:#797876\"=\"\">3.2.3. Orders containing either alcohol or cigarettes can\r\ntherefore not be accepted from or on behalf of persons under the age of 18. In\r\nthe event that you place an order for alcohol or tobacco products, you will be\r\nrequired by the restaurant to show ID on delivery. For the avoidance of doubt,\r\nif your Order includes alcohol or tobacco, the Restaurant is providing you with\r\nthese and Online-Order.menu is not selling alcohol or tobacco to you. Online-Order.menu\r\nsupports the Responsible Service of Alcohol.</span><span style=\"font-family:\r\n\" helvetica\",sans-serif;color:#333333\"=\"\"><o:p></o:p></span></p><p style=\"margin: 0cm 0cm 11pt; background-image: initial; background-position: initial; background-size: initial; background-repeat: initial; background-attachment: initial; background-origin: initial; background-clip: initial;\"><span style=\"font-family:\" helvetica\",sans-serif;=\"\" color:#797876\"=\"\">4. HOW TO MAKE AN ORDER AND HOW IT IS PROCESSED</span><span style=\"font-family:\" helvetica\",sans-serif;color:#333333\"=\"\"><o:p></o:p></span></p><p style=\"margin: 0cm 0cm 11pt; background-image: initial; background-position: initial; background-size: initial; background-repeat: initial; background-attachment: initial; background-origin: initial; background-clip: initial;\"><span style=\"font-family:\" helvetica\",sans-serif;=\"\" color:#797876\"=\"\">4.1. Compiling your Order: Once you select the Products you wish\r\nto order from the menu of your chosen Restaurant and provide other required\r\ninformation, you will be given the opportunity to submit your Order by clicking\r\nor selecting the \"proceed\", \"place my order\",\r\n\"checkout\" or similar button. It is important that you check all the\r\ninformation that you enter and correct any errors before clicking or selecting\r\nthis button; once you do so we will process your Order and errors cannot be\r\ncorrected.</span><span style=\"font-family:\" helvetica\",sans-serif;color:#333333\"=\"\"><o:p></o:p></span></p><p style=\"margin: 0cm 0cm 11pt; background-image: initial; background-position: initial; background-size: initial; background-repeat: initial; background-attachment: initial; background-origin: initial; background-clip: initial;\"><span style=\"font-family:\" helvetica\",sans-serif;=\"\" color:#797876\"=\"\">4.2. Minimum Order Amount: If a Restaurant has a minimum order\r\namount in place, you may not place an order with that Restaurant until the\r\nvalue of your Order exceeds that amount. The minimum order amount must be met\r\nafter applying any discounts or specials that reduce the total Order amount.&nbsp;</span><span style=\"font-family:\" helvetica\",sans-serif;color:#333333\"=\"\"><o:p></o:p></span></p><p style=\"margin: 0cm 0cm 11pt; background-image: initial; background-position: initial; background-size: initial; background-repeat: initial; background-attachment: initial; background-origin: initial; background-clip: initial;\"><span style=\"font-family:\" helvetica\",sans-serif;=\"\" color:#797876\"=\"\">4.3. Amending or canceling your Order: Once you submit your\r\nOrder and your payment have been authorized, you will not be entitled to change\r\nor cancel your Order online (please refer to paragraph 4.4 for details of the\r\nprocess relating to rejected Orders). If you wish to change or cancel your\r\nOrder, you may contact the Restaurant directly. </span><span style=\"font-family:\r\n\" helvetica\",sans-serif;color:#333333\"=\"\"><o:p></o:p></span></p><p style=\"margin: 0cm 0cm 11pt; background-image: initial; background-position: initial; background-size: initial; background-repeat: initial; background-attachment: initial; background-origin: initial; background-clip: initial;\"><span style=\"font-family:\" helvetica\",sans-serif;=\"\" color:#797876\"=\"\">4.4. Payment authorization: Where any payment you make is not\r\nauthorized, your Order will not be processed by or communicated to the relevant\r\nRestaurant.</span><span style=\"font-family:\" helvetica\",sans-serif;color:#333333\"=\"\"><o:p></o:p></span></p><p style=\"margin: 0cm 0cm 11pt; background-image: initial; background-position: initial; background-size: initial; background-repeat: initial; background-attachment: initial; background-origin: initial; background-clip: initial;\"><span style=\"font-family:\" helvetica\",sans-serif;=\"\" color:#797876\"=\"\">4.5. Processing your Order and Restaurant rejections: On receipt\r\nof your order, we will begin processing it by sending it to the relevant\r\nRestaurant and will notify you by email that your order has been received and\r\nis being processed. Any confirmation page that you may see on the Website and\r\nany Order confirmation e-mail that you may receive each merely indicate that\r\nyour Order has been received and is being processed by us and does not\r\nnecessarily mean that your order has been accepted by the Restaurant.\r\nRestaurants have the discretion to reject Orders at any time because they are\r\ntoo busy, due to weather conditions or for any other reason. We encourage all\r\nour Restaurants to accept all Orders and to communicate any rejection promptly,\r\nand we will notify you (generally by email) as soon as reasonably practicable\r\nif a Restaurant rejects your Order.&nbsp; When a Restaurant confirms receipt of\r\nthe order and expected collection or delivery time, we will send you an SMS\r\nconfirmation (provided that you have given us your mobile telephone number).</span><span style=\"font-family:\" helvetica\",sans-serif;color:#333333\"=\"\"><o:p></o:p></span></p><p style=\"margin: 0cm 0cm 11pt; background-image: initial; background-position: initial; background-size: initial; background-repeat: initial; background-attachment: initial; background-origin: initial; background-clip: initial;\"><span helvetica\",sans-serif;=\"\" color:#797876\"=\"\">\r\n\r\n\r\n\r\n\r\n\r\n\r\n\r\n\r\n\r\n\r\n\r\n</span></p><p style=\"margin: 0cm 0cm 11pt; background-image: initial; background-position: initial; background-size: initial; background-repeat: initial; background-attachment: initial; background-origin: initial; background-clip: initial;\"><span style=\"font-family:\" helvetica\",sans-serif;=\"\" color:#797876\"=\"\">4.6. Delivery of your Order: Estimated times for deliveries and\r\ncollections are provided by the Restaurants and are only estimates. Neither we\r\nnor the Restaurants guarantee that Orders will be delivered or will be\r\navailable for collection within the estimated times. All food preparation and\r\ndeliveries are the sole responsibility of the Restaurant accepting the Order.\r\nTo the extent permitted by law, including the Australian Consumer Law, Online-Order.menu\r\naccepts no liability associated with food preparation or delivery by the\r\nRestaurant accepting the order.</span><span style=\"font-family:\" helvetica\",sans-serif;=\"\" color:#333333\"=\"\"><o:p></o:p></span></p></h4><h4 style=\"margin-bottom: 0cm; line-height: 100%;\"><p style=\"margin: 0cm 0cm 11pt; background-image: initial; background-position: initial; background-size: initial; background-repeat: initial; background-attachment: initial; background-origin: initial; background-clip: initial;\"><span style=\"font-family:\" helvetica\",sans-serif;=\"\" color:#797876\"=\"\">5. PRICE AND PAYMENT</span><span style=\"font-family:\" helvetica\",sans-serif;=\"\" color:#333333\"=\"\"><o:p></o:p></span></p>\r\n\r\n<p style=\"margin: 0cm 0cm 11pt; background-image: initial; background-position: initial; background-size: initial; background-repeat: initial; background-attachment: initial; background-origin: initial; background-clip: initial;\"><span style=\"font-family:\" helvetica\",sans-serif;=\"\" color:#797876\"=\"\">5.1. Taxes and delivery costs: Prices for individual menu items\r\nwill be as quoted on the Website in Australian dollars. These prices include\r\nany applicable taxes but may exclude delivery costs (if you opt for delivery\r\ninstead of collection) and any online payment administration charge imposed by\r\nthe Restaurant (if you pay for your Order online). These will be added to the\r\ntotal amount due where applicable.</span><span style=\"font-family:\" helvetica\",sans-serif;=\"\" color:#333333\"=\"\"><o:p></o:p></span></p>\r\n\r\n<p style=\"margin: 0cm 0cm 11pt; background-image: initial; background-position: initial; background-size: initial; background-repeat: initial; background-attachment: initial; background-origin: initial; background-clip: initial;\"><span style=\"font-family:\" helvetica\",sans-serif;=\"\" color:#797876\"=\"\">5.2. Incorrect pricing: This Website contains a large number of\r\nmenus and it is possible that some of the menus may include incorrect prices.\r\nThe products will be sold for the displayed price even if the correct price for\r\nan Order is higher than the price stated on the Website.</span><span style=\"font-family:\" helvetica\",sans-serif;color:#333333\"=\"\"><o:p></o:p></span></p>\r\n\r\n<p style=\"margin: 0cm 0cm 11pt; background-image: initial; background-position: initial; background-size: initial; background-repeat: initial; background-attachment: initial; background-origin: initial; background-clip: initial;\"><span style=\"font-family:\" helvetica\",sans-serif;=\"\" color:#797876\"=\"\">5.3. Payment methods: Payment for Orders must be made by an\r\naccepted credit or debit card through the Website or in cash to the Restaurant\r\nat the point of delivery to you.&nbsp;</span><span style=\"font-family:\" helvetica\",sans-serif;=\"\" color:#333333\"=\"\"><o:p></o:p></span></p>\r\n\r\n<p style=\"margin: 0cm 0cm 11pt; background-image: initial; background-position: initial; background-size: initial; background-repeat: initial; background-attachment: initial; background-origin: initial; background-clip: initial;\"><span style=\"font-family:\" helvetica\",sans-serif;=\"\" color:#797876\"=\"\">5.4. Card payments: If you pay by credit or debit card, you may\r\nbe required to show the card to the Restaurant at the time of delivery as proof\r\nof identification and so that they can check that the card conforms with the\r\nreceipt data for the Order. Please note that from time to time there may be\r\ndelays with the processing of card payments and transactions; this may result\r\nin delays in sums being deducted from your bank account or charged to your\r\ncredit or debit card.</span><span style=\"font-family:\" helvetica\",sans-serif;=\"\" color:#333333\"=\"\"><o:p></o:p></span></p>\r\n\r\n<p style=\"margin: 0cm 0cm 11pt; background-image: initial; background-position: initial; background-size: initial; background-repeat: initial; background-attachment: initial; background-origin: initial; background-clip: initial;\"><span style=\"font-family:\" helvetica\",sans-serif;=\"\" color:#797876\"=\"\">5.5. Credit and discount vouchers: A credit or discount may\r\napply to your Order if you use a promotional voucher or code recognised by the\r\nWebsite and endorsed by Online-Order.menu, and you pay for any balance by\r\ncredit or debit card. Please refer to our Voucher Terms &amp; Conditions for\r\nthe full terms and conditions applicable to the use of credit and discount\r\nvouchers.</span><span style=\"font-family:\" helvetica\",sans-serif;color:#333333\"=\"\"><o:p></o:p></span></p>\r\n\r\n<p style=\"margin: 0cm 0cm 11pt; background-image: initial; background-position: initial; background-size: initial; background-repeat: initial; background-attachment: initial; background-origin: initial; background-clip: initial;\"><span style=\"font-family:\" helvetica\",sans-serif;=\"\" color:#797876\"=\"\">5.6. Rejected Orders: Once you have submitted an Order that you\r\nare paying for by credit or debit card and your payment has been authorised,\r\nyou will be charged the full amount of your Order. If your Order is\r\nsubsequently rejected by the Restaurant (as described in paragraph 4.4 above)\r\nor cancelled for any other reason, your bank or card issuer will refund the\r\nrelevant amount. However, this may take between 3 to 5 working days (or longer,\r\ndepending on your bank or card issuer). You acknowledge and agree that neither\r\nwe nor the relevant Restaurant will be responsible or liable to you in relation\r\nto this delay by your bank or card issuer in the release of funds back into\r\nyour account.</span><span style=\"font-family:\" helvetica\",sans-serif;color:#333333\"=\"\"><o:p></o:p></span></p><p style=\"margin: 0cm 0cm 11pt; background-image: initial; background-position: initial; background-size: initial; background-repeat: initial; background-attachment: initial; background-origin: initial; background-clip: initial;\"><span style=\"font-family:\" helvetica\",sans-serif;=\"\" color:#797876\"=\"\">6. CUSTOMER SERVICE</span><span style=\"font-family:\" helvetica\",sans-serif;=\"\" color:#333333\"=\"\"><o:p></o:p></span></p><p style=\"margin: 0cm 0cm 11pt; background-image: initial; background-position: initial; background-size: initial; background-repeat: initial; background-attachment: initial; background-origin: initial; background-clip: initial;\"><span style=\"font-family:\" helvetica\",sans-serif;=\"\" color:#797876\"=\"\">6.1. General: Customer service is extremely important to us.\r\nSubject to paragraphs 6.5 and 11, our Customer Service team will therefore try\r\nto assist you where possible if you have any problems with your Order. You can\r\ncontact our Customer Service team by emailing us shown under the \"About\r\nus\" link on the Website. Alternatively, you can access the list of\r\nfrequently asked questions&nbsp;</span><a href=\"https://www.online-order.menu/faq\"><span style=\"font-family:\" helvetica\",sans-serif;=\"\" color:#797876\"=\"\">FAQ</span></a><span style=\"font-family:\" helvetica\",sans-serif;=\"\" color:#333333\"=\"\"><o:p></o:p></span></p><p style=\"margin: 0cm 0cm 11pt; background-image: initial; background-position: initial; background-size: initial; background-repeat: initial; background-attachment: initial; background-origin: initial; background-clip: initial;\"><span helvetica\",sans-serif;=\"\" color:#797876\"=\"\">\r\n\r\n\r\n\r\n</span></p><p style=\"margin: 0cm 0cm 11pt; background-image: initial; background-position: initial; background-size: initial; background-repeat: initial; background-attachment: initial; background-origin: initial; background-clip: initial;\"><span style=\"font-family:\" helvetica\",sans-serif;=\"\" color:#797876\"=\"\">6.2. Questions about your Order: If your Order is taking longer\r\nthan expected or you have any other problems with your Order, in the first instance\r\nyou should contact the Restaurant directly. Alternatively, you can contact our\r\nCustomer Service Team as described above and one of our Customer Service\r\nAdvisers will attempt to contact the Restaurant in order to follow up on your\r\nquery.</span><span style=\"font-family:\" helvetica\",sans-serif;color:#333333\"=\"\"><o:p></o:p></span></p><p style=\"margin: 0cm 0cm 11pt; background-image: initial; background-position: initial; background-size: initial; background-repeat: initial; background-attachment: initial; background-origin: initial; background-clip: initial;\"><span style=\"font-family:\" helvetica\",sans-serif;=\"\" color:#797876\"=\"\">6.3. Changing or cancelling your Order: If you wish to change or\r\ncancel your Order after it has been submitted and payment has been authorised,\r\nyou may contact our Customer Service team as described above and they will\r\nattempt to contact the Restaurant in order to communicate your requests.\r\nHowever, there is no guarantee that we will be able to reach the Restaurant or\r\nthat the Restaurant will agree to your requests as they may have already\r\nstarted to process your Order.</span><span style=\"font-family:\" helvetica\",sans-serif;=\"\" color:#333333\"=\"\"><o:p></o:p></span></p><p style=\"margin: 0cm 0cm 11pt; background-image: initial; background-position: initial; background-size: initial; background-repeat: initial; background-attachment: initial; background-origin: initial; background-clip: initial;\"><span style=\"font-family:\" helvetica\",sans-serif;=\"\" color:#797876\"=\"\">6.4. Complaints or feedback: In the event that you would like to\r\nexpress your opinion on the quality of any Products or the service provided by\r\na Restaurant, please consider providing feedback in the form of ratings,\r\ncomments and reviews on the Website. The Reviews are an important part of our\r\nquality control process.&nbsp;</span><span style=\"font-family:\" helvetica\",sans-serif;=\"\" color:#333333\"=\"\"><o:p></o:p></span></p><p style=\"margin: 0cm 0cm 11pt; background-image: initial; background-position: initial; background-size: initial; background-repeat: initial; background-attachment: initial; background-origin: initial; background-clip: initial;\"><span helvetica\",sans-serif;=\"\" color:#797876\"=\"\">\r\n\r\n\r\n\r\n</span></p><p style=\"margin: 0cm 0cm 11pt; background-image: initial; background-position: initial; background-size: initial; background-repeat: initial; background-attachment: initial; background-origin: initial; background-clip: initial;\"><span style=\"font-family:\" helvetica\",sans-serif;=\"\" color:#797876\"=\"\">6.5. Compensation: If you are dissatisfied with the quality of\r\nany Products or the service provided by a Restaurant and wish to seek a refund,\r\na proportionate price reduction or any other compensation, you should contact\r\nthe Restaurant directly to lodge your complaint and, where appropriate, follow\r\nthe Restaurant\'s own complaint procedures. If you are unable to contact the\r\nRestaurant, or the Restaurant refuses to deal with your complaint, you can\r\ncontact our Customer Service Team as described above within 48 hours of placing\r\nyour Order and one of our Customer Service Advisers will attempt to contact the\r\nRestaurant in order to request compensation on your behalf. Please note that we\r\nhave no control over Restaurants and the quality of the individual Products or\r\nservice that they provide, and we not able to provide, and have no\r\nresponsibility or liability for providing, any compensation to you on behalf of\r\nany Restaurant.</span><span style=\"font-family:\" helvetica\",sans-serif;=\"\" color:#333333\"=\"\"><o:p></o:p></span></p><p style=\"margin: 0cm 0cm 11pt; background-image: initial; background-position: initial; background-size: initial; background-repeat: initial; background-attachment: initial; background-origin: initial; background-clip: initial;\"><span style=\"font-family:\" helvetica\",sans-serif;=\"\" color:#797876\"=\"\">7. LICENCE</span><span style=\"font-family:\" helvetica\",sans-serif;=\"\" color:#333333\"=\"\"><o:p></o:p></span></p><p style=\"margin: 0cm 0cm 11pt; background-image: initial; background-position: initial; background-size: initial; background-repeat: initial; background-attachment: initial; background-origin: initial; background-clip: initial;\"><span style=\"font-family:\" helvetica\",sans-serif;=\"\" color:#797876\"=\"\">7.1. Terms of permitted use: You are permitted to use the\r\nWebsite and print and download extracts from the Website for your own personal\r\nnon-commercial use on the following basis:</span><span style=\"font-family:\" helvetica\",sans-serif;=\"\" color:#333333\"=\"\"><o:p></o:p></span></p><p style=\"margin: 0cm 0cm 11pt; background-image: initial; background-position: initial; background-size: initial; background-repeat: initial; background-attachment: initial; background-origin: initial; background-clip: initial;\"><span style=\"font-family:\" helvetica\",sans-serif;=\"\" color:#797876\"=\"\">7.1.1. You must not misuse the Website (including by hacking or\r\n\"scraping\").</span><span style=\"font-family:\" helvetica\",sans-serif;=\"\" color:#333333\"=\"\"><o:p></o:p></span></p><p style=\"margin: 0cm 0cm 11pt; background-image: initial; background-position: initial; background-size: initial; background-repeat: initial; background-attachment: initial; background-origin: initial; background-clip: initial;\"><span style=\"font-family:\" helvetica\",sans-serif;=\"\" color:#797876\"=\"\">7.1.2. Unless otherwise stated, the copyright and other\r\nintellectual property rights in the Website and in material published on it\r\n(including without limitation photographs and graphical images) are owned by us\r\nor our licensors. These works are protected by copyright laws and treaties\r\naround the world and all rights are reserved. For the purposes of these Website\r\nTerms, any use of extracts from the Website other than in accordance with\r\nparagraph 7.1 is prohibited.</span><span style=\"font-family:\" helvetica\",sans-serif;=\"\" color:#333333\"=\"\"><o:p></o:p></span></p><p style=\"margin: 0cm 0cm 11pt; background-image: initial; background-position: initial; background-size: initial; background-repeat: initial; background-attachment: initial; background-origin: initial; background-clip: initial;\"><span style=\"font-family:\" helvetica\",sans-serif;=\"\" color:#797876\"=\"\">7.1.3. You must not modify the digital or paper copies of any\r\nmaterials that you print off in accordance with paragraph 7.1 and you must not\r\nuse any pictures, photographs or any other graphics, video or audio sequences\r\nseparately from any accompanying text.</span><span style=\"font-family:\" helvetica\",sans-serif;=\"\" color:#333333\"=\"\"><o:p></o:p></span></p><p style=\"margin: 0cm 0cm 11pt; background-image: initial; background-position: initial; background-size: initial; background-repeat: initial; background-attachment: initial; background-origin: initial; background-clip: initial;\"><span style=\"font-family:\" helvetica\",sans-serif;=\"\" color:#797876\"=\"\">7.1.4. You must ensure that our status as the author of the\r\nmaterial on the Website is always acknowledged.</span><span style=\"font-family:\r\n\" helvetica\",sans-serif;color:#333333\"=\"\"><o:p></o:p></span></p><p style=\"margin: 0cm 0cm 11pt; background-image: initial; background-position: initial; background-size: initial; background-repeat: initial; background-attachment: initial; background-origin: initial; background-clip: initial;\"><span style=\"font-family:\" helvetica\",sans-serif;=\"\" color:#797876\"=\"\">7.1.5. You are not allowed to use any of the materials on the\r\nWebsite or the Website itself for commercial purposes without obtaining a\r\nlicence from us to do so.</span><span style=\"font-family:\" helvetica\",sans-serif;=\"\" color:#333333\"=\"\"><o:p></o:p></span></p><p style=\"margin: 0cm 0cm 11pt; background-image: initial; background-position: initial; background-size: initial; background-repeat: initial; background-attachment: initial; background-origin: initial; background-clip: initial;\"><span style=\"font-family:\" helvetica\",sans-serif;=\"\" color:#797876\"=\"\">7.2. Limitation on use: Except as stated in paragraph 7.1, the\r\nWebsite may not be used, and no part of the Website may be reproduced or stored\r\nin any other website or included in any public or private electronic retrieval\r\nsystem or service, without our prior written permission.</span><span style=\"font-family:\" helvetica\",sans-serif;color:#333333\"=\"\"><o:p></o:p></span></p><p style=\"margin: 0cm 0cm 11pt; background-image: initial; background-position: initial; background-size: initial; background-repeat: initial; background-attachment: initial; background-origin: initial; background-clip: initial;\"><span helvetica\",sans-serif;=\"\" color:#797876\"=\"\">\r\n\r\n\r\n\r\n\r\n\r\n\r\n\r\n\r\n\r\n\r\n\r\n\r\n\r\n\r\n\r\n</span></p><p style=\"margin: 0cm 0cm 11pt; background-image: initial; background-position: initial; background-size: initial; background-repeat: initial; background-attachment: initial; background-origin: initial; background-clip: initial;\"><span style=\"font-family:\" helvetica\",sans-serif;=\"\" color:#797876\"=\"\">7.3. Reservation of rights: Any rights not expressly granted in\r\nthese Website Terms are reserved.</span><span style=\"font-family:\" helvetica\",sans-serif;=\"\" color:#333333\"=\"\"><o:p></o:p></span></p><p style=\"margin: 0cm 0cm 11pt; background-image: initial; background-position: initial; background-size: initial; background-repeat: initial; background-attachment: initial; background-origin: initial; background-clip: initial;\"><span style=\"font-family:\" helvetica\",sans-serif;=\"\" color:#797876\"=\"\">8. SERVICE ACCESS</span><span style=\"font-family:\" helvetica\",sans-serif;=\"\" color:#333333\"=\"\"><o:p></o:p></span></p><p style=\"margin: 0cm 0cm 11pt; background-image: initial; background-position: initial; background-size: initial; background-repeat: initial; background-attachment: initial; background-origin: initial; background-clip: initial;\"><span style=\"font-family:\" helvetica\",sans-serif;=\"\" color:#797876\"=\"\">8.1. Website availability: While we try to ensure the Website is\r\nnormally available twenty four (24) hours a day, we do not undertake any\r\nobligation to do so, and we will not be liable to you if the Website is\r\nunavailable at any time or for any period.</span><span style=\"font-family:\" helvetica\",sans-serif;=\"\" color:#333333\"=\"\"><o:p></o:p></span></p><p style=\"margin: 0cm 0cm 11pt; background-image: initial; background-position: initial; background-size: initial; background-repeat: initial; background-attachment: initial; background-origin: initial; background-clip: initial;\"><span style=\"font-family:\" helvetica\",sans-serif;=\"\" color:#797876\"=\"\">8.2. Suspension of access: Access to the Website may be\r\nsuspended temporarily at any time and without notice.</span><span style=\"font-family:\" helvetica\",sans-serif;color:#333333\"=\"\"><o:p></o:p></span></p><p style=\"margin: 0cm 0cm 11pt; background-image: initial; background-position: initial; background-size: initial; background-repeat: initial; background-attachment: initial; background-origin: initial; background-clip: initial;\"><span helvetica\",sans-serif;=\"\" color:#797876\"=\"\">\r\n\r\n\r\n\r\n\r\n\r\n</span></p><p style=\"margin: 0cm 0cm 11pt; background-image: initial; background-position: initial; background-size: initial; background-repeat: initial; background-attachment: initial; background-origin: initial; background-clip: initial;\"><span style=\"font-family:\" helvetica\",sans-serif;=\"\" color:#797876\"=\"\">8.3. Information security: The transmission of information via\r\nthe internet is not completely secure. Although we take the steps required by\r\nlaw to protect your information, we cannot guarantee the security of your data\r\ntransmitted to the Website; any transmission is at your own risk.</span><span style=\"font-family:\" helvetica\",sans-serif;color:#333333\"=\"\"><o:p></o:p></span></p><p style=\"margin: 0cm 0cm 11pt; background-image: initial; background-position: initial; background-size: initial; background-repeat: initial; background-attachment: initial; background-origin: initial; background-clip: initial;\"><span style=\"font-family:\" helvetica\",sans-serif;=\"\" color:#797876\"=\"\">9. VISITOR MATERIAL AND REVIEWS</span><span style=\"font-family:\r\n\" helvetica\",sans-serif;color:#333333\"=\"\"><o:p></o:p></span></p><p style=\"margin: 0cm 0cm 11pt; background-image: initial; background-position: initial; background-size: initial; background-repeat: initial; background-attachment: initial; background-origin: initial; background-clip: initial;\"><span style=\"font-family:\" helvetica\",sans-serif;=\"\" color:#797876\"=\"\">9.1. General:&nbsp;</span><span style=\"font-family:\" helvetica\",sans-serif;=\"\" color:#333333\"=\"\"><o:p></o:p></span></p><p style=\"margin: 0cm 0cm 11pt; background-image: initial; background-position: initial; background-size: initial; background-repeat: initial; background-attachment: initial; background-origin: initial; background-clip: initial;\"><span style=\"font-family:\" helvetica\",sans-serif;=\"\" color:#797876\"=\"\">9.1.1. Other than personally identifiable information, which is\r\ncovered under our Privacy Policy, any material you post, upload or transmit or\r\nupload to the Website (including without limitation Reviews) (\"Visitor\r\nMaterial\") will be considered non-confidential and non-proprietary. By\r\nposting, uploading or transmitting any Visitor Material, you represent and\r\nwarrant that you own or otherwise control all of the rights to such Visitor\r\nMaterial. You agree that we will have no obligations with respect to any Visitor\r\nMaterial, and that we and anyone we designate will be free to copy, disclose,\r\ndistribute, incorporate and otherwise use any Visitor Material and all data,\r\nimages, sounds, text and other things embodied in it for any and all commercial\r\nor non-commercial purposes.</span><span style=\"font-family:\" helvetica\",sans-serif;=\"\" color:#333333\"=\"\"><o:p></o:p></span></p><p style=\"margin: 0cm 0cm 11pt; background-image: initial; background-position: initial; background-size: initial; background-repeat: initial; background-attachment: initial; background-origin: initial; background-clip: initial;\"><span style=\"font-family:\" helvetica\",sans-serif;=\"\" color:#797876\"=\"\">9.1.2. You represent and warrant that any Visitor Material you\r\npost, upload or transmit does not and will not breach any of the restrictions\r\nin paragraphs 9.2 to 9.3 below.&nbsp;</span><span style=\"font-family:\" helvetica\",sans-serif;=\"\" color:#333333\"=\"\"><o:p></o:p></span></p><p style=\"margin: 0cm 0cm 11pt; background-image: initial; background-position: initial; background-size: initial; background-repeat: initial; background-attachment: initial; background-origin: initial; background-clip: initial;\"><span style=\"font-family:\" helvetica\",sans-serif;=\"\" color:#797876\"=\"\">9.2. Visitor Material Policy: You are prohibited from posting,\r\nuploading or transmitting to or from the Website any Visitor Material\r\n(including any Reviews) that:</span><span style=\"font-family:\" helvetica\",sans-serif;=\"\" color:#333333\"=\"\"><o:p></o:p></span></p><p style=\"margin: 0cm 0cm 11pt; background-image: initial; background-position: initial; background-size: initial; background-repeat: initial; background-attachment: initial; background-origin: initial; background-clip: initial;\"><span style=\"font-family:\" helvetica\",sans-serif;=\"\" color:#797876\"=\"\">9.2.1. breaches any applicable local, national or international\r\nlaw;</span><span style=\"font-family:\" helvetica\",sans-serif;color:#333333\"=\"\"><o:p></o:p></span></p><p style=\"margin: 0cm 0cm 11pt; background-image: initial; background-position: initial; background-size: initial; background-repeat: initial; background-attachment: initial; background-origin: initial; background-clip: initial;\"><span style=\"font-family:\" helvetica\",sans-serif;=\"\" color:#797876\"=\"\">9.2.2. is unlawful or fraudulent;</span><span style=\"font-family:\r\n\" helvetica\",sans-serif;color:#333333\"=\"\"><o:p></o:p></span></p><p style=\"margin: 0cm 0cm 11pt; background-image: initial; background-position: initial; background-size: initial; background-repeat: initial; background-attachment: initial; background-origin: initial; background-clip: initial;\"><span style=\"font-family:\" helvetica\",sans-serif;=\"\" color:#797876\"=\"\">9.2.3. amounts to unauthorised advertising; or</span><span style=\"font-family:\" helvetica\",sans-serif;color:#333333\"=\"\"><o:p></o:p></span></p><p style=\"margin: 0cm 0cm 11pt; background-image: initial; background-position: initial; background-size: initial; background-repeat: initial; background-attachment: initial; background-origin: initial; background-clip: initial;\"><span style=\"font-family:\" helvetica\",sans-serif;=\"\" color:#797876\"=\"\">9.2.4. contains viruses or any other harmful programs.</span><span style=\"font-family:\" helvetica\",sans-serif;color:#333333\"=\"\"><o:p></o:p></span></p><p style=\"margin: 0cm 0cm 11pt; background-image: initial; background-position: initial; background-size: initial; background-repeat: initial; background-attachment: initial; background-origin: initial; background-clip: initial;\"><span style=\"font-family:\" helvetica\",sans-serif;=\"\" color:#797876\"=\"\">9.3. Visitor Reviews Policy: In particular (but without\r\nlimitation), any Reviews that you submit through the Website must not:</span><span style=\"font-family:\" helvetica\",sans-serif;color:#333333\"=\"\"><o:p></o:p></span></p><p style=\"margin: 0cm 0cm 11pt; background-image: initial; background-position: initial; background-size: initial; background-repeat: initial; background-attachment: initial; background-origin: initial; background-clip: initial;\"><span style=\"font-family:\" helvetica\",sans-serif;=\"\" color:#797876\"=\"\">9.3.1. contain any defamatory, obscene or offensive material;</span><span style=\"font-family:\" helvetica\",sans-serif;color:#333333\"=\"\"><o:p></o:p></span></p><p style=\"margin: 0cm 0cm 11pt; background-image: initial; background-position: initial; background-size: initial; background-repeat: initial; background-attachment: initial; background-origin: initial; background-clip: initial;\"><span style=\"font-family:\" helvetica\",sans-serif;=\"\" color:#797876\"=\"\">9.3.2. promote violence or discrimination;</span><span style=\"font-family:\" helvetica\",sans-serif;color:#333333\"=\"\"><o:p></o:p></span></p><p style=\"margin: 0cm 0cm 11pt; background-image: initial; background-position: initial; background-size: initial; background-repeat: initial; background-attachment: initial; background-origin: initial; background-clip: initial;\"><span style=\"font-family:\" helvetica\",sans-serif;=\"\" color:#797876\"=\"\">9.3.3. infringe the intellectual property rights of another\r\nperson;</span><span style=\"font-family:\" helvetica\",sans-serif;color:#333333\"=\"\"><o:p></o:p></span></p><p style=\"margin: 0cm 0cm 11pt; background-image: initial; background-position: initial; background-size: initial; background-repeat: initial; background-attachment: initial; background-origin: initial; background-clip: initial;\"><span style=\"font-family:\" helvetica\",sans-serif;=\"\" color:#797876\"=\"\">9.3.4. breach any legal duty owed to a third party (such as a\r\nduty of confidence);</span><span style=\"font-family:\" helvetica\",sans-serif;=\"\" color:#333333\"=\"\"><o:p></o:p></span></p><p style=\"margin: 0cm 0cm 11pt; background-image: initial; background-position: initial; background-size: initial; background-repeat: initial; background-attachment: initial; background-origin: initial; background-clip: initial;\"><span style=\"font-family:\" helvetica\",sans-serif;=\"\" color:#797876\"=\"\">9.3.5. promote illegal activity or invade another\'s privacy;</span><span style=\"font-family:\" helvetica\",sans-serif;color:#333333\"=\"\"><o:p></o:p></span></p><p style=\"margin: 0cm 0cm 11pt; background-image: initial; background-position: initial; background-size: initial; background-repeat: initial; background-attachment: initial; background-origin: initial; background-clip: initial;\"><span style=\"font-family:\" helvetica\",sans-serif;=\"\" color:#797876\"=\"\">9.3.6. give the impression that they originate from us; or</span><span style=\"font-family:\" helvetica\",sans-serif;color:#333333\"=\"\"><o:p></o:p></span></p><p style=\"margin: 0cm 0cm 11pt; background-image: initial; background-position: initial; background-size: initial; background-repeat: initial; background-attachment: initial; background-origin: initial; background-clip: initial;\"><span style=\"font-family:\" helvetica\",sans-serif;=\"\" color:#797876\"=\"\">9.3.7. be used to impersonate another person or to misrepresent\r\nyour affiliation with another person.</span><span style=\"font-family:\" helvetica\",sans-serif;=\"\" color:#333333\"=\"\"><o:p></o:p></span></p><p style=\"margin: 0cm 0cm 11pt; background-image: initial; background-position: initial; background-size: initial; background-repeat: initial; background-attachment: initial; background-origin: initial; background-clip: initial;\"><span style=\"font-family:\" helvetica\",sans-serif;=\"\" color:#797876\"=\"\">9.4. Removal of Reviews: The prohibited acts listed in\r\nparagraphs 9.2 and 9.3 above are non-exhaustive. We reserve the right (but do\r\nnot undertake, except as required by law, any obligation) and have the sole\r\ndiscretion to remove or edit at any time any Reviews or other Visitor Material\r\nposted, uploaded or transmitted to the Website that we determine breaches a\r\nprohibition in paragraphs 9.2 or 9.3 above, is otherwise objectionable or may\r\nexpose us or any third parties to any harm or liability of any type, or for any\r\nother reason. Notwithstanding the foregoing, Online-Order.menu will not remove\r\nor edit reviews where Online-Order.menu believes that doing so would be in\r\nbreach of the Australian Consumer Law.</span><span style=\"font-family:\" helvetica\",sans-serif;=\"\" color:#333333\"=\"\"><o:p></o:p></span></p><p style=\"margin: 0cm 0cm 11pt; background-image: initial; background-position: initial; background-size: initial; background-repeat: initial; background-attachment: initial; background-origin: initial; background-clip: initial;\"><span style=\"font-family:\" helvetica\",sans-serif;=\"\" color:#797876\"=\"\">9.5. Use of Reviews: The Reviews and other Visitor Material\r\ncontained on the Website are for information purposes only and do not\r\nconstitute advice from us. Reviews and Visitor Material reflect the opinions of\r\ncustomers who have ordered through the Website or other third parties, and any\r\nstatements, advice or opinions provided by such persons are theirs only.\r\nAccordingly, to the fullest extent permitted by law, including the Australian\r\nConsumer Law we assume no responsibility or liability to any person for any\r\nReviews or other Visitor Material, including without limitation any mistakes,\r\ndefamation, obscenity, omissions or falsehoods that you may encounter in any\r\nsuch materials.</span><span style=\"font-family:\" helvetica\",sans-serif;=\"\" color:#333333\"=\"\"><o:p></o:p></span></p><p style=\"margin: 0cm 0cm 11pt; background-image: initial; background-position: initial; background-size: initial; background-repeat: initial; background-attachment: initial; background-origin: initial; background-clip: initial;\"><span style=\"font-family:\" helvetica\",sans-serif;=\"\" color:#797876\"=\"\">9.6. Liability: You agree to indemnify us against any losses,\r\ndamages and claims (and all related costs) incurred by or made against us by a\r\nRestaurant or any other third party arising out of or in connection with any\r\nReviews or other Visitor Material that you provide in breach of any of the\r\nrepresentations and warranties, agreements or restrictions set forth in this\r\nparagraph 9.&nbsp;</span><span style=\"font-family:\" helvetica\",sans-serif;=\"\" color:#333333\"=\"\"><o:p></o:p></span></p><p style=\"margin: 0cm 0cm 11pt; background-image: initial; background-position: initial; background-size: initial; background-repeat: initial; background-attachment: initial; background-origin: initial; background-clip: initial;\"><span helvetica\",sans-serif;=\"\" color:#797876\"=\"\">\r\n\r\n\r\n\r\n\r\n\r\n\r\n\r\n\r\n\r\n\r\n\r\n\r\n\r\n\r\n\r\n\r\n\r\n\r\n\r\n\r\n\r\n\r\n\r\n\r\n\r\n\r\n\r\n\r\n\r\n\r\n\r\n\r\n\r\n\r\n\r\n\r\n\r\n\r\n\r\n</span></p><p style=\"margin: 0cm 0cm 11pt; background-image: initial; background-position: initial; background-size: initial; background-repeat: initial; background-attachment: initial; background-origin: initial; background-clip: initial;\"><span style=\"font-family:\" helvetica\",sans-serif;=\"\" color:#797876\"=\"\">9.7. Disclosure to authorities and courts: You acknowledge that\r\nwe will fully co-operate with any competent authority requesting or directing\r\nus to disclose the identity or location of anyone posting any Reviews or other\r\nVisitor Material in breach of paragraph 9.2 or 9.3 or any other applicable\r\nrestriction and you release us to the fullest extent permitted by law from all\r\nliability in relation to such disclosure.</span><span style=\"font-family:\" helvetica\",sans-serif;=\"\" color:#333333\"=\"\"><o:p></o:p></span></p><p style=\"margin: 0cm 0cm 11pt; background-image: initial; background-position: initial; background-size: initial; background-repeat: initial; background-attachment: initial; background-origin: initial; background-clip: initial;\"><span style=\"font-family:\" helvetica\",sans-serif;=\"\" color:#797876\"=\"\">10. DISCLAIMERS</span><span style=\"font-family:\" helvetica\",sans-serif;=\"\" color:#333333\"=\"\"><o:p></o:p></span></p><p style=\"margin: 0cm 0cm 11pt; background-image: initial; background-position: initial; background-size: initial; background-repeat: initial; background-attachment: initial; background-origin: initial; background-clip: initial;\"><span style=\"font-family:\" helvetica\",sans-serif;=\"\" color:#797876\"=\"\">10.1. Website information: We may make changes to the material\r\non the Website, or to the Service, Products and prices described on it, at any\r\ntime without notice.</span><span style=\"font-family:\" helvetica\",sans-serif;=\"\" color:#333333\"=\"\"><o:p></o:p></span></p><p style=\"margin: 0cm 0cm 11pt; background-image: initial; background-position: initial; background-size: initial; background-repeat: initial; background-attachment: initial; background-origin: initial; background-clip: initial;\"><span style=\"font-family:\" helvetica\",sans-serif;=\"\" color:#797876\"=\"\">10.2 Specials listed on the Website are subject to change.\r\nRestaurants may alter their specials at any time, including removing or\r\nchanging the terms of any loyalty discount program. Loyalty credits earned\r\nthrough a loyalty discount program from a Restaurant are non-transferrable and\r\nare not redeemable for cash.</span><span style=\"font-family:\" helvetica\",sans-serif;=\"\" color:#333333\"=\"\"><o:p></o:p></span></p><p style=\"margin: 0cm 0cm 11pt; background-image: initial; background-position: initial; background-size: initial; background-repeat: initial; background-attachment: initial; background-origin: initial; background-clip: initial;\"><span style=\"font-family:\" helvetica\",sans-serif;=\"\" color:#797876\"=\"\">10.3. Allergy, dietary and other menu information: We try to\r\naccurately copy the item names, descriptions, prices, special offer\r\ninformation, heat and allergenic warnings and other information (\"Menu\r\nInformation\") from the menus that are provided to us by Restaurants. However,\r\nit is the Restaurants that are responsible for providing this Menu Information\r\nand ensuring that it is factually accurate and up-to-date, and we do not\r\nundertake any such responsibility. If you are in doubt about allergy warnings,\r\ncontents of a dish or any other Menu Information, you should confirm with the\r\nRestaurant directly before ordering. Some of the pictures shown are indicative\r\nof the style of cuisine only and may not be an actual photo of the dish from\r\nthe Restaurant.</span><span style=\"font-family:\" helvetica\",sans-serif;=\"\" color:#333333\"=\"\"><o:p></o:p></span></p><p style=\"margin: 0cm 0cm 11pt; background-image: initial; background-position: initial; background-size: initial; background-repeat: initial; background-attachment: initial; background-origin: initial; background-clip: initial;\"><span style=\"font-family:\" helvetica\",sans-serif;=\"\" color:#797876\"=\"\">10.4. Restaurant actions and omissions: The legal contract for\r\nthe supply and purchase of Products is between you and the Restaurant that you\r\nplace your Order with. We have no control over the actions or omissions of any\r\nRestaurants. Without limiting the generality of the foregoing, you acknowledge\r\nand accept the following by using the Website:</span><span style=\"font-family:\r\n\" helvetica\",sans-serif;color:#333333\"=\"\"><o:p></o:p></span></p><p style=\"margin: 0cm 0cm 11pt; background-image: initial; background-position: initial; background-size: initial; background-repeat: initial; background-attachment: initial; background-origin: initial; background-clip: initial;\"><span style=\"font-family:\" helvetica\",sans-serif;=\"\" color:#797876\"=\"\">10.4.1. We do not give any undertaking that the Products ordered\r\nfrom any Restaurant through the Website will be of satisfactory quality or\r\nsuitable for your purpose and we disclaim any such warranties.&nbsp;</span><span style=\"font-family:\" helvetica\",sans-serif;color:#333333\"=\"\"><o:p></o:p></span></p><p style=\"margin: 0cm 0cm 11pt; background-image: initial; background-position: initial; background-size: initial; background-repeat: initial; background-attachment: initial; background-origin: initial; background-clip: initial;\"><span style=\"font-family:\" helvetica\",sans-serif;=\"\" color:#797876\"=\"\">10.4.2. Estimated times for deliveries and collections are\r\nprovided by the Restaurants and are only estimates. Neither we nor the\r\nRestaurants guarantee that Orders will be delivered or will be available for\r\ncollection within the estimated times.&nbsp;</span><span style=\"font-family:\r\n\" helvetica\",sans-serif;color:#333333\"=\"\"><o:p></o:p></span></p><p style=\"margin: 0cm 0cm 11pt; background-image: initial; background-position: initial; background-size: initial; background-repeat: initial; background-attachment: initial; background-origin: initial; background-clip: initial;\"><span style=\"font-family:\" helvetica\",sans-serif;=\"\" color:#797876\"=\"\">10.4.3. Restaurants have the discretion to reject Orders at any\r\ntime because they are too busy, due to weather conditions or for any other\r\nreason. We encourage all our Restaurants to accept all Orders and to\r\ncommunicate any rejection promptly, and we will notify you (generally by email)\r\nas soon as reasonably practicable if a Restaurant rejects your Order.</span><span style=\"font-family:\" helvetica\",sans-serif;color:#333333\"=\"\"><o:p></o:p></span></p><p style=\"margin: 0cm 0cm 11pt; background-image: initial; background-position: initial; background-size: initial; background-repeat: initial; background-attachment: initial; background-origin: initial; background-clip: initial;\"><span style=\"font-family:\" helvetica\",sans-serif;=\"\" color:#797876\"=\"\">10.4.4. The foregoing disclaimers do not affect your statutory\r\nrights against any Restaurant.&nbsp;</span><span style=\"font-family:\" helvetica\",sans-serif;=\"\" color:#333333\"=\"\"><o:p></o:p></span></p><p style=\"margin: 0cm 0cm 11pt; background-image: initial; background-position: initial; background-size: initial; background-repeat: initial; background-attachment: initial; background-origin: initial; background-clip: initial;\"><span helvetica\",sans-serif;=\"\" color:#797876\"=\"\">\r\n\r\n\r\n\r\n\r\n\r\n\r\n\r\n\r\n\r\n\r\n\r\n\r\n\r\n\r\n\r\n\r\n\r\n</span></p><p style=\"margin: 0cm 0cm 11pt; background-image: initial; background-position: initial; background-size: initial; background-repeat: initial; background-attachment: initial; background-origin: initial; background-clip: initial;\"><span style=\"font-family:\" helvetica\",sans-serif;=\"\" color:#797876\"=\"\">10.5. Exclusion of terms: We provide you with access to the\r\nWebsite and Service on the basis that, to the maximum extent permitted by law,\r\nincluding the Australian Consumer Law, we exclude all representations,\r\nwarranties, conditions, undertakings and other terms in relation to the Website\r\nand Service (including any representations, warranties, conditions,\r\nundertakings and other terms which might otherwise apply to the Website or\r\nService, or be otherwise implied or incorporated into these Website Terms, by\r\nstatute, common law or otherwise).</span><span style=\"font-family:\" helvetica\",sans-serif;=\"\" color:#333333\"=\"\"><o:p></o:p></span></p><p style=\"margin: 0cm 0cm 11pt; background-image: initial; background-position: initial; background-size: initial; background-repeat: initial; background-attachment: initial; background-origin: initial; background-clip: initial;\"><span style=\"font-family:\" helvetica\",sans-serif;=\"\" color:#797876\"=\"\">11. LIABILITY</span><span style=\"font-family:\" helvetica\",sans-serif;=\"\" color:#333333\"=\"\"><o:p></o:p></span></p><p style=\"margin: 0cm 0cm 11pt; background-image: initial; background-position: initial; background-size: initial; background-repeat: initial; background-attachment: initial; background-origin: initial; background-clip: initial;\"><span style=\"font-family:\" helvetica\",sans-serif;=\"\" color:#797876\"=\"\">11.1. General: Nothing in these Website Terms excludes or limits\r\nour liability for death or personal injury arising from our negligence, our\r\nliability for fraudulent misrepresentation, or any other liability which cannot\r\nbe excluded or limited under applicable law, including the Australian Consumer\r\nLaw. Nothing in these Website Terms affects your statutory rights, including\r\nright relating to the consumer guarantees applicable to the supply of services\r\nunder these Term.</span><span style=\"font-family:\" helvetica\",sans-serif;=\"\" color:#333333\"=\"\"><o:p></o:p></span></p><p style=\"margin: 0cm 0cm 11pt; background-image: initial; background-position: initial; background-size: initial; background-repeat: initial; background-attachment: initial; background-origin: initial; background-clip: initial;\"><span style=\"font-family:\" helvetica\",sans-serif;=\"\" color:#797876\"=\"\">11.2. Exclusion of liability: Subject to clause 11.1, and your\r\nstatutory rights under the Australian Consumer Law more generally, we will\r\nunder no circumstances be liable to you, whether in contract, tort (including\r\nnegligence), breach of statutory duty, or otherwise, even if foreseeable,\r\narising under or in connection with the Service or the Website (including the\r\nuse, inability to use or the results of use of the Service or the Website) for:</span></p><p style=\"mar',1,'2019-10-16 17:10:10','0000-00-00 00:00:00'),(4,'Privacy Policy','Main','privacy_policy','	\r\n	\r\n	\r\n\r\n\r\n<h4 style=\"margin-bottom: 0cm; line-height: 100%\"><font size=\"3\" face=\"georgia\">We\r\nvalue the trust you place in us. That\'s why we insist upon the\r\nhighest standards for secure transactions and User information\r\nprivacy. Please read the following statement to learn about our\r\ninformation gathering and dissemination practices. The following\r\nPrivacy Policy should be read along with the Online-Order.Menu –\r\nTerms of Use for a full understanding of Online-Order.Menu\'s\r\npractices as well as the Users responsibilities when interacting with\r\nthe site.</font></h4><h4 style=\"margin-bottom: 0cm; line-height: 100%\"><font size=\"3\" face=\"georgia\"><br></font><font size=\"3\" face=\"georgia\">This\r\nPrivacy Policy is published in accordance with the provisions of the\r\nInformation Technology Act, 2000 and the rules made thereunder,\r\nspecifically, The Information Technology (Reasonable Security\r\nPractices and Procedures and Sensitive Personal data or information)\r\nRules, 2011 and the Information Technology (Intermediary Guidelines)\r\nRules, 2011.</font></h4><h4 style=\"margin-bottom: 0cm; line-height: 100%\"><font size=\"3\" face=\"georgia\"><br></font><font size=\"3\" face=\"georgia\">All\r\nterms used in this Privacy Policy will have the same meaning and\r\ndefinition assigned to them in the Information Technology Act, 2000\r\nand the rules made thereunder.</font></h4><h4 style=\"margin-bottom: 0cm; line-height: 100%\"><font size=\"3\" face=\"georgia\"><br></font><font size=\"3\" face=\"georgia\">Note:<br></font><font size=\"3\" face=\"georgia\">Our\r\nprivacy policy is subject to change at any time without notice. To\r\nmake sure you are aware of any changes, please review this policy\r\nperiodically.</font><font size=\"3\" face=\"georgia\"><br></font><font size=\"3\" face=\"georgia\">By\r\nvisiting this Website you agree to be bound by the terms and\r\nconditions of this Privacy Policy and the Terms of Use of the\r\nWebsite. If you do not agree please do not use or access the Website.</font></h4>\r\n\r\n\r\n\r\n\r\n\r\n\r\n\r\n\r\n',1,'2019-10-16 16:33:10','0000-00-00 00:00:00'),(5,'FAQ','Main','faq','	\r\n	\r\n	\r\n\r\n\r\n<h4 style=\"margin-bottom: 0cm; line-height: 100%\"><font size=\"3\" face=\"georgia\"><font><b>Question\r\n:</b></font><font>\r\nCan customer give a review/rating even if they have not ordered food\r\nfrom that restaurant?<br></font></font><font size=\"3\" face=\"georgia\"><font><b>Ans\r\n:</b></font><font>\r\nNo. The customer can only review/rate the restaurant once his order\r\nhas been delivered.</font></font></h4><h4 style=\"margin-bottom: 0cm; line-height: 100%\"><font size=\"3\" face=\"georgia\"><br></font><font size=\"3\" face=\"georgia\"><font><b>Question\r\n:</b></font><font>\r\nCan customer cancel a order once they have placed it?<br></font></font><font size=\"3\" face=\"georgia\"><font><b>Ans\r\n:</b></font><font>\r\nYes customer can cancel his order but only till the restaurant has\r\nnot confirmed it. Once the order is confirmed, customer cannot cancel\r\nit.</font></font></h4><h4 style=\"margin-bottom: 0cm; line-height: 100%\"><font size=\"3\" face=\"georgia\"><br></font><font size=\"3\" face=\"georgia\"><font><b>Question\r\n:</b></font><font>\r\nHow will the order be managed if the customer orders food from more\r\nthan one restaurants?<br></font></font><font size=\"3\" face=\"georgia\"><font><b>Ans\r\n:</b></font><font>\r\nWhen a customer will order food from multiple restaurants, the order\r\nwill be sub divided in between the restaurants. Although the customer\r\nwill only see one order.</font></font></h4><h4 style=\"margin-bottom: 0cm; line-height: 100%\"><font size=\"3\" face=\"georgia\"><br></font><font size=\"3\" face=\"georgia\"><font><b>Question\r\n: </b></font><font>\r\nCan restaurants decide not to take orders for a period of time\r\nsuppose like 2 hours?<br></font></font><font size=\"3\" face=\"georgia\"><font><b>Ans\r\n:</b></font><font>\r\nYes. If restaurants turn off their restaurant status, they would not\r\nbe displayed in the list of restaurants to order. Also restaurants\r\ncan cancel the received orders.</font></font></h4><h4 style=\"margin-bottom: 0cm; line-height: 100%\"><font size=\"3\" face=\"georgia\"><br></font><font size=\"3\" face=\"georgia\"><font><b>Question\r\n:</b></font><font>\r\nCan customer track their order status on the website?<br></font></font><font size=\"3\" face=\"georgia\"><font><b>Ans\r\n:</b></font><font>\r\nYes the customers can see if their order has been confirmed, canceled\r\nor delivered. Also, restaurants can add custom order status that they\r\nwould like so that customers can be updated about each step of the\r\norder delivery.</font></font></h4><h4 style=\"margin-bottom: 0cm; line-height: 100%\"><font size=\"3\" face=\"georgia\"><br></font><font size=\"3\" face=\"georgia\"><font><b>Question\r\n: </b></font><font>Can\r\nthe customer save their address once they have ordered from the\r\nwebsite.<br></font></font><font size=\"3\" face=\"georgia\"><font><b>Ans\r\n:</b></font><font>\r\nYes. Customers can save their delivery addresses on the website. Once\r\nthey order their food for the first time, their address is saved.\r\nOrdering again they will be offered to select the previous address.\r\nCustomer can also manage their saved addresses and they can edit or\r\ndelete old addresses.</font></font></h4><h4 style=\"margin-bottom: 0cm; line-height: 100%\"><font size=\"3\" face=\"georgia\"><br></font><font size=\"3\" face=\"georgia\"><font><b>Question\r\n:</b></font><font>\r\nHow will the customer be informed of changed order status?<br></font></font><font size=\"3\" face=\"georgia\"><font><b>Ans\r\n:</b></font><font>\r\nCustomer will receive an email whenever the restaurant owner will\r\nchange the order status on his end.</font></font></h4>\r\n\r\n\r\n\r\n\r\n\r\n\r\n\r\n\r\n\r\n\r\n\r\n\r\n\r\n\r\n\r\n\r\n\r\n\r\n',1,'2017-09-21 11:29:22','0000-00-00 00:00:00');
/*!40000 ALTER TABLE `tbl_pages` ENABLE KEYS */;
UNLOCK TABLES;

--
-- Table structure for table `tbl_payments`
--

DROP TABLE IF EXISTS `tbl_payments`;
/*!40101 SET @saved_cs_client     = @@character_set_client */;
/*!40101 SET character_set_client = utf8 */;
CREATE TABLE `tbl_payments` (
  `id` int(10) NOT NULL AUTO_INCREMENT,
  `user_id` int(10) NOT NULL,
  `transaction_id` varchar(255) NOT NULL,
  `trackingId` varchar(255) DEFAULT NULL,
  `payKey` varchar(255) DEFAULT NULL,
  `package` varchar(50) DEFAULT NULL,
  `price` float(6,2) NOT NULL,
  `status` varchar(255) NOT NULL,
  `type` varchar(255) DEFAULT NULL,
  `slug` varchar(255) NOT NULL,
  `order_id` varchar(255) DEFAULT NULL,
  `created` date NOT NULL,
  PRIMARY KEY (`id`)
) ENGINE=InnoDB AUTO_INCREMENT=183 DEFAULT CHARSET=latin1;
/*!40101 SET character_set_client = @saved_cs_client */;

--
-- Dumping data for table `tbl_payments`
--

LOCK TABLES `tbl_payments` WRITE;
/*!40000 ALTER TABLE `tbl_payments` DISABLE KEYS */;
INSERT INTO `tbl_payments` VALUES (1,45,'Pay-15052955383',NULL,NULL,NULL,49.89,'Complete',NULL,'Pay-1505295538','173','2017-09-13'),(2,45,'Pay-15053711293',NULL,NULL,NULL,43.02,'Complete',NULL,'Pay-1505371129','12','2017-09-14'),(3,45,'Pay-15055398839',NULL,NULL,NULL,2302.70,'Complete',NULL,'Pay-1505539883','36','2017-09-16'),(4,45,'Pay-15055399262',NULL,NULL,NULL,2302.70,'Complete',NULL,'Pay-1505539926','36','2017-09-16'),(5,45,'Pay-15055399832',NULL,NULL,NULL,2302.70,'Complete',NULL,'Pay-1505539983','36','2017-09-16'),(6,45,'Pay-15055399908',NULL,NULL,NULL,2302.70,'Complete',NULL,'Pay-1505539990','36','2017-09-16'),(7,45,'Pay-15055400114',NULL,NULL,NULL,2302.70,'Complete',NULL,'Pay-1505540011','36','2017-09-16'),(8,45,'Pay-15055400532',NULL,NULL,NULL,2302.70,'Complete',NULL,'Pay-1505540053','36','2017-09-16'),(9,45,'Pay-15055400541',NULL,NULL,NULL,2302.70,'Complete',NULL,'Pay-1505540054','36','2017-09-16'),(10,45,'Pay-15055400689',NULL,NULL,NULL,2302.70,'Complete',NULL,'Pay-1505540068','36','2017-09-16'),(11,45,'Pay-15055400747',NULL,NULL,NULL,2302.70,'Complete',NULL,'Pay-1505540074','36','2017-09-16'),(12,45,'Pay-15055400785',NULL,NULL,NULL,2302.70,'Complete',NULL,'Pay-1505540078','36','2017-09-16'),(13,45,'Pay-15055400972',NULL,NULL,NULL,2302.70,'Complete',NULL,'Pay-1505540097','36','2017-09-16'),(14,45,'Pay-15055401025',NULL,NULL,NULL,2302.70,'Complete',NULL,'Pay-1505540102','36','2017-09-16'),(15,45,'Pay-15055401066',NULL,NULL,NULL,2302.70,'Complete',NULL,'Pay-1505540106','36','2017-09-16'),(16,45,'Pay-15055401734',NULL,NULL,NULL,2302.70,'Complete',NULL,'Pay-1505540173','36','2017-09-16'),(17,45,'Pay-15055402251',NULL,NULL,NULL,2302.70,'Complete',NULL,'Pay-1505540225','36','2017-09-16'),(18,45,'Pay-15055402848',NULL,NULL,NULL,2302.70,'Complete',NULL,'Pay-1505540284','36','2017-09-16'),(19,45,'Pay-15055402891',NULL,NULL,NULL,2302.70,'Complete',NULL,'Pay-1505540289','36','2017-09-16'),(20,45,'Pay-15055403166',NULL,NULL,NULL,2302.70,'Complete',NULL,'Pay-1505540316','36','2017-09-16'),(21,45,'Pay-15055403296',NULL,NULL,NULL,2302.70,'Complete',NULL,'Pay-1505540329','36','2017-09-16'),(22,45,'Pay-15055403741',NULL,NULL,NULL,2302.70,'Complete',NULL,'Pay-1505540374','36','2017-09-16'),(23,45,'Pay-15055403799',NULL,NULL,NULL,2302.70,'Complete',NULL,'Pay-1505540379','36','2017-09-16'),(24,45,'Pay-15055403971',NULL,NULL,NULL,2302.70,'Complete',NULL,'Pay-1505540397','36','2017-09-16'),(25,45,'Pay-15055404229',NULL,NULL,NULL,2302.70,'Complete',NULL,'Pay-1505540422','36','2017-09-16'),(26,45,'Pay-15055404465',NULL,NULL,NULL,2302.70,'Complete',NULL,'Pay-1505540446','36','2017-09-16'),(27,45,'Pay-15055404556',NULL,NULL,NULL,2302.70,'Complete',NULL,'Pay-1505540455','36','2017-09-16'),(28,45,'Pay-15055404552',NULL,NULL,NULL,2302.70,'Complete',NULL,'Pay-1505540455','36','2017-09-16'),(29,45,'Pay-15055404565',NULL,NULL,NULL,2302.70,'Complete',NULL,'Pay-1505540456','36','2017-09-16'),(30,45,'Pay-15055404561',NULL,NULL,NULL,2302.70,'Complete',NULL,'Pay-1505540456','36','2017-09-16'),(31,45,'Pay-15055404736',NULL,NULL,NULL,2302.70,'Complete',NULL,'Pay-1505540473','36','2017-09-16'),(32,45,'Pay-15055404749',NULL,NULL,NULL,2302.70,'Complete',NULL,'Pay-1505540474','36','2017-09-16'),(33,45,'Pay-15055405204',NULL,NULL,NULL,2302.70,'Complete',NULL,'Pay-1505540520','36','2017-09-16'),(34,45,'Pay-15055405203',NULL,NULL,NULL,2302.70,'Complete',NULL,'Pay-1505540520','36','2017-09-16'),(35,45,'Pay-15055405215',NULL,NULL,NULL,2302.70,'Complete',NULL,'Pay-1505540521','36','2017-09-16'),(36,45,'Pay-15055405281',NULL,NULL,NULL,2302.70,'Complete',NULL,'Pay-1505540528','36','2017-09-16'),(37,45,'Pay-15055405297',NULL,NULL,NULL,2302.70,'Complete',NULL,'Pay-1505540529','36','2017-09-16'),(38,45,'Pay-15055405291',NULL,NULL,NULL,2302.70,'Complete',NULL,'Pay-1505540529','36','2017-09-16'),(39,45,'Pay-15055405297',NULL,NULL,NULL,2302.70,'Complete',NULL,'Pay-1505540529','36','2017-09-16'),(40,45,'Pay-15055405369',NULL,NULL,NULL,2302.70,'Complete',NULL,'Pay-1505540536','36','2017-09-16'),(41,45,'Pay-15055405468',NULL,NULL,NULL,2302.70,'Complete',NULL,'Pay-1505540546','36','2017-09-16'),(42,45,'Pay-15055406231',NULL,NULL,NULL,2302.70,'Complete',NULL,'Pay-1505540623','36','2017-09-16'),(43,45,'Pay-15055406332',NULL,NULL,NULL,2302.70,'Complete',NULL,'Pay-1505540633','36','2017-09-16'),(44,45,'Pay-15055406775',NULL,NULL,NULL,2302.70,'Complete',NULL,'Pay-1505540677','36','2017-09-16'),(45,45,'Pay-15055406932',NULL,NULL,NULL,2302.70,'Complete',NULL,'Pay-1505540693','36','2017-09-16'),(46,45,'Pay-15055407456',NULL,NULL,NULL,2302.70,'Complete',NULL,'Pay-1505540745','36','2017-09-16'),(47,45,'Pay-15055407805',NULL,NULL,NULL,2302.70,'Complete',NULL,'Pay-1505540780','36','2017-09-16'),(48,45,'Pay-15055408022',NULL,NULL,NULL,2302.70,'Complete',NULL,'Pay-1505540802','36','2017-09-16'),(49,45,'Pay-15055408327',NULL,NULL,NULL,2302.70,'Complete',NULL,'Pay-1505540832','36','2017-09-16'),(50,45,'Pay-15055408719',NULL,NULL,NULL,2302.70,'Complete',NULL,'Pay-1505540871','36','2017-09-16'),(51,45,'Pay-15055408927',NULL,NULL,NULL,2302.70,'Complete',NULL,'Pay-1505540892','36','2017-09-16'),(52,45,'Pay-15055409107',NULL,NULL,NULL,2302.70,'Complete',NULL,'Pay-1505540910','36','2017-09-16'),(53,45,'Pay-15055409455',NULL,NULL,NULL,2302.70,'Complete',NULL,'Pay-1505540945','36','2017-09-16'),(54,45,'Pay-15055409627',NULL,NULL,NULL,2302.70,'Complete',NULL,'Pay-1505540962','36','2017-09-16'),(55,45,'Pay-15055410143',NULL,NULL,NULL,2302.70,'Complete',NULL,'Pay-1505541014','36','2017-09-16'),(56,45,'Pay-15055410165',NULL,NULL,NULL,2302.70,'Complete',NULL,'Pay-1505541016','36','2017-09-16'),(57,45,'Pay-15055410315',NULL,NULL,NULL,2302.70,'Complete',NULL,'Pay-1505541031','36','2017-09-16'),(58,45,'Pay-15055532635',NULL,NULL,NULL,5299.40,'Complete',NULL,'Pay-1505553263','38','2017-09-16'),(59,45,'Pay-15057295612',NULL,NULL,NULL,133.20,'Complete',NULL,'Pay-1505729561','39','2017-09-18'),(60,45,'Pay-15057301149',NULL,NULL,NULL,139.80,'Complete',NULL,'Pay-1505730114','40','2017-09-18'),(61,45,'Pay-15057350149',NULL,NULL,NULL,145.30,'Complete',NULL,'Pay-1505735014','41','2017-09-18'),(62,45,'Pay-15057350558',NULL,NULL,NULL,145.30,'Complete',NULL,'Pay-1505735055','41','2017-09-18'),(63,45,'Pay-15057351841',NULL,NULL,NULL,93.08,'Complete',NULL,'Pay-1505735184','42','2017-09-18'),(64,45,'Pay-15057351905',NULL,NULL,NULL,93.08,'Complete',NULL,'Pay-1505735190','42','2017-09-18'),(65,45,'Pay-15057352775',NULL,NULL,NULL,93.08,'Complete',NULL,'Pay-1505735277','42','2017-09-18'),(66,45,'Pay-15057352807',NULL,NULL,NULL,93.08,'Complete',NULL,'Pay-1505735280','42','2017-09-18'),(67,45,'Pay-15057381919',NULL,NULL,NULL,136.37,'Complete',NULL,'Pay-1505738191','43','2017-09-18'),(68,45,'Pay-15057383103',NULL,NULL,NULL,136.37,'Complete',NULL,'Pay-1505738310','43','2017-09-18'),(69,45,'Pay-15057383245',NULL,NULL,NULL,136.37,'Complete',NULL,'Pay-1505738324','43','2017-09-18'),(70,45,'Pay-15057383998',NULL,NULL,NULL,136.37,'Complete',NULL,'Pay-1505738399','43','2017-09-18'),(71,45,'Pay-15057384928',NULL,NULL,NULL,136.37,'Complete',NULL,'Pay-1505738492','43','2017-09-18'),(72,45,'Pay-15057384935',NULL,NULL,NULL,136.37,'Complete',NULL,'Pay-1505738493','43','2017-09-18'),(73,45,'Pay-15057384957',NULL,NULL,NULL,136.37,'Complete',NULL,'Pay-1505738495','43','2017-09-18'),(74,45,'Pay-15057385087',NULL,NULL,NULL,136.37,'Complete',NULL,'Pay-1505738508','43','2017-09-18'),(75,45,'Pay-15057385225',NULL,NULL,NULL,136.37,'Complete',NULL,'Pay-1505738522','43','2017-09-18'),(76,41,'Pay-15058022324',NULL,NULL,NULL,150.00,'Complete','Sponsorship','Pay-1505802232',NULL,'2017-09-19'),(77,41,'Pay-15058025774',NULL,NULL,'2',200.00,'Complete','Sponsorship','Pay-1505802577',NULL,'2017-09-19'),(78,45,'Pay-15059780277',NULL,NULL,NULL,99.75,'Complete','Purchase','Pay-1505978027','45','2017-09-21'),(79,45,'Pay-15059965634',NULL,NULL,NULL,123.10,'Complete','Purchase','Pay-1505996563','46','2017-09-21'),(80,45,'Pay-15060548034',NULL,NULL,NULL,117.60,'Complete','Purchase','Pay-1506054803','47','2017-09-22'),(82,39,'Pay-15060596818',NULL,NULL,'1',150.00,'Pending','Sponsorship','Pay-1506059681',NULL,'2017-09-22'),(83,59,'Pay-15060624429',NULL,NULL,'1',150.00,'Complete','Sponsorship','Pay-1506062442',NULL,'2017-09-22'),(84,39,'Pay-15063337456',NULL,NULL,'2',200.00,'Pending','Sponsorship','Pay-1506333745',NULL,'2017-09-25'),(85,38,'Pay-15065075191',NULL,NULL,'1',0.00,'Complete','Sponsorship','Pay-1506507519',NULL,'2017-09-27'),(86,38,'Pay-15065077712',NULL,NULL,'1',0.00,'Complete','Sponsorship','Pay-1506507771',NULL,'2017-09-27'),(88,38,'Pay-15065086565',NULL,NULL,'1',0.00,'Complete','Sponsorship','Pay-1506508656',NULL,'2017-09-27'),(89,38,'Pay-15065087749',NULL,NULL,'1',0.00,'Complete','Sponsorship','Pay-1506508774',NULL,'2017-09-27'),(90,38,'Pay-15065088073',NULL,NULL,'1',0.00,'Complete','Sponsorship','Pay-1506508807',NULL,'2017-09-27'),(91,38,'Pay-15065088913',NULL,NULL,'1',0.00,'Complete','Sponsorship','Pay-1506508891',NULL,'2017-09-27'),(92,38,'Pay-15065092032',NULL,NULL,'1',0.00,'Complete','Sponsorship','Pay-1506509203',NULL,'2017-09-27'),(93,45,'Pay-15070231794',NULL,NULL,NULL,122.00,'Complete','Purchase','Pay-1507023179','54','2017-10-03'),(94,45,'Pay-15070259925',NULL,NULL,NULL,252.90,'Complete','Purchase','Pay-1507025992','56','2017-10-03'),(95,45,'2H8534914X273270U',NULL,NULL,NULL,139.80,'Complete','Purchase','Pay-1507096724','61','2017-10-04'),(96,45,'Pay-15070971681',NULL,NULL,NULL,133.20,'Complete','Purchase','Pay-1507097168','62','2017-10-04'),(97,45,'4FB441972L5759833',NULL,NULL,NULL,139.80,'Complete','Purchase','Pay-1507097291','64','2017-10-04'),(98,45,'5SV095485P754501W',NULL,NULL,NULL,112.10,'Complete','Purchase','Pay-1507104119','65','2017-10-04'),(99,58,'Pay-15075320492',NULL,NULL,NULL,128.60,'Complete','Purchase','Pay-1507532049','66','2017-10-09'),(100,64,'Pay-15076352118',NULL,NULL,'2',200.00,'Complete','Sponsorship','Pay-1507635211',NULL,'2017-10-10'),(101,65,'Pay-15076960948',NULL,NULL,'1',0.00,'Complete','Sponsorship','Pay-1507696094',NULL,'2017-10-11'),(102,65,'Pay-15076960948',NULL,NULL,'1',0.00,'Complete','Sponsorship','Pay-1507696094',NULL,'2017-10-11'),(103,66,'Pay-15077008361',NULL,NULL,'1',0.00,'Complete','Sponsorship','Pay-1507700836',NULL,'2017-10-11'),(104,58,'Pay-15077235204',NULL,NULL,NULL,128.60,'Complete','Purchase','Pay-1507723520','76','2017-10-11'),(105,58,'Pay-15077246955',NULL,NULL,NULL,128.60,'Complete','Purchase','Pay-1507724695','79','2017-10-11'),(106,59,'Pay-15077978411',NULL,NULL,'1',0.00,'Complete','Sponsorship','Pay-1507797841',NULL,'2017-10-12'),(107,58,'Pay-15079623064',NULL,NULL,NULL,278.60,'Complete','Purchase','Pay-1507962306','100','2017-10-14'),(108,58,'Pay-15079645638',NULL,NULL,NULL,278.60,'Complete','Purchase','Pay-1507964563','102','2017-10-14'),(109,58,'Pay-15079659014',NULL,NULL,NULL,278.60,'Complete','Purchase','Pay-1507965901','104','2017-10-14'),(110,58,'Pay-15079680784',NULL,NULL,NULL,291.92,'Complete','Purchase','Pay-1507968078','111','2017-10-14'),(111,58,'Pay-15079682428',NULL,NULL,NULL,278.60,'Complete','Purchase','Pay-1507968242','112','2017-10-14'),(112,58,'Pay-15079714132',NULL,NULL,NULL,168.60,'Complete','Purchase','Pay-1507971413','116','2017-10-14'),(113,58,'Pay-15079738366',NULL,NULL,NULL,-211.40,'Complete','Purchase','Pay-1507973836','129','2017-10-14'),(114,58,'Pay-15079738686',NULL,NULL,NULL,-211.40,'Complete','Purchase','Pay-1507973868','130','2017-10-14'),(115,58,'Pay-15079772086',NULL,NULL,NULL,288.60,'Complete','Purchase','Pay-1507977208','133','2017-10-14'),(116,58,'Pay-15079775841',NULL,NULL,NULL,288.60,'Complete','Purchase','Pay-1507977584','135','2017-10-14'),(117,58,'Pay-15079780055',NULL,NULL,NULL,288.60,'Complete','Purchase','Pay-1507978005','139','2017-10-14'),(118,68,'Pay-15079784986',NULL,NULL,NULL,1154.40,'Complete','Purchase','Pay-1507978498','140','2017-10-14'),(119,68,'Pay-15079788561',NULL,NULL,NULL,1104.40,'Complete','Purchase','Pay-1507978856','141','2017-10-14'),(120,68,'Pay-15079840495',NULL,NULL,NULL,188.60,'Complete','Purchase','Pay-1507984049','143','2017-10-14'),(121,69,'Pay-15097920156',NULL,NULL,'2',200.00,'Complete','Sponsorship','Pay-1509792015',NULL,'2017-11-04'),(122,39,'Pay-15102296093',NULL,NULL,'1',0.00,'Complete','Sponsorship','Pay-1510229609',NULL,'2017-11-09'),(123,45,'Pay-15102975048',NULL,NULL,NULL,26.64,'Complete','Purchase','Pay-1510297504','149','2017-11-10'),(124,45,'Pay-15105474533',NULL,NULL,NULL,44.40,'Complete','Purchase','Pay-1510547453','150','2017-11-13'),(125,45,'Pay-15105612821',NULL,NULL,NULL,27.75,'Complete','Purchase','Pay-1510561282','151','2017-11-13'),(126,45,'Pay-15105618095',NULL,NULL,NULL,38.85,'Complete','Purchase','Pay-1510561809','152','2017-11-13'),(127,45,'Pay-15106611454',NULL,NULL,NULL,36.63,'Complete','Purchase','Pay-1510661145','154','2017-11-14'),(128,58,'PAY-NONETWORKPAYIDEXAMPLE123',NULL,NULL,NULL,51.84,'Complete','Purchase','Pay-1511337025','156','2017-11-22'),(129,45,'Pay-15118746842',NULL,NULL,NULL,22.20,'Complete','Purchase','Pay-1511874684','157','2017-11-28'),(130,5,'Pay-15119284201',NULL,NULL,NULL,39.96,'Complete','Purchase','Pay-1511928420','159','2017-11-29'),(131,45,'Pay-15119347998',NULL,NULL,NULL,22.20,'Complete','Purchase','Pay-1511934799','160','2017-11-29'),(132,45,'Pay-15121961382',NULL,NULL,NULL,27.75,'Complete','Purchase','Pay-1512196138','161','2017-12-02'),(133,45,'Pay-15123810174',NULL,NULL,NULL,27.75,'Complete','Purchase','Pay-1512381017','163','2017-12-04'),(134,45,'Pay-15123811074',NULL,NULL,NULL,27.75,'Complete','Purchase','Pay-1512381107','164','2017-12-04'),(135,45,'Pay-15371739142',NULL,NULL,NULL,111.00,'Complete','Purchase','Pay-1537173914','176','2018-09-17'),(136,45,'Pay-15411613801',NULL,NULL,NULL,144.30,'Complete','Purchase','Pay-1541161380','177','2018-11-02'),(137,39,'Pay-15423671622',NULL,NULL,'1',0.00,'Complete','Sponsorship','Pay-1542367162',NULL,'2018-11-16'),(138,124,'gxrjqbjdsxmgheenmsra',NULL,NULL,'1',0.00,'Complete','Sponsorship','Pay-1570588734',NULL,'2019-10-09'),(139,130,'Pay-15712252778',NULL,NULL,NULL,38.70,'Complete','Purchase','Pay-1571225277','184','2019-10-16'),(140,130,'Pay-15712256856',NULL,NULL,NULL,10.50,'Complete','Purchase','Pay-1571225685','186','2019-10-16'),(141,4,'Pay-15712258281',NULL,NULL,NULL,21.00,'Complete','Purchase','Pay-1571225828','185','2019-10-16'),(142,4,'Pay-15712263262',NULL,NULL,NULL,21.00,'Complete','Purchase','Pay-1571226326','185','2019-10-16'),(143,4,'Pay-15712264606',NULL,NULL,NULL,21.00,'Complete','Purchase','Pay-1571226460','185','2019-10-16'),(144,4,'Pay-15712265541',NULL,NULL,NULL,21.00,'Complete','Purchase','Pay-1571226554','185','2019-10-16'),(145,4,'Pay-15712266651',NULL,NULL,NULL,21.00,'Complete','Purchase','Pay-1571226665','185','2019-10-16'),(146,4,'Pay-15712269213',NULL,NULL,NULL,21.00,'Complete','Purchase','Pay-1571226921','185','2019-10-16'),(147,4,'Pay-15712269658',NULL,NULL,NULL,21.00,'Complete','Purchase','Pay-1571226965','185','2019-10-16'),(148,4,'Pay-15712271344',NULL,NULL,NULL,21.00,'Complete','Purchase','Pay-1571227134','185','2019-10-16'),(149,4,'Pay-15712271799',NULL,NULL,NULL,21.00,'Complete','Purchase','Pay-1571227179','185','2019-10-16'),(150,4,'Pay-15712272044',NULL,NULL,NULL,21.00,'Complete','Purchase','Pay-1571227204','185','2019-10-16'),(151,4,'Pay-15712272343',NULL,NULL,NULL,21.00,'Complete','Purchase','Pay-1571227234','185','2019-10-16'),(152,4,'Pay-15712272645',NULL,NULL,NULL,21.00,'Complete','Purchase','Pay-1571227264','185','2019-10-16'),(153,4,'Pay-15712272814',NULL,NULL,NULL,21.00,'Complete','Purchase','Pay-1571227281','185','2019-10-16'),(154,4,'Pay-15712273371',NULL,NULL,NULL,21.00,'Complete','Purchase','Pay-1571227337','185','2019-10-16'),(155,130,'Pay-15712277992',NULL,NULL,NULL,10.50,'Complete','Purchase','Pay-1571227799','187','2019-10-16'),(156,4,'Pay-15713950934',NULL,NULL,NULL,25.50,'Complete','Purchase','Pay-1571395093','188','2019-10-18'),(157,141,'Pay-15715585941',NULL,NULL,NULL,15.00,'Complete','Purchase','Pay-1571558594','192','2019-10-20'),(158,130,'Pay-15717910487',NULL,NULL,NULL,10.50,'Complete','Purchase','Pay-1571791048','193','2019-10-23'),(159,141,'2R41641423719170N','EPf5Kcyra','AP-7GK81529HK844021Y',NULL,15.00,'Complete','Purchase','Pay-1571791188','194','2019-10-23'),(160,141,'0VM21894XL107763S','97alr0UfM','AP-27N05611WD931733J',NULL,12.90,'Complete','Purchase','Pay-1571792893','195','2019-10-23'),(161,141,'73M55229HT4391409','RgMBtO2nI','AP-5TX8945676092521V',NULL,12.90,'Complete','Purchase','Pay-1571793060','196','2019-10-23'),(162,141,'0GF15630SH185494E','i6W5CmPs1','AP-8W4887955R8739222',NULL,12.90,'Complete','Purchase','Pay-1571793264','197','2019-10-23'),(163,141,'8RJ45817NV587173Y','xAxqo194r','AP-141971472S6094804',NULL,12.90,'Complete','Purchase','Pay-1571801963','198','2019-10-23'),(164,141,'6JV02149HG805905G','x7DUODqpk','AP-6R919518XT7116126',NULL,12.90,'Complete','Purchase','Pay-1571802204','199','2019-10-23'),(165,4,'Pay-15718078182',NULL,NULL,NULL,39.00,'Complete','Purchase','Pay-1571807818','200','2019-10-23'),(166,4,'7B214731PV2918332','iJ471FDnn','AP-9L112625W9975920M',NULL,19.00,'Complete','Purchase','Pay-1571810790','202','2019-10-23'),(167,4,'8YX962854K908100G','J4Abv9SyR','AP-5DD57248EY640674K',NULL,19.00,'Complete','Purchase','Pay-1571811152','203','2019-10-23'),(168,4,'9PF57787TP4186525','WUMi7SHS3','AP-16N33474PD1126019',NULL,59.20,'Complete','Purchase','Pay-1571814501','204','2019-10-23'),(169,4,'7F520593HB1238402','TLgoOZefX','AP-28R774844R7371906',NULL,36.00,'Complete','Purchase','Pay-1571825312','206','2019-10-23'),(170,4,'283822725C109794F','vhZDtLivp','AP-50H76201H0910711S',NULL,15.00,'Complete','Purchase','Pay-1571830725','207','2019-10-23'),(171,130,'Pay-15718338916',NULL,NULL,NULL,20.00,'Complete','Purchase','Pay-1571833891','208','2019-10-23'),(172,130,'Pay-15718349943',NULL,NULL,NULL,15.00,'Complete','Purchase','Pay-1571834994','209','2019-10-23'),(173,141,'2RE52180T5031102T','djRIBE0JD','AP-7VG079123K692814K',NULL,15.00,'Complete','Purchase','Pay-1571895179','210','2019-10-24'),(174,130,'Pay-15719033848',NULL,NULL,NULL,15.00,'Complete','Purchase','Pay-1571903384','212','2019-10-24'),(175,130,'Pay-15724048618',NULL,NULL,NULL,12.90,'Complete','Purchase','Pay-1572404861','213','2019-10-30'),(176,130,'Pay-15724061436',NULL,NULL,NULL,15.00,'Complete','Purchase','Pay-1572406143','214','2019-10-30'),(177,4,'Pay-15725015337',NULL,NULL,NULL,39.30,'Complete','Purchase','Pay-1572501533','215','2019-10-31'),(178,131,'Pay-15725192402',NULL,NULL,NULL,12.90,'Complete','Purchase','Pay-1572519240','216','2019-10-31'),(179,131,'Pay-15725212355',NULL,NULL,NULL,10.50,'Complete','Purchase','Pay-1572521235','217','2019-10-31'),(180,131,'Pay-15725218163',NULL,NULL,NULL,12.90,'Complete','Purchase','Pay-1572521816','218','2019-10-31'),(181,131,'Pay-15725223762',NULL,NULL,NULL,15.00,'Complete','Purchase','Pay-1572522376','219','2019-10-31'),(182,130,'Pay-15729459334',NULL,NULL,NULL,10.50,'Complete','Purchase','Pay-1572945933','222','2019-11-05');
/*!40000 ALTER TABLE `tbl_payments` ENABLE KEYS */;
UNLOCK TABLES;

--
-- Table structure for table `tbl_pickup_charges`
--

DROP TABLE IF EXISTS `tbl_pickup_charges`;
/*!40101 SET @saved_cs_client     = @@character_set_client */;
/*!40101 SET character_set_client = utf8 */;
CREATE TABLE `tbl_pickup_charges` (
  `id` int(10) NOT NULL AUTO_INCREMENT,
  `is_default_delivery` int(10) NOT NULL DEFAULT '0',
  `pick_up` int(10) NOT NULL DEFAULT '0',
  `user_id` int(10) NOT NULL,
  `normal` varchar(100) NOT NULL,
  `advance` varchar(100) NOT NULL,
  `delivery_charge_limit` varchar(254) DEFAULT NULL,
  `created` datetime NOT NULL,
  PRIMARY KEY (`id`)
) ENGINE=InnoDB AUTO_INCREMENT=58 DEFAULT CHARSET=latin1;
/*!40101 SET character_set_client = @saved_cs_client */;

--
-- Dumping data for table `tbl_pickup_charges`
--

LOCK TABLES `tbl_pickup_charges` WRITE;
/*!40000 ALTER TABLE `tbl_pickup_charges` DISABLE KEYS */;
INSERT INTO `tbl_pickup_charges` VALUES (1,1,1,41,'10','20','100','0000-00-00 00:00:00'),(2,1,1,39,'5','0','50','0000-00-00 00:00:00'),(3,0,0,9,'','','','0000-00-00 00:00:00'),(4,0,0,12,'','','','0000-00-00 00:00:00'),(5,0,0,21,'','','','0000-00-00 00:00:00'),(6,0,0,34,'','','','0000-00-00 00:00:00'),(7,0,0,28,'','','','0000-00-00 00:00:00'),(8,1,0,33,'7','9','20','0000-00-00 00:00:00'),(9,0,0,24,'','','','0000-00-00 00:00:00'),(10,1,1,38,'7','9','50','0000-00-00 00:00:00'),(11,1,1,37,'11','13','50','0000-00-00 00:00:00'),(12,0,0,61,'','','','0000-00-00 00:00:00'),(13,0,0,62,'','','','0000-00-00 00:00:00'),(15,0,0,64,'','','','0000-00-00 00:00:00'),(16,0,0,65,'','','','0000-00-00 00:00:00'),(17,0,0,66,'','','','0000-00-00 00:00:00'),(18,0,0,48,'','','','0000-00-00 00:00:00'),(19,1,1,59,'12','12','23','2017-10-11 13:18:55'),(20,0,0,61,'','','','0000-00-00 00:00:00'),(21,0,0,62,'','','','0000-00-00 00:00:00'),(22,0,0,75,'','','','2017-11-29 10:05:02'),(23,0,0,90,'','','','0000-00-00 00:00:00'),(24,0,0,95,'','','','0000-00-00 00:00:00'),(25,0,0,97,'','','','0000-00-00 00:00:00'),(26,0,0,98,'','','','0000-00-00 00:00:00'),(27,0,0,99,'','','','0000-00-00 00:00:00'),(28,0,0,100,'','','','0000-00-00 00:00:00'),(29,0,0,105,'','','','0000-00-00 00:00:00'),(30,0,0,106,'','','','0000-00-00 00:00:00'),(31,0,0,107,'','','','0000-00-00 00:00:00'),(32,0,0,108,'','','','0000-00-00 00:00:00'),(33,0,0,109,'','','','0000-00-00 00:00:00'),(34,0,0,113,'','','','0000-00-00 00:00:00'),(35,0,0,114,'','','','0000-00-00 00:00:00'),(36,0,0,115,'','','','0000-00-00 00:00:00'),(37,0,0,116,'','','','0000-00-00 00:00:00'),(38,0,0,119,'','','','0000-00-00 00:00:00'),(39,0,0,120,'','','','0000-00-00 00:00:00'),(40,0,0,121,'','','','0000-00-00 00:00:00'),(41,0,0,122,'','','','2019-10-06 18:59:00'),(42,0,0,123,'','','','0000-00-00 00:00:00'),(43,0,0,125,'','','','0000-00-00 00:00:00'),(44,0,1,124,'0','0','0','2019-10-07 15:33:29'),(45,0,0,126,'','','','0000-00-00 00:00:00'),(46,0,1,129,'0','0','0','0000-00-00 00:00:00'),(47,0,0,132,'','','','0000-00-00 00:00:00'),(48,0,0,133,'','','','0000-00-00 00:00:00'),(49,0,0,134,'','','','0000-00-00 00:00:00'),(50,1,1,135,'0','0','0','0000-00-00 00:00:00'),(51,0,0,138,'','','','0000-00-00 00:00:00'),(52,0,0,140,'','','','0000-00-00 00:00:00'),(53,0,0,142,'','','','0000-00-00 00:00:00'),(54,0,0,144,'','','','0000-00-00 00:00:00'),(55,0,0,149,'','','','2019-10-30 09:53:00'),(56,0,0,150,'','','','0000-00-00 00:00:00'),(57,0,0,152,'','','','0000-00-00 00:00:00');
/*!40000 ALTER TABLE `tbl_pickup_charges` ENABLE KEYS */;
UNLOCK TABLES;

--
-- Table structure for table `tbl_reset_link`
--

DROP TABLE IF EXISTS `tbl_reset_link`;
/*!40101 SET @saved_cs_client     = @@character_set_client */;
/*!40101 SET character_set_client = utf8 */;
CREATE TABLE `tbl_reset_link` (
  `id` int(10) NOT NULL AUTO_INCREMENT,
  `slug` varchar(100) NOT NULL,
  `user_id` int(10) NOT NULL,
  `code` varchar(100) NOT NULL,
  `status` enum('0','1') NOT NULL,
  `created` datetime NOT NULL,
  `type` enum('signup','resetpassword') NOT NULL,
  PRIMARY KEY (`id`)
) ENGINE=InnoDB AUTO_INCREMENT=46 DEFAULT CHARSET=latin1;
/*!40101 SET character_set_client = @saved_cs_client */;

--
-- Dumping data for table `tbl_reset_link`
--

LOCK TABLES `tbl_reset_link` WRITE;
/*!40000 ALTER TABLE `tbl_reset_link` DISABLE KEYS */;
INSERT INTO `tbl_reset_link` VALUES (1,'zero',3,'3019843317931272','1','2017-06-27 14:31:25','signup'),(2,'zero-1498624791',4,'7470388763055423','1','2017-06-28 06:39:51','signup'),(3,'zero-1498625071',5,'3392268773304294','1','2017-06-28 06:44:31','signup'),(5,'zero-1498808754',10,'5333964673081744','1','2017-06-30 09:45:54','signup'),(6,'zero-1499754138',42,'3446377934184385','1','2017-07-11 11:52:18','signup'),(7,'zero-1499772547',43,'6957051319790413','1','2017-07-11 16:59:07','signup'),(9,'zero-1504256369',45,'5649158883024572','1','2017-09-01 14:29:29','signup'),(10,'zero-1505197246',49,'2470991285918782','1','2017-09-12 11:50:46','signup'),(11,'zero-1505197384',50,'5734757396788389','1','2017-09-12 11:53:04','signup'),(12,'zero-1505197447',51,'1280084834435252','1','2017-09-12 11:54:07','signup'),(13,'zero-1505197462',52,'8781059194871918','1','2017-09-12 11:54:22','signup'),(14,'zero-1505197472',53,'6968407548514088','1','2017-09-12 11:54:32','signup'),(15,'zero-1505198207',54,'8791087073224315','1','2017-09-12 12:06:47','signup'),(16,'zero-1505198233',55,'736818687536233','1','2017-09-12 12:07:13','signup'),(17,'zero-1505212055',56,'8474675588559602','1','2017-09-12 15:57:35','signup'),(18,'zero-1505212397',57,'2433849099818820','1','2017-09-12 16:03:17','signup'),(19,'zero-1505214092',58,'8186934704164525','1','2017-09-12 16:31:32','signup'),(20,'zero-1505712637',60,'6656963113848802','1','2017-09-18 11:00:37','signup'),(21,'zero-1506415546',61,'7327546627744487','1','2017-09-26 14:15:46','signup'),(22,'zero-1506601410',62,'7019768563363364','1','2017-09-28 17:53:30','signup'),(23,'zero-1507028364',63,'3379413888805777','1','2017-10-03 16:29:24','signup'),(24,'zero-1507634986',64,'5511013316841464','1','2017-10-10 16:59:46','signup'),(25,'zero-1507695802',65,'2477151326691752','1','2017-10-11 09:53:22','signup'),(26,'zero-1507698350',66,'7234377170791643','1','2017-10-11 10:35:50','signup'),(27,'zero-1513921011',90,'1444566551652088','1','2017-12-22 11:06:51','signup'),(28,'zero-1529558299',95,'2977710278712407','1','2018-06-21 10:48:19','signup'),(30,'1stzipp',98,'2314572404003014','1','2019-09-16 16:04:53','signup'),(31,'zero-1569023073',110,'134642487489641','1','2019-09-21 05:14:33','signup'),(32,'zero-1569023164',111,'2186220038236253','1','2019-09-21 05:16:04','signup'),(33,'zero-1569023250',112,'7168158263817632','1','2019-09-21 05:17:30','signup'),(34,'zero-1569372250',117,'679122405331498','1','2019-09-25 06:14:10','signup'),(35,'zero-1569761484',118,'2611171301754887','1','2019-09-29 18:21:24','signup'),(36,'zero-1570361835',120,'6072152407909533','1','2019-10-06 17:07:15','signup'),(37,'zero-1570363775',121,'1408543923304879','1','2019-10-06 17:39:35','signup'),(38,'zero-1570365059',122,'2749095753557113','1','2019-10-06 18:00:59','signup'),(40,'zero-1570453471',126,'8412147766473517','1','2019-10-07 18:34:31','signup'),(41,'zero-1572386453',149,'2647924313332157','1','2019-10-30 09:00:53','signup'),(42,'zero-1572386573',150,'5589976082838046','1','2019-10-30 09:02:53','signup'),(45,'zero-1575354740',155,'5721280612414441','1','2019-12-03 17:32:20','signup');
/*!40000 ALTER TABLE `tbl_reset_link` ENABLE KEYS */;
UNLOCK TABLES;

--
-- Table structure for table `tbl_restaurant_categories`
--

DROP TABLE IF EXISTS `tbl_restaurant_categories`;
/*!40101 SET @saved_cs_client     = @@character_set_client */;
/*!40101 SET character_set_client = utf8 */;
CREATE TABLE `tbl_restaurant_categories` (
  `id` int(11) NOT NULL AUTO_INCREMENT,
  `cat_name` varchar(255) NOT NULL,
  `created_at` timestamp NOT NULL DEFAULT CURRENT_TIMESTAMP,
  `updated_at` timestamp NOT NULL DEFAULT CURRENT_TIMESTAMP,
  PRIMARY KEY (`id`),
  UNIQUE KEY `cat_name` (`cat_name`)
) ENGINE=InnoDB AUTO_INCREMENT=10 DEFAULT CHARSET=latin1;
/*!40101 SET character_set_client = @saved_cs_client */;

--
-- Dumping data for table `tbl_restaurant_categories`
--

LOCK TABLES `tbl_restaurant_categories` WRITE;
/*!40000 ALTER TABLE `tbl_restaurant_categories` DISABLE KEYS */;
INSERT INTO `tbl_restaurant_categories` VALUES (1,'Veg','2019-10-22 08:24:00','2019-10-22 08:24:00'),(2,'Cake','2019-10-22 10:08:07','2019-10-22 10:08:07'),(3,'Soup','2019-10-23 23:13:20','2019-10-23 23:13:20'),(4,'Stir Fry','2019-10-23 23:13:39','2019-10-23 23:13:39'),(5,'Noodles','2019-10-23 23:19:29','2019-10-23 23:19:29'),(6,'Rice','2019-10-23 23:19:37','2019-10-23 23:19:37'),(7,'Fried Foods','2019-10-23 23:20:00','2019-10-23 23:20:00'),(8,'Curry','2019-10-23 23:27:51','2019-10-23 23:27:51'),(9,'Salad','2019-10-23 23:29:44','2019-10-23 23:29:44');
/*!40000 ALTER TABLE `tbl_restaurant_categories` ENABLE KEYS */;
UNLOCK TABLES;

--
-- Table structure for table `tbl_reviews`
--

DROP TABLE IF EXISTS `tbl_reviews`;
/*!40101 SET @saved_cs_client     = @@character_set_client */;
/*!40101 SET character_set_client = utf8 */;
CREATE TABLE `tbl_reviews` (
  `id` int(10) NOT NULL AUTO_INCREMENT,
  `slug` varchar(100) NOT NULL,
  `user_id` int(10) NOT NULL,
  `caterer_id` int(10) NOT NULL,
  `item` varchar(100) NOT NULL,
  `comment` text NOT NULL,
  `rating` int(1) NOT NULL,
  `quality` int(1) NOT NULL,
  `packaging` int(1) NOT NULL,
  `delivery` int(1) NOT NULL,
  `status` enum('0','1') NOT NULL,
  `created` datetime NOT NULL,
  PRIMARY KEY (`id`)
) ENGINE=InnoDB AUTO_INCREMENT=21 DEFAULT CHARSET=latin1;
/*!40101 SET character_set_client = @saved_cs_client */;

--
-- Dumping data for table `tbl_reviews`
--

LOCK TABLES `tbl_reviews` WRITE;
/*!40000 ALTER TABLE `tbl_reviews` DISABLE KEYS */;
INSERT INTO `tbl_reviews` VALUES (5,'very_good_food22618311499257052',5,41,'','Very Good Food.',0,5,5,5,'1','2017-07-05 17:47:32'),(6,'good_food87362501505215605',5,39,'','Good Food',0,4,5,4,'1','2017-09-12 16:56:45'),(7,'sd_fds_fds_fds_fds_sdfdsf28036531506316985',41,41,'','sd fds fds fds fds sdfdsf',0,0,0,0,'1','2017-09-25 10:53:05'),(8,'sd_fds_fds_fds_fds_sdfdsf71442541506317004',41,41,'','sd fds fds fds fds sdfdsf',0,0,0,0,'1','2017-09-25 10:53:24'),(9,'sd_fds_fds_fds_fds_sdfdsf78900371506317015',41,41,'','sd fds fds fds fds sdfdsf',0,0,0,0,'1','2017-09-25 10:53:35'),(10,'sd_fds_fds_fds_fds_sdfdsf37958441506317021',41,41,'','sd fds fds fds fds sdfdsf',0,0,0,0,'1','2017-09-25 10:53:41'),(11,'sd_fds_fds_fds_fds_sdfdsf17671671506317111',41,41,'','sd fds fds fds fds sdfdsf',0,0,0,0,'1','2017-09-25 10:55:11'),(12,'sd_fds_fds_fds_fds_sdfdsf93055711506317124',41,41,'','sd fds fds fds fds sdfdsf',0,0,0,0,'1','2017-09-25 10:55:24'),(13,'sd_fds_fds_fds_fds_sdfdsf83880261506317137',41,41,'','sd fds fds fds fds sdfdsf',0,0,0,0,'1','2017-09-25 10:55:37'),(14,'sd_fds_fds_fds_fds_sdfdsf34248651506317145',41,41,'','sd fds fds fds fds sdfdsf',0,0,0,0,'1','2017-09-25 10:55:45'),(15,'dsf_dsf84789971507023205',45,41,'','dsf dsf',0,3,5,3,'1','2017-10-03 15:03:25'),(16,'ghgfh67113821507099791',45,41,'','ghgfh',0,0,0,0,'1','2017-10-04 12:19:51'),(18,'dasdasd2727811509450229',45,41,'','dasdasd',0,5,5,5,'1','2017-10-31 17:13:49'),(19,'one_of_the_best_restaurants_i_have55672721511931223',5,39,'','One of the best restaurants I have ever visited.',0,4,5,3,'1','2017-11-29 10:23:43'),(20,'quick_delivery_awesome_food52713061572406176',130,135,'','quick delivery & awesome food',0,5,5,5,'1','2019-10-30 14:29:36');
/*!40000 ALTER TABLE `tbl_reviews` ENABLE KEYS */;
UNLOCK TABLES;

--
-- Table structure for table `tbl_site_settings`
--

DROP TABLE IF EXISTS `tbl_site_settings`;
/*!40101 SET @saved_cs_client     = @@character_set_client */;
/*!40101 SET character_set_client = utf8 */;
CREATE TABLE `tbl_site_settings` (
  `id` int(11) NOT NULL AUTO_INCREMENT,
  `title` varchar(50) NOT NULL,
  `mail_from` varchar(255) DEFAULT NULL,
  `url` varchar(100) NOT NULL,
  `tagline` varchar(255) NOT NULL,
  `phone` varchar(50) NOT NULL,
  `logo` varchar(255) DEFAULT NULL,
  `favicon` varchar(255) DEFAULT NULL,
  `max_size` varchar(10) NOT NULL,
  `facebook_link` varchar(255) NOT NULL,
  `twitter_link` varchar(255) NOT NULL,
  `instagram_link` varchar(255) NOT NULL,
  `linkedin_link` varchar(255) NOT NULL,
  `pinterest` varchar(255) NOT NULL,
  `video_link` varchar(255) NOT NULL,
  `created` datetime NOT NULL,
  `modified` datetime NOT NULL,
  `paypal_email_address` varchar(255) DEFAULT NULL,
  `paypal_url` varchar(255) DEFAULT NULL,
  PRIMARY KEY (`id`)
) ENGINE=InnoDB AUTO_INCREMENT=2 DEFAULT CHARSET=latin1;
/*!40101 SET character_set_client = @saved_cs_client */;

--
-- Dumping data for table `tbl_site_settings`
--

LOCK TABLES `tbl_site_settings` WRITE;
/*!40000 ALTER TABLE `tbl_site_settings` DISABLE KEYS */;
INSERT INTO `tbl_site_settings` VALUES (1,'Online Order Menu','info@online-order.menu','https://www.online-order.menu','Best food around you!','0280917778','1568633044logo.png','1568511483favicon.ico','2','https://www.facebook.com/onlineordermenu/','https://www.twitter.com/onlineorder8','https://www.instagram.com/oomenu/','','','https://www.youtube.com/embed/aGe9Hr_9YEU','2016-02-17 09:18:23','2017-05-30 07:26:25','sb-ljld2431482@business.example.com','https://www.sandbox.paypal.com/cgi-bin/webscr');
/*!40000 ALTER TABLE `tbl_site_settings` ENABLE KEYS */;
UNLOCK TABLES;

--
-- Table structure for table `tbl_sponsorship`
--

DROP TABLE IF EXISTS `tbl_sponsorship`;
/*!40101 SET @saved_cs_client     = @@character_set_client */;
/*!40101 SET character_set_client = utf8 */;
CREATE TABLE `tbl_sponsorship` (
  `id` int(10) NOT NULL AUTO_INCREMENT,
  `name` varchar(255) NOT NULL,
  `price` float(20,2) NOT NULL,
  `no_of_days` int(10) NOT NULL,
  `description` text NOT NULL,
  `slug` varchar(255) NOT NULL,
  `created` datetime NOT NULL,
  PRIMARY KEY (`id`)
) ENGINE=InnoDB AUTO_INCREMENT=4 DEFAULT CHARSET=latin1;
/*!40101 SET character_set_client = @saved_cs_client */;

--
-- Dumping data for table `tbl_sponsorship`
--

LOCK TABLES `tbl_sponsorship` WRITE;
/*!40000 ALTER TABLE `tbl_sponsorship` DISABLE KEYS */;
INSERT INTO `tbl_sponsorship` VALUES (1,'Silver',0.00,20,'1. The restaurant will be displayed on top of listing\r\n2. Always on the top even if searching\r\n3. Visible in homepage\r\n4. Better chance to find food','silver','2017-09-27 15:43:22'),(2,'Gold',200.00,30,'1. Listing will be on top\r\n2. Always on the top even if searching\r\n3. Visible in homepage\r\n4. Better chance to find food','gold','2017-09-22 11:57:03'),(3,'Platinum',300.00,60,'1. Listing will be on top\r\n2. Always on the top even if searching\r\n3. Visible in homepage\r\n4. Better chance to find food','platinum','2017-09-22 11:57:08');
/*!40000 ALTER TABLE `tbl_sponsorship` ENABLE KEYS */;
UNLOCK TABLES;

--
-- Table structure for table `tbl_thumbs`
--

DROP TABLE IF EXISTS `tbl_thumbs`;
/*!40101 SET @saved_cs_client     = @@character_set_client */;
/*!40101 SET character_set_client = utf8 */;
CREATE TABLE `tbl_thumbs` (
  `id` int(10) NOT NULL AUTO_INCREMENT,
  `restro_id` int(10) NOT NULL,
  `user_id` int(10) NOT NULL,
  `type` varchar(50) NOT NULL,
  PRIMARY KEY (`id`)
) ENGINE=InnoDB AUTO_INCREMENT=21 DEFAULT CHARSET=latin1;
/*!40101 SET character_set_client = @saved_cs_client */;

--
-- Dumping data for table `tbl_thumbs`
--

LOCK TABLES `tbl_thumbs` WRITE;
/*!40000 ALTER TABLE `tbl_thumbs` DISABLE KEYS */;
INSERT INTO `tbl_thumbs` VALUES (1,41,45,'like'),(2,59,45,'like'),(3,39,45,'like'),(4,29,45,'dislike'),(5,41,41,'dislike'),(6,41,39,'like'),(7,29,39,'dislike'),(8,59,39,'dislike'),(9,39,39,'like'),(10,59,41,'like'),(11,25,41,'dislike'),(12,34,38,'like'),(13,23,38,'like'),(14,29,38,'like'),(15,24,38,'like'),(16,41,5,'dislike'),(17,59,58,'dislike'),(18,39,5,'like'),(19,97,97,'like'),(20,124,130,'like');
/*!40000 ALTER TABLE `tbl_thumbs` ENABLE KEYS */;
UNLOCK TABLES;

--
-- Table structure for table `tbl_user_reviews`
--

DROP TABLE IF EXISTS `tbl_user_reviews`;
/*!40101 SET @saved_cs_client     = @@character_set_client */;
/*!40101 SET character_set_client = utf8 */;
CREATE TABLE `tbl_user_reviews` (
  `id` int(10) NOT NULL AUTO_INCREMENT,
  `user_id` int(10) NOT NULL,
  `caterer_id` int(10) NOT NULL,
  `created` datetime NOT NULL,
  PRIMARY KEY (`id`)
) ENGINE=InnoDB AUTO_INCREMENT=360 DEFAULT CHARSET=latin1;
/*!40101 SET character_set_client = @saved_cs_client */;

--
-- Dumping data for table `tbl_user_reviews`
--

LOCK TABLES `tbl_user_reviews` WRITE;
/*!40000 ALTER TABLE `tbl_user_reviews` DISABLE KEYS */;
INSERT INTO `tbl_user_reviews` VALUES (11,5,15,'2017-07-14 15:40:14'),(15,45,40,'2017-09-01 19:52:15'),(23,45,40,'2017-09-01 20:59:08'),(25,45,40,'2017-09-01 21:02:22'),(27,45,40,'2017-09-01 21:02:33'),(29,45,40,'2017-09-01 21:02:45'),(31,45,40,'2017-09-01 21:04:01'),(33,45,40,'2017-09-01 21:04:49'),(35,45,40,'2017-09-01 21:06:18'),(37,45,40,'2017-09-01 21:07:36'),(39,45,40,'2017-09-01 21:11:47'),(41,45,40,'2017-09-04 18:57:04'),(44,45,40,'2017-09-05 15:14:30'),(47,45,40,'2017-09-05 15:16:46'),(49,45,40,'2017-09-05 15:17:12'),(53,45,40,'2017-09-05 15:19:12'),(55,45,40,'2017-09-05 15:19:50'),(57,45,40,'2017-09-05 15:20:00'),(59,45,40,'2017-09-05 15:20:02'),(61,45,40,'2017-09-05 15:21:18'),(63,45,40,'2017-09-05 15:21:52'),(65,45,40,'2017-09-05 15:22:11'),(67,45,40,'2017-09-05 15:22:18'),(70,45,40,'2017-09-05 15:22:43'),(72,45,40,'2017-09-05 15:23:19'),(74,45,40,'2017-09-05 15:23:20'),(76,45,40,'2017-09-05 15:23:20'),(78,45,40,'2017-09-05 15:23:28'),(80,45,40,'2017-09-05 15:23:29'),(82,45,40,'2017-09-05 15:23:30'),(84,45,40,'2017-09-05 15:23:45'),(86,45,40,'2017-09-05 15:24:23'),(88,45,40,'2017-09-05 15:24:44'),(90,45,40,'2017-09-05 15:25:36'),(92,45,40,'2017-09-05 15:27:01'),(94,45,40,'2017-09-05 15:27:24'),(96,45,40,'2017-09-05 15:27:34'),(98,45,40,'2017-09-05 15:28:17'),(100,45,40,'2017-09-05 15:28:34'),(102,45,40,'2017-09-05 15:29:28'),(104,45,40,'2017-09-05 15:30:33'),(106,45,40,'2017-09-05 15:30:49'),(108,45,40,'2017-09-05 15:30:55'),(110,45,40,'2017-09-05 15:31:30'),(112,45,40,'2017-09-05 15:32:01'),(114,45,40,'2017-09-05 15:32:02'),(116,45,40,'2017-09-05 15:32:07'),(118,45,40,'2017-09-05 15:32:08'),(120,45,40,'2017-09-05 15:32:08'),(122,45,40,'2017-09-05 15:32:17'),(124,45,40,'2017-09-05 15:32:37'),(126,45,40,'2017-09-05 15:32:37'),(128,45,40,'2017-09-05 15:32:57'),(130,45,40,'2017-09-05 15:33:23'),(132,45,40,'2017-09-05 15:34:00'),(134,45,40,'2017-09-05 15:41:35'),(136,45,40,'2017-09-05 15:51:23'),(138,45,40,'2017-09-05 15:52:10'),(140,45,40,'2017-09-05 15:57:11'),(143,45,40,'2017-09-05 15:58:59'),(145,45,40,'2017-09-05 15:59:12'),(147,45,40,'2017-09-05 16:06:50'),(149,45,40,'2017-09-05 16:07:16'),(151,45,40,'2017-09-05 16:08:43'),(153,45,40,'2017-09-05 16:09:05'),(155,45,40,'2017-09-05 16:09:52'),(157,45,40,'2017-09-05 16:10:12'),(159,45,40,'2017-09-05 16:10:13'),(162,45,40,'2017-09-05 16:12:25'),(164,45,40,'2017-09-05 16:12:44'),(167,45,40,'2017-09-05 16:13:40'),(169,45,40,'2017-09-05 16:14:00'),(171,45,40,'2017-09-05 16:14:16'),(173,45,40,'2017-09-05 16:14:17'),(175,45,40,'2017-09-05 16:14:18'),(177,45,40,'2017-09-05 16:14:37'),(179,45,40,'2017-09-05 16:14:38'),(181,45,40,'2017-09-05 16:15:27'),(183,45,40,'2017-09-05 16:15:51'),(284,58,41,'2017-10-09 12:24:09'),(285,58,41,'2017-10-11 17:35:20'),(286,58,41,'2017-10-11 17:54:55'),(287,58,59,'2017-10-14 11:55:06'),(288,58,59,'2017-10-14 12:32:43'),(289,58,59,'2017-10-14 12:55:01'),(290,58,59,'2017-10-14 13:31:18'),(291,58,59,'2017-10-14 13:34:02'),(292,58,59,'2017-10-14 14:26:54'),(293,58,59,'2017-10-14 15:07:48'),(294,58,59,'2017-10-14 16:03:28'),(295,58,59,'2017-10-14 16:09:44'),(296,58,59,'2017-10-14 16:16:45'),(297,68,59,'2017-10-14 16:24:58'),(298,68,59,'2017-10-14 16:30:56'),(299,68,59,'2017-10-14 17:57:29'),(300,45,39,'2017-11-10 12:35:04'),(301,45,39,'2017-11-13 10:00:53'),(302,45,39,'2017-11-13 13:51:22'),(303,45,39,'2017-11-13 14:00:09'),(304,45,39,'2017-11-14 17:35:45'),(305,58,38,'2017-11-22 13:20:25'),(306,45,39,'2017-11-28 18:41:24'),(309,45,39,'2017-11-29 11:23:19'),(310,45,39,'2017-11-29 11:24:02'),(311,45,39,'2017-12-02 11:58:58'),(312,45,39,'2017-12-04 15:20:17'),(313,45,39,'2017-12-04 15:21:47'),(314,45,41,'2018-09-17 14:15:14'),(315,45,41,'2018-11-02 17:53:00'),(316,130,124,'2019-10-16 22:27:57'),(317,130,124,'2019-10-16 22:34:45'),(318,4,124,'2019-10-16 22:37:08'),(319,4,124,'2019-10-16 22:45:26'),(320,4,124,'2019-10-16 22:47:40'),(321,4,124,'2019-10-16 22:49:14'),(322,4,124,'2019-10-16 22:51:05'),(323,4,124,'2019-10-16 22:55:21'),(324,4,124,'2019-10-16 22:56:05'),(325,4,124,'2019-10-16 22:58:54'),(326,4,124,'2019-10-16 22:59:39'),(327,4,124,'2019-10-16 23:00:04'),(328,4,124,'2019-10-16 23:00:34'),(329,4,124,'2019-10-16 23:01:04'),(330,4,124,'2019-10-16 23:01:21'),(331,4,124,'2019-10-16 23:02:17'),(332,130,124,'2019-10-16 23:09:59'),(333,4,124,'2019-10-18 21:38:14'),(334,141,124,'2019-10-20 19:03:15'),(335,130,124,'2019-10-23 11:37:28'),(336,141,124,'2019-10-23 11:39:48'),(337,141,124,'2019-10-23 12:08:13'),(338,141,124,'2019-10-23 12:11:00'),(339,141,124,'2019-10-23 12:14:24'),(340,141,124,'2019-10-23 14:39:23'),(341,141,124,'2019-10-23 14:43:24'),(342,4,39,'2019-10-23 16:16:58'),(343,4,39,'2019-10-23 17:06:30'),(344,4,39,'2019-10-23 17:12:32'),(345,4,124,'2019-10-23 18:08:21'),(346,4,124,'2019-10-23 21:08:32'),(347,4,124,'2019-10-23 22:38:45'),(350,141,124,'2019-10-24 16:32:59'),(351,130,129,'2019-10-24 18:49:44'),(352,130,124,'2019-10-30 14:07:41'),(353,130,124,'2019-10-30 14:29:03'),(354,4,124,'2019-10-31 16:58:53'),(355,131,124,'2019-10-31 21:54:00'),(356,131,124,'2019-10-31 22:27:15'),(357,131,124,'2019-10-31 22:36:56'),(358,131,124,'2019-10-31 22:46:16'),(359,130,124,'2019-11-05 20:25:33');
/*!40000 ALTER TABLE `tbl_user_reviews` ENABLE KEYS */;
UNLOCK TABLES;

--
-- Table structure for table `tbl_users`
--

DROP TABLE IF EXISTS `tbl_users`;
/*!40101 SET @saved_cs_client     = @@character_set_client */;
/*!40101 SET character_set_client = utf8 */;
CREATE TABLE `tbl_users` (
  `id` int(11) NOT NULL AUTO_INCREMENT,
  `restaurant_id` int(11) NOT NULL,
  `delivery_person_id` int(11) NOT NULL,
  `facebook_user_id` varchar(255) NOT NULL,
  `gmail_id` varchar(255) NOT NULL,
  `first_name` varchar(255) CHARACTER SET utf8 DEFAULT NULL,
  `last_name` varchar(255) CHARACTER SET utf8 DEFAULT NULL,
  `email_address` varchar(255) CHARACTER SET utf8 NOT NULL,
  `password` varchar(255) CHARACTER SET utf8 NOT NULL,
  `profile_image` varchar(255) CHARACTER SET utf8 DEFAULT NULL,
  `contact` varchar(255) CHARACTER SET utf8 DEFAULT NULL,
  `country_id` int(11) DEFAULT NULL,
  `address` varchar(255) CHARACTER SET utf8 DEFAULT NULL,
  `city` int(10) NOT NULL,
  `area` int(10) NOT NULL,
  `deliver_to` text NOT NULL,
  `forget_password_status` tinyint(1) NOT NULL DEFAULT '0',
  `activation_status` tinyint(1) NOT NULL DEFAULT '0',
  `approve_status` tinyint(1) NOT NULL COMMENT 'used to check admin approval',
  `last_login_ip` varchar(50) CHARACTER SET utf8 NOT NULL,
  `online_status` tinyint(1) NOT NULL,
  `availability` enum('0','1') NOT NULL,
  `user_type` enum('Customer','Restaurant','Cuisine','Courier','KitchenStaff','DeliveryPerson') CHARACTER SET utf8 NOT NULL,
  `slug` varchar(255) CHARACTER SET utf8 NOT NULL,
  `lastupdate` date NOT NULL,
  `created` datetime NOT NULL,
  `modified` datetime NOT NULL,
  `paypal_email_address` varchar(255) DEFAULT NULL,
  `unique_name` varchar(255) DEFAULT NULL,
  `status` tinyint(1) NOT NULL,
  `mark_default` tinyint(1) NOT NULL DEFAULT '0',
  `device_id` varchar(255) DEFAULT NULL,
  `device_type` varchar(255) DEFAULT NULL,
  `language` varchar(50) DEFAULT NULL,
  `featured` int(10) NOT NULL DEFAULT '0',
  `plan_id` int(10) NOT NULL DEFAULT '0',
  `expiry_date` datetime DEFAULT NULL,
  `is_busy` enum('0','1') NOT NULL,
  `paypal_username` varchar(255) DEFAULT NULL,
  `paypal_password` varchar(255) DEFAULT NULL,
  `paypal_signature` varchar(255) DEFAULT NULL,
  `food_category` int(11) NOT NULL,
  PRIMARY KEY (`id`)
) ENGINE=InnoDB AUTO_INCREMENT=157 DEFAULT CHARSET=latin1;
/*!40101 SET character_set_client = @saved_cs_client */;

--
-- Dumping data for table `tbl_users`
--

LOCK TABLES `tbl_users` WRITE;
/*!40000 ALTER TABLE `tbl_users` DISABLE KEYS */;
INSERT INTO `tbl_users` VALUES (3,0,0,'','','Liholiho Yacht Club',NULL,'foodorderss001@gmail.com','d85c3838aa34c8bbfba0594f4c90b579','1498814239liho_pchang-3-0.jpg','1213658745',NULL,'871 Sutter St',43,56,'56,57,59',0,1,1,'',0,'0','Restaurant','zero-1498566685','0000-00-00','2017-06-28 12:35:31','0000-00-00 00:00:00',NULL,NULL,1,0,NULL,NULL,NULL,0,0,NULL,'0',NULL,NULL,NULL,0),(4,0,0,'','','Kunika','Mathur','foodorderss002@gmail.com','d85c3838aa34c8bbfba0594f4c90b579','','4587458745',NULL,'699 Jackson St',43,56,'',0,1,1,'',0,'0','Customer','zero-1498624791','0000-00-00','2017-06-28 06:40:12','0000-00-00 00:00:00',NULL,NULL,1,0,'123','iPhone','',0,0,NULL,'0',NULL,NULL,NULL,0),(5,0,0,'','','Travis','Walker','foodorderss003@gmail.com','d85c3838aa34c8bbfba0594f4c90b579','1499863364Cyberpaul.jpg','4587963256',NULL,'4063 18th St',43,55,'',0,1,1,'',0,'0','Customer','zero-1498625071','0000-00-00','2017-06-28 06:44:31','0000-00-00 00:00:00',NULL,NULL,1,0,NULL,NULL,NULL,0,0,NULL,'0',NULL,NULL,NULL,0),(7,0,0,'','','Chris','Harrington','foodorderss005@gmail.com','d85c3838aa34c8bbfba0594f4c90b579','','1254789874',NULL,'',0,0,'',0,1,1,'',0,'0','Courier','zero-1498653355','0000-00-00','2017-06-28 14:35:55','0000-00-00 00:00:00',NULL,NULL,1,0,NULL,NULL,NULL,0,0,NULL,'0',NULL,NULL,NULL,0),(8,0,0,'','','Chris','Angle','foodorderss006@gmail.com','d85c3838aa34c8bbfba0594f4c90b579','','125458787',NULL,'',0,0,'',0,1,1,'',0,'0','Courier','zero-1498712110','0000-00-00','2017-06-29 06:55:10','0000-00-00 00:00:00',NULL,NULL,1,0,NULL,NULL,NULL,0,0,NULL,'0',NULL,NULL,NULL,0),(9,0,0,'','','Nopa',NULL,'foodorderss007@gmail.com','d85c3838aa34c8bbfba0594f4c90b579','1498808344slide_243737_1352519_free.jpg','4158648643',NULL,'560 Divisadero St',43,62,'56,62',0,1,1,'',0,'0','Restaurant','zero-1498808344','0000-00-00','2017-06-30 09:39:04','0000-00-00 00:00:00',NULL,NULL,1,0,NULL,NULL,NULL,0,0,NULL,'0',NULL,NULL,NULL,0),(10,0,0,'','','a Mano',NULL,'foodorderss008@gmail.com','d85c3838aa34c8bbfba0594f4c90b579','1499228903AMano_PChang_4319.jpg','4155067401',NULL,'450 Hayes St',43,62,'269,199,54,188,277',0,1,1,'',0,'0','Restaurant','zero-1498808754','0000-00-00','2017-07-05 09:58:23','0000-00-00 00:00:00',NULL,NULL,1,0,NULL,NULL,NULL,0,0,NULL,'0',NULL,NULL,NULL,0),(11,0,0,'','','Loló',NULL,'foodorderss009@gmail.com','d85c3838aa34c8bbfba0594f4c90b579','1498808991Lolo-Pick-340lo.jpg','4156435656',NULL,'974 Valencia St',43,60,'60',0,1,1,'',0,'0','Restaurant','zero-1498808991','0000-00-00','2017-06-30 09:49:51','0000-00-00 00:00:00',NULL,NULL,1,0,NULL,NULL,NULL,0,0,NULL,'0',NULL,NULL,NULL,0),(12,0,0,'','','State Bird Provisions',NULL,'foodorderss0010@gmail.com','d85c3838aa34c8bbfba0594f4c90b579','150574141715b-restaurant-wagrainerhof2_01.jpg','4157951272',NULL,'1529 Fillmore St',43,54,'57',0,1,1,'',0,'0','Restaurant','zero-1498809192','0000-00-00','2017-06-30 09:53:12','0000-00-00 00:00:00',NULL,NULL,1,0,NULL,NULL,NULL,0,0,NULL,'0',NULL,NULL,NULL,0),(14,0,0,'','','Tacorea',NULL,'foodorderss0011@gmail.com','d85c3838aa34c8bbfba0594f4c90b579','1505738714ef3f36f4fc07b7a6879ffe2789b7a2cd.jpg','4158851325',NULL,'809 Bush St',43,59,'54',0,1,1,'',0,'0','Restaurant','zero-1498809640','0000-00-00','2017-06-30 10:00:40','0000-00-00 00:00:00',NULL,NULL,1,0,NULL,NULL,NULL,0,0,NULL,'0',NULL,NULL,NULL,0),(15,0,0,'','','Derm Restaurant',NULL,'foodorderss0012@gmail.com','d85c3838aa34c8bbfba0594f4c90b579','1505738367be7b8a73a7f2d62980f385bce2d2e974.jpg','4153793549',NULL,'3226 Geary Blvd',43,56,'60',0,1,1,'',0,'0','Restaurant','zero-1498809838','0000-00-00','2017-07-01 06:38:26','0000-00-00 00:00:00',NULL,NULL,1,0,NULL,NULL,NULL,0,0,NULL,'0',NULL,NULL,NULL,0),(16,0,0,'','','Marufuku Ramen',NULL,'foodorderss0013@gmail.com','d85c3838aa34c8bbfba0594f4c90b579','1505737828main-3127181.jpg','4158729786',NULL,'1581 Webster St',43,60,'54',0,1,1,'',0,'0','Restaurant','zero-1498811914','0000-00-00','2017-06-30 10:38:34','0000-00-00 00:00:00',NULL,NULL,1,0,NULL,NULL,NULL,0,0,NULL,'0',NULL,NULL,NULL,0),(17,0,0,'','','Hogwash',NULL,'foodorderss0014@gmail.com','d85c3838aa34c8bbfba0594f4c90b579','1505736519dining_baltimore_03.jpg','4153615500',NULL,'582 Sutter St',43,54,'54,58',0,1,1,'',0,'0','Restaurant','zero','0000-00-00','2017-06-30 10:40:41','0000-00-00 00:00:00',NULL,NULL,1,0,NULL,NULL,NULL,0,0,NULL,'0',NULL,NULL,NULL,0),(18,0,0,'','','Girl & the Goat',NULL,'foodorderss0015@gmail.com','d85c3838aa34c8bbfba0594f4c90b579','1505735740Jolly-Thresher-Interior-Design.jpg','3124926262',NULL,'809 W Randolph St b/t Green St & Halsted St \r\nNear West Side, West Loop',44,64,'111,123,112',0,1,1,'',0,'0','Restaurant','zero-1498814526','0000-00-00','2017-07-01 06:38:57','0000-00-00 00:00:00',NULL,NULL,1,0,NULL,NULL,NULL,0,0,NULL,'0',NULL,NULL,NULL,0),(19,0,0,'','','Au Cheval',NULL,'foodorderss0016@gmail.com','d85c3838aa34c8bbfba0594f4c90b579','1505735410restaurant_8.jpg','3129294580',NULL,'809 W Randolph St b/t Green St & Halsted St \r\nNear West Side, West Loop',44,64,'134,56,109',0,1,1,'',0,'0','Restaurant','zero-1498814796','0000-00-00','2017-09-26 16:21:28','0000-00-00 00:00:00',NULL,NULL,1,0,NULL,NULL,NULL,0,0,NULL,'0',NULL,NULL,NULL,0),(20,0,0,'','','La Nonna',NULL,'foodorderss0017@gmail.com','d85c3838aa34c8bbfba0594f4c90b579','1505734236GEROME4.jpg','7732534741',NULL,'3400 N Lawndale Ave',44,69,'134,56,75',0,1,1,'',0,'0','Restaurant','zero-1498815041','0000-00-00','2017-09-16 15:20:52','0000-00-00 00:00:00',NULL,NULL,1,0,NULL,NULL,NULL,0,0,NULL,'0',NULL,NULL,NULL,0),(21,0,0,'','','Lowcountry',NULL,'foodorderss0018@gmail.com','d85c3838aa34c8bbfba0594f4c90b579','1498815336a48ae28ab1f9ad446c53257b4e6d0c1f.jpg','7739969997',NULL,'3343 N Clark St ',44,67,'126,102,74',0,1,1,'',0,'0','Restaurant','zero-1498815336','0000-00-00','2017-09-16 15:22:02','0000-00-00 00:00:00',NULL,NULL,1,0,NULL,NULL,NULL,0,0,NULL,'0',NULL,NULL,NULL,0),(22,0,0,'','','The Crab Pad',NULL,'foodorderss0019@gmail.com','d85c3838aa34c8bbfba0594f4c90b579','1505732187car_kashmir1.jpg','7733608332',NULL,'529 N Milwaukee Ave at Sacramento Ave',44,70,'98,78,63',0,1,1,'',0,'0','Restaurant','zero-1498815476','0000-00-00','2017-09-13 13:08:32','0000-00-00 00:00:00',NULL,NULL,1,0,NULL,NULL,NULL,0,0,NULL,'0',NULL,NULL,NULL,0),(23,0,0,'','','Alinea',NULL,'foodorderss0020@gmail.com','d85c3838aa34c8bbfba0594f4c90b579','1505731260rata_interior-copy.jpg','3128670110',NULL,'1723 N Halsted St',44,68,'111,109,103',0,1,1,'',0,'0','Restaurant','zero-1498815664','0000-00-00','2017-09-18 15:57:35','0000-00-00 00:00:00',NULL,NULL,1,0,NULL,NULL,NULL,0,0,NULL,'0',NULL,NULL,NULL,0),(24,0,0,'','','The Purple Pig',NULL,'foodorderss0021@gmail.com','d85c3838aa34c8bbfba0594f4c90b579','1505727968restaurante2-redimensionado_3.jpg','3124641744',NULL,'500 N Michigan Ave',44,66,'116,88,103',0,1,1,'',0,'0','Restaurant','zero-1498815821','0000-00-00','2017-09-18 15:14:16','0000-00-00 00:00:00',NULL,NULL,1,0,NULL,NULL,NULL,0,0,NULL,'0',NULL,NULL,NULL,0),(25,0,0,'','','Do-Rite Donuts & Chicken',NULL,'foodorderss0022@gmail.com','d85c3838aa34c8bbfba0594f4c90b579','1505726461900x500_3_interior.jpg','3126248878',NULL,'181 N Morgan St',44,64,'134,91,123,62,66,128',0,1,1,'',0,'0','Restaurant','zero-1498816648','0000-00-00','2017-09-18 14:52:20','0000-00-00 00:00:00',NULL,NULL,1,0,NULL,NULL,NULL,0,0,NULL,'0',NULL,NULL,NULL,0),(26,0,0,'','','The Gundis',NULL,'foodorderss0023@gmail.com','d85c3838aa34c8bbfba0594f4c90b579','1505726362900x500_26.jpg','7739048120',NULL,'2909 N Clark St',44,67,'91,102,133',0,1,1,'',0,'0','Restaurant','zero-1498816792','0000-00-00','2017-09-18 14:38:08','0000-00-00 00:00:00',NULL,NULL,1,0,NULL,NULL,NULL,0,0,NULL,'0',NULL,NULL,NULL,0),(27,0,0,'','','The Dearborn',NULL,'foodorderss0024@gmail.com','d85c3838aa34c8bbfba0594f4c90b579','1499251314unnamed.jpg','3123841242',NULL,'145 N Dearborn St',44,64,'56,116,113,73',1,1,1,'',0,'0','Restaurant','zero-1498817104','0000-00-00','2017-09-13 13:09:31','0000-00-00 00:00:00',NULL,NULL,1,0,NULL,NULL,NULL,0,0,NULL,'0',NULL,NULL,NULL,0),(28,0,0,'','','The Spice Room',NULL,'foodorderss0025@gmail.com','d85c3838aa34c8bbfba0594f4c90b579','1505716641buffet-hotel-praia-mar-alexandre-almeida_1.jpg','7733608689',NULL,'2906 W Armitage Ave',44,70,'98,134,116,70',0,1,1,'',0,'0','Restaurant','zero-1499071567','0000-00-00','2017-09-18 12:07:43','0000-00-00 00:00:00',NULL,NULL,1,0,NULL,NULL,NULL,0,0,NULL,'0',NULL,NULL,NULL,0),(29,0,0,'','','Al Volo',NULL,'foodorderss0026@gmail.com','d85c3838aa34c8bbfba0594f4c90b579','1505720608ochre.in_rs.jpg','2027580759',NULL,'1790 Columbia Rd NW',110,140,'258,199,98,135,69,200,108,112,263,244,106',0,1,1,'',0,'0','Restaurant','zero-1499144859','0000-00-00','2017-09-18 13:28:12','0000-00-00 00:00:00',NULL,NULL,1,0,NULL,NULL,NULL,0,0,NULL,'0',NULL,NULL,NULL,0),(30,0,0,'','','Blue Duck Tavern',NULL,'foodorderss0027@gmail.com','d85c3838aa34c8bbfba0594f4c90b579','1505716422indian-restaurant.jpg','2024196755',NULL,'1201 24th St NW',110,161,'260,163,164,238,110,212,161',0,1,1,'',0,'0','Restaurant','zero-1499145277','0000-00-00','2017-09-18 12:33:04','0000-00-00 00:00:00',NULL,NULL,1,0,NULL,NULL,NULL,0,0,NULL,'0',NULL,NULL,NULL,0),(31,0,0,'','','Pennsylvania 6 DC',NULL,'foodorderss0028@gmail.com','d85c3838aa34c8bbfba0594f4c90b579','1505715167proj_kas-6.jpg','2027961600',NULL,'1350 Eye St NW',110,174,'140,258,126,166,168,246,79',0,1,1,'',0,'0','Restaurant','zero-1499145814','0000-00-00','2017-07-04 10:53:34','0000-00-00 00:00:00',NULL,NULL,1,0,NULL,NULL,NULL,0,0,NULL,'0',NULL,NULL,NULL,0),(32,0,0,'','','Old Ebbitt Grill',NULL,'foodorderss0029@gmail.com','d85c3838aa34c8bbfba0594f4c90b579','1505714572proj_kas-2.jpg','2023474800',NULL,'675 15th St NW',110,219,'69,130,143,67,268',0,1,1,'',0,'0','Restaurant','zero-1499146412','0000-00-00','2017-07-04 11:03:32','0000-00-00 00:00:00',NULL,NULL,1,0,NULL,NULL,NULL,0,0,NULL,'0',NULL,NULL,NULL,0),(33,0,0,'','','Tail Up Goat',NULL,'foodorderss0030@gmail.com','d85c3838aa34c8bbfba0594f4c90b579','1505553645Sala Privata - Dining Room View-websize.jpg','2029869600',NULL,'1827 Adams Mill Rd NW',110,140,'140,111,48,57,141,189,82',0,1,1,'',0,'0','Restaurant','zero-1499146759','0000-00-00','2017-09-13 10:02:23','0000-00-00 00:00:00',NULL,NULL,1,0,NULL,NULL,NULL,0,0,NULL,'0',NULL,NULL,NULL,0),(34,0,0,'','','Ashoka Indian Cuisine',NULL,'foodorderss0031@gmail.com','d85c3838aa34c8bbfba0594f4c90b579','1505553549a4735c57cb20a64fd4fb979dc9c8977e.jpg','3054568566',NULL,'295 NW 82nd Ave',133,281,'162,231,229,232,57,188,238',0,1,1,'',0,'0','Restaurant','zero-1499153188','0000-00-00','2017-07-04 12:56:28','0000-00-00 00:00:00',NULL,NULL,1,0,NULL,NULL,NULL,0,0,NULL,'0',NULL,NULL,NULL,0),(35,0,0,'','','Doce Provisions',NULL,'foodorderss0032@gmail.com','d85c3838aa34c8bbfba0594f4c90b579','1505552317BUFFET PRINCIPAL PLAYA (50).jpg','7864520161',NULL,'541 SW 12th Ave ',133,282,'162,280,281,282',0,1,1,'',0,'0','Restaurant','zero-1499153675','0000-00-00','2017-09-13 10:00:51','0000-00-00 00:00:00',NULL,NULL,1,0,NULL,NULL,NULL,0,0,NULL,'0',NULL,NULL,NULL,0),(36,0,0,'','','The Spillover',NULL,'foodorderss0033@gmail.com','d85c3838aa34c8bbfba0594f4c90b579','1505552194712b34c3a38c80d50d601a91fd3c4d4f.jpg','3054565723',NULL,'2911 Grand Avenue #400d',133,273,'269,126,273,99,204,221,68,124',0,1,1,'',0,'0','Restaurant','zero-1499154043','0000-00-00','2017-09-13 17:53:21','0000-00-00 00:00:00',NULL,NULL,1,0,NULL,NULL,NULL,0,0,NULL,'0',NULL,NULL,NULL,0),(37,0,0,'','','WHISK Gourmet Food & Catering',NULL,'foodorderss0034@gmail.com','d85c3838aa34c8bbfba0594f4c90b579','1505552085proj_hol-4 (1).jpg','7862688350',NULL,'7382 SW 56th Ave\r\nSouth Miami',133,274,'162,229,54',0,1,1,'',0,'0','Restaurant','zero-1499154512','0000-00-00','2017-07-04 13:18:32','0000-00-00 00:00:00',NULL,NULL,1,0,NULL,NULL,NULL,0,0,NULL,'0',NULL,NULL,NULL,0),(38,0,0,'','','NIU Kitchen',NULL,'foodorderss0035@gmail.com','d85c3838aa34c8bbfba0594f4c90b579','1505551980475e92520f88c3b00ad4ba76c9405113.jpg','7865425070',NULL,'134 NE 2nd Ave',133,276,'271,276,277',0,1,1,'',0,'0','Restaurant','zero-1499154833','0000-00-00','2017-09-13 10:01:21','0000-00-00 00:00:00',NULL,NULL,1,0,NULL,NULL,NULL,0,1,'2017-10-17 04:16:43','0',NULL,NULL,NULL,0),(39,0,0,'','','Reren',NULL,'foodorderss0036@gmail.com','d85c3838aa34c8bbfba0594f4c90b579','1505551809proj_hol-2.jpg','2022903677',NULL,'817 7th St NW b/t N H St & N I St',59,346,'150,181,137,267,104',1,1,1,'',0,'0','Restaurant','zero-1499231921','0000-00-00','2017-09-13 14:14:33','0000-00-00 00:00:00','bhuvnesh.sharma@logicspice.com',NULL,1,0,'','','',0,1,'2018-12-06 04:49:22','0',NULL,NULL,NULL,0),(40,0,0,'','','Soi 38',NULL,'foodorderss0037@gmail.com','d85c3838aa34c8bbfba0594f4c90b579','1505549060a7010d491528d8bd5d957ad3ecafb42f (1).jpg','2025589215',NULL,'2101 L St NW',110,167,'199,234,56,238,245',0,1,1,'',0,'0','Restaurant','zero-1499233354','0000-00-00','2017-09-16 12:55:27','0000-00-00 00:00:00',NULL,NULL,1,0,NULL,NULL,NULL,0,0,NULL,'0',NULL,NULL,NULL,0),(41,0,0,'','','El Sol Restaurant & Tequileria',NULL,'foodorderss0038@gmail.com','d85c3838aa34c8bbfba0594f4c90b579','149923537620161219_171313.jpg','2028154789',NULL,'1227 11th St NW b/t N M St & N N St',110,148,'259,59,172,144,148,179',0,1,1,'',0,'0','Restaurant','zero-1499235376','0000-00-00','2017-09-13 11:37:10','0000-00-00 00:00:00','bhuvanesh.sharma@logicspice.com',NULL,1,0,NULL,NULL,NULL,0,0,'2017-10-19 12:51:19','0','bhuvanesh.sharma001_api1.logicspice.com','ZVDKLTGJ6NDBLEF8','AFcWxV21C7fd0v3bYYYRCpSSRl31AwLyGCmVrSyhRhr9z8HrPg4vTYwK',0),(43,0,0,'','','Ram',NULL,'comp82@gmail.com','e20f517179e9cd52ae29dae43c121b95','1508913162index.jpg','9898898',NULL,'sd',44,99,'80',0,0,0,'',0,'0','Restaurant','zero-1499772547','0000-00-00','2017-09-04 16:57:40','0000-00-00 00:00:00',NULL,NULL,1,0,NULL,NULL,NULL,0,0,NULL,'0',NULL,NULL,NULL,0),(45,0,0,'','','bhuvanesh','sharma','ashish.kharloya@logicspice.com','e20f517179e9cd52ae29dae43c121b95',NULL,'8989',NULL,'sd',44,85,'',1,1,1,'',0,'0','Customer','zero-1504256369','0000-00-00','2017-09-01 14:29:29','0000-00-00 00:00:00',NULL,NULL,1,0,NULL,NULL,NULL,0,0,NULL,'0',NULL,NULL,NULL,0),(58,0,0,'','','Ajay','Jain','ajay.jain@logicspice.com','e20f517179e9cd52ae29dae43c121b95',NULL,'8058767976',NULL,NULL,10,15,'',0,1,1,'',0,'0','Customer','zero-1505214092','0000-00-00','2017-09-12 16:31:32','0000-00-00 00:00:00',NULL,NULL,1,0,'ajay.jain@logicspice.com','Android','',0,0,NULL,'0',NULL,NULL,NULL,0),(59,0,0,'','','House of People',NULL,'nandkishore.jatoliya@logicspice.com','e20f517179e9cd52ae29dae43c121b95','15089073091505542873home_banner2.png','9509997976',NULL,'Hello@123',44,85,'',0,1,1,'',0,'0','Restaurant','zero-1505278764','0000-00-00','2017-09-13 10:29:24','0000-00-00 00:00:00','alok.tiwari@logicspice.com',NULL,1,0,'nandkishore.jatoliya@logicspice.com','','',0,1,'2017-11-01 02:14:01','0',NULL,NULL,NULL,0),(60,0,0,'','','sd',NULL,'anubhav.test0@gmail.com','e20f517179e9cd52ae29dae43c121b95',NULL,'89898',NULL,'sdasd',44,119,'',0,0,0,'',0,'0','Restaurant','zero-1505712637','0000-00-00','2017-09-18 11:00:37','0000-00-00 00:00:00','bhuvanesh.sharma-facilitator@logicspice.com',NULL,0,0,NULL,NULL,NULL,0,0,NULL,'0',NULL,NULL,NULL,0),(61,0,0,'','','ananya',NULL,'ananya.sharma@logicspice.com','1406679a63c004ef9a2125c3c316a220',NULL,'8545964125',NULL,'gopalpura',44,75,'',0,0,1,'',0,'0','Restaurant','zero-1506415546','0000-00-00','2017-09-26 14:15:46','0000-00-00 00:00:00','ananya.sharma@logicspice.com',NULL,1,0,NULL,NULL,NULL,0,0,NULL,'0',NULL,NULL,NULL,0),(62,0,0,'','','alok',NULL,'alok.tiwari@logicspice.com','e20f517179e9cd52ae29dae43c121b95',NULL,'9529063588',NULL,'Jaipur, Rajasthan, India',133,277,'',0,0,0,'',0,'0','Restaurant','zero-1506601410','0000-00-00','2017-09-28 17:53:30','0000-00-00 00:00:00','alok.tiwari@logicspice.com',NULL,0,0,NULL,NULL,NULL,0,0,NULL,'0',NULL,NULL,NULL,0),(63,0,0,'','','ggf','gfgh','Angiechris@gmail.com','de88e3e4ab202d87754078cbb2df6063',NULL,'4654545465',NULL,'Chicago, IL, United States',43,57,'',0,0,0,'',0,'0','Customer','zero-1507028364','0000-00-00','2017-10-03 16:29:24','0000-00-00 00:00:00',NULL,NULL,0,0,NULL,NULL,NULL,0,0,NULL,'0',NULL,NULL,NULL,0),(64,0,0,'','','kljkhjhj',NULL,'alok.tiwari1@logicspice.com','e20f517179e9cd52ae29dae43c121b95','','9509997976',NULL,'Jaipur, Rajasthan, India',44,99,'',0,1,1,'',0,'0','Restaurant','zero-1507634986','0000-00-00','2017-10-10 17:00:15','0000-00-00 00:00:00','alok.tiwari@logicspice.com',NULL,1,0,NULL,NULL,NULL,0,2,'2017-11-09 05:04:03','0',NULL,NULL,NULL,0),(65,0,0,'','','Largethanlife',NULL,'anand.bisht@logicspice.com','e20f517179e9cd52ae29dae43c121b95',NULL,'12345678',NULL,'Jaipur, Rajasthan, India',44,112,'',0,1,1,'',0,'0','Restaurant','zero-1507695802','0000-00-00','2017-10-11 09:53:22','0000-00-00 00:00:00','pradhan.ashish@logicspice.com',NULL,1,0,NULL,NULL,NULL,0,1,'2017-10-31 09:58:14','0',NULL,NULL,NULL,0),(66,0,0,'','','vikas',NULL,'vikas.sharma@logicspice.com','e20f517179e9cd52ae29dae43c121b95',NULL,'9460984625',NULL,'Jaipur, Odisha, India',44,126,'',0,1,1,'',0,'0','Restaurant','zero-1507698350','0000-00-00','2017-10-11 10:35:50','0000-00-00 00:00:00','pradhan.ashish@logicspice.com',NULL,1,0,NULL,NULL,NULL,0,1,'2017-10-31 11:17:16','0',NULL,NULL,NULL,0),(68,0,0,'','','Ravi','Verma','vaibhav.choudhary@logicspice.com','de88e3e4ab202d87754078cbb2df6063','','8547856985',NULL,'58, Mahavir Colony',133,282,'',0,1,1,'',0,'0','Customer','zero-1507978236','0000-00-00','2017-10-14 16:20:36','0000-00-00 00:00:00',NULL,NULL,1,0,NULL,NULL,NULL,0,0,NULL,'0',NULL,NULL,NULL,0),(72,39,0,'','','Ashish','Kharloya','ashish.kharloya+98@logicspice.com','25d55ad283aa400af464c76d713c07ad',NULL,'45464564654',NULL,NULL,0,0,'',0,1,1,'',0,'0','KitchenStaff','zero-1510211715','0000-00-00','2017-11-09 12:45:15','2017-11-09 12:57:05',NULL,NULL,1,0,'123','iPhone','',0,0,NULL,'0',NULL,NULL,NULL,0),(74,39,0,'','','Madan','Saini','ashish.kharloya+78@logicspice.com','e20f517179e9cd52ae29dae43c121b95',NULL,'7987987987',NULL,NULL,0,0,'',0,1,1,'',0,'0','KitchenStaff','zero-1510218493','0000-00-00','2017-11-09 14:38:13','0000-00-00 00:00:00',NULL,NULL,1,0,NULL,NULL,NULL,0,0,NULL,'0',NULL,NULL,NULL,0),(75,0,0,'','','Grill n Curry',NULL,'ashish.kharloya+13@logicspice.com','e20f517179e9cd52ae29dae43c121b95','1510563063event1111.png','8946817426',NULL,'address',44,117,'',0,1,1,'',0,'0','Restaurant','zero-1510563063','0000-00-00','2017-11-13 14:21:03','0000-00-00 00:00:00',NULL,NULL,1,0,NULL,NULL,NULL,0,0,NULL,'0',NULL,NULL,NULL,0),(76,39,0,'','','Anand Singh Bisht',NULL,'anand.bisht+12@logicspice.com','e20f517179e9cd52ae29dae43c121b95','1510563063event1111.png','8946817426',NULL,'address',44,117,'',0,1,1,'',0,'0','DeliveryPerson','zero-1510563063','0000-00-00','2017-11-13 14:21:03','0000-00-00 00:00:00',NULL,NULL,1,0,'123','iPhone','',0,0,NULL,'0',NULL,NULL,NULL,0),(77,69,0,'','','xcc','cxcx','anand.bisht+981@gmail.com','e20f517179e9cd52ae29dae43c121b95',NULL,'logic',NULL,NULL,0,0,'',0,1,1,'',0,'0','KitchenStaff','zero-1510636897','0000-00-00','2017-11-14 10:51:37','0000-00-00 00:00:00',NULL,NULL,1,0,NULL,NULL,NULL,0,0,NULL,'0',NULL,NULL,NULL,0),(78,69,0,'','','aanad','singh','anand.bisht+65566@logicspice.com','e20f517179e9cd52ae29dae43c121b95',NULL,'logic',NULL,NULL,0,0,'',0,1,1,'',0,'0','KitchenStaff','zero-1510636979','0000-00-00','2017-11-14 10:52:59','0000-00-00 00:00:00',NULL,NULL,1,0,NULL,NULL,NULL,0,0,NULL,'0',NULL,NULL,NULL,0),(79,69,0,'','','aanad','singh','anand.bisht+66@logicspice.com','d1f586b764e332b36199c19eb4abc77d',NULL,'logic',NULL,NULL,0,0,'',0,1,1,'',0,'0','KitchenStaff','zero-1510637160','0000-00-00','2017-11-14 10:56:00','0000-00-00 00:00:00',NULL,NULL,1,0,NULL,NULL,NULL,0,0,NULL,'0',NULL,NULL,NULL,0),(80,69,0,'','','aanad','singh','anand.bisht+6634@logicspice.com','e20f517179e9cd52ae29dae43c121b95',NULL,'logic',NULL,NULL,0,0,'',0,1,1,'',0,'0','KitchenStaff','zero-1510637259','0000-00-00','2017-11-14 10:57:39','0000-00-00 00:00:00',NULL,NULL,1,0,NULL,NULL,NULL,0,0,NULL,'0',NULL,NULL,NULL,0),(81,69,0,'','','aanad','singh','anand.bisht+678@logicspice.com','e20f517179e9cd52ae29dae43c121b95',NULL,'logic',NULL,NULL,0,0,'',0,1,1,'',0,'0','KitchenStaff','zero-1510637335','0000-00-00','2017-11-14 10:58:55','0000-00-00 00:00:00',NULL,NULL,1,0,NULL,NULL,NULL,0,0,NULL,'0',NULL,NULL,NULL,0),(82,69,0,'','','ass sss','aaa','anand.bisht+98@gmail.com','e20f517179e9cd52ae29dae43c121b95',NULL,'logic',NULL,NULL,0,0,'',0,1,1,'',0,'0','KitchenStaff','zero-1510637374','0000-00-00','2017-11-14 10:59:34','0000-00-00 00:00:00',NULL,NULL,1,0,NULL,NULL,NULL,0,0,NULL,'0',NULL,NULL,NULL,0),(85,69,0,'','','vcvc','vcvcv','anand.bisht+134@logicspice.com','e20f517179e9cd52ae29dae43c121b95',NULL,'logic',NULL,NULL,0,0,'',0,1,1,'',0,'0','KitchenStaff','zero-1510638205','0000-00-00','2017-11-14 11:13:25','0000-00-00 00:00:00',NULL,NULL,1,0,NULL,NULL,NULL,0,0,NULL,'0',NULL,NULL,NULL,0),(86,69,0,'','','anand','singh','anand.bisht+112@logicspice.com','e20f517179e9cd52ae29dae43c121b95',NULL,'9460984525',NULL,NULL,0,0,'',0,1,1,'',0,'0','DeliveryPerson','zero-1510638930','0000-00-00','2017-11-14 11:25:30','2017-11-14 11:31:12',NULL,NULL,1,0,NULL,NULL,NULL,0,0,NULL,'0',NULL,NULL,NULL,0),(87,69,0,'','','Hoshiyar','Singh','hoshiyar.singh@logicspice.com','e20f517179e9cd52ae29dae43c121b95',NULL,'946885888',NULL,NULL,0,0,'',1,1,1,'',0,'0','DeliveryPerson','zero-1510639040','0000-00-00','2017-11-14 11:27:20','2017-11-14 11:31:01',NULL,NULL,1,0,'123','iPhone','',0,0,NULL,'0',NULL,NULL,NULL,0),(88,75,0,'','','as','as','ashish.kharloya+9@logicspice.com','e20f517179e9cd52ae29dae43c121b95',NULL,'8946817426',NULL,NULL,0,0,'',0,1,1,'',0,'0','KitchenStaff','zero-1512024783','0000-00-00','2017-11-30 12:23:03','0000-00-00 00:00:00',NULL,NULL,1,0,NULL,NULL,NULL,0,0,NULL,'0',NULL,NULL,NULL,0),(89,75,0,'','','jhj','fgdgdg','dfg@gmail.com','e20f517179e9cd52ae29dae43c121b95',NULL,'1010101010',NULL,NULL,0,0,'',0,1,1,'',0,'0','DeliveryPerson','zero-1512025086','0000-00-00','2017-11-30 12:28:06','0000-00-00 00:00:00',NULL,NULL,1,0,NULL,NULL,NULL,0,0,NULL,'0',NULL,NULL,NULL,0),(90,0,0,'','','Ashish Restaurant',NULL,'ashish.kharloya+69@logicspice.com','e20f517179e9cd52ae29dae43c121b95',NULL,'8946817426',NULL,'adddress',133,270,'',0,0,0,'',0,'0','Restaurant','zero-1513921011','0000-00-00','2017-12-22 11:06:51','0000-00-00 00:00:00','ashish.kharloya@logicspice.com',NULL,0,0,NULL,NULL,NULL,0,0,NULL,'0',NULL,NULL,NULL,0),(91,39,0,'','','a','a','ashish.kharloya+70@logicspice.com','e20f517179e9cd52ae29dae43c121b95',NULL,'12312312312',NULL,NULL,0,0,'',0,1,1,'',0,'0','KitchenStaff','zero-1514357527','0000-00-00','2017-12-27 12:22:07','0000-00-00 00:00:00',NULL,NULL,1,0,NULL,NULL,NULL,0,0,NULL,'0',NULL,NULL,NULL,0),(92,39,0,'','','Ashish','Kharloya','ashish.kharloya+888@logicspice.com','e20f517179e9cd52ae29dae43c121b95',NULL,'8946817426',NULL,NULL,0,0,'',0,1,1,'',0,'0','DeliveryPerson','zero-1514365323','0000-00-00','2017-12-27 14:32:03','0000-00-00 00:00:00',NULL,NULL,1,0,NULL,NULL,NULL,0,0,NULL,'0',NULL,NULL,NULL,0),(93,39,0,'','','Ashish','Kharloya','ashish.kharloya+899@logicspice.com','e20f517179e9cd52ae29dae43c121b95',NULL,'7894567984',NULL,NULL,0,0,'',0,1,1,'',0,'0','DeliveryPerson','zero-1514365448','0000-00-00','2017-12-27 14:34:08','0000-00-00 00:00:00',NULL,NULL,1,0,NULL,NULL,NULL,0,0,NULL,'0',NULL,NULL,NULL,0),(94,39,0,'','','as','as','ashish.kharloya+892@logicspice.com','e20f517179e9cd52ae29dae43c121b95',NULL,'1231231231',NULL,NULL,0,0,'',0,1,1,'',0,'0','DeliveryPerson','zero-1514365610','0000-00-00','2017-12-27 14:36:50','0000-00-00 00:00:00',NULL,NULL,1,0,NULL,NULL,NULL,0,0,NULL,'0',NULL,NULL,NULL,0),(95,0,0,'','','Ashish Restaurant',NULL,'ashish.kharloya+87@logicspice.com','e20f517179e9cd52ae29dae43c121b95',NULL,'8946817426',NULL,'Addres',44,98,'',0,0,1,'',0,'0','Restaurant','zero-1529558299','0000-00-00','2018-06-21 10:48:19','0000-00-00 00:00:00','ashish.kharloya@logicspice.com',NULL,0,0,NULL,NULL,NULL,0,0,NULL,'0',NULL,NULL,NULL,0),(99,0,0,'','','tjo dumpling',NULL,'c.tjokro@gmail.com','2af9b1ba42dc5eb01743e6b3759b6e4b',NULL,'123456789',NULL,'1 george st',144,298,'',1,1,1,'',0,'0','Restaurant','zero-1568630467','0000-00-00','2019-09-16 16:11:07','0000-00-00 00:00:00','chow_jr@hotmail.com',NULL,1,0,NULL,NULL,NULL,0,0,NULL,'0',NULL,NULL,NULL,0),(100,0,0,'','','anilfood',NULL,'anil.moud@logicspice.com','e20f517179e9cd52ae29dae43c121b95',NULL,'55535353534',NULL,'Patrakar Colony',144,298,'',1,1,1,'',0,'0','Restaurant','zero-1568632056','0000-00-00','2019-09-16 16:37:36','0000-00-00 00:00:00','anil.moud@logicspice.com',NULL,1,0,NULL,NULL,NULL,0,0,NULL,'0',NULL,NULL,NULL,0),(102,0,0,'','','Madan','Jangid','madan.jangid@logicspice.com','e20f517179e9cd52ae29dae43c121b95','','6543898686',NULL,'8',144,302,'',0,1,1,'',0,'0','Customer','zero-1568636307','0000-00-00','2019-09-16 17:48:27','0000-00-00 00:00:00',NULL,NULL,1,0,NULL,NULL,NULL,0,0,NULL,'0',NULL,NULL,NULL,0),(103,99,0,'','','Kat','Chef','princesskatii1154@gmail.com','fc42d4cdb57ec49943540af05d3b62e7',NULL,'0123456789',NULL,NULL,0,0,'',0,1,1,'',0,'0','KitchenStaff','zero-1568637983','0000-00-00','2019-09-16 18:16:23','0000-00-00 00:00:00',NULL,NULL,1,0,'','Android','',0,0,NULL,'0',NULL,NULL,NULL,0),(104,99,0,'','','charles','delivery','info@cloud8s.com.au','f72a6016e00b6628b5f2bf05bf7b4e87',NULL,'0123456789',NULL,NULL,0,0,'',0,1,1,'',0,'0','DeliveryPerson','zero-1568638476','0000-00-00','2019-09-16 18:24:36','0000-00-00 00:00:00',NULL,NULL,1,0,NULL,NULL,NULL,0,0,NULL,'0',NULL,NULL,NULL,0),(105,0,0,'','','1st Sipzz Cafe',NULL,'jason@online-order.menu','64ad3b974aacadacc6422f13e390fdf7','15692180321stSipzz-logo.jpg','02123456789',NULL,'22-24 Atchison St, St Leonards NSW 2065',144,305,'',0,1,1,'',0,'0','Restaurant','1st_sipzz_cafe','0000-00-00','2019-09-17 07:54:47','0000-00-00 00:00:00',NULL,NULL,1,0,NULL,NULL,NULL,0,0,NULL,'0',NULL,NULL,NULL,0),(106,0,0,'','','Arya Thai',NULL,'Arya@online-order.menu','64ad3b974aacadacc6422f13e390fdf7','','02123456789',NULL,'shop 22/105 Miller St, North Sydney NSW 2060',144,306,'',0,1,1,'',0,'0','Restaurant','arya','0000-00-00','2019-09-17 08:02:36','0000-00-00 00:00:00',NULL,NULL,1,0,NULL,NULL,NULL,0,0,NULL,'0',NULL,NULL,NULL,0),(107,0,0,'','','Home Espresso',NULL,'Hendy@online-order.menu','64ad3b974aacadacc6422f13e390fdf7','','02123456789',NULL,'3/107 Mount St, North Sydney NSW 2060',144,306,'',0,1,1,'',0,'0','Restaurant','zero-1568687618','0000-00-00','2019-09-17 08:03:38','0000-00-00 00:00:00',NULL,NULL,1,0,NULL,NULL,NULL,0,0,NULL,'0',NULL,NULL,NULL,0),(108,0,0,'','','Waroeng Makan',NULL,'waroeng@online-order.menu','64ad3b974aacadacc6422f13e390fdf7','1569217727WaroengMakan.jpg','021234586789',NULL,'103/7 Railway Street, Chatswood, Sydney',144,307,'',0,1,1,'',0,'0','Restaurant','waroeng','0000-00-00','2019-09-17 16:53:02','0000-00-00 00:00:00','waroeng@online-order.menu',NULL,1,0,NULL,NULL,NULL,0,0,NULL,'0',NULL,NULL,NULL,0),(110,0,0,'','','Charles','T','cl8udsolutions@gmail.com','ed5d512b85e7ba4ae506419a567d7e9e',NULL,'0404666888',NULL,NULL,0,0,'',0,0,1,'',0,'0','Customer','zero-1569023073','0000-00-00','2019-09-21 05:14:33','0000-00-00 00:00:00',NULL,NULL,1,0,'123456','Android','',0,0,NULL,'0',NULL,NULL,NULL,0),(111,0,0,'','','Charles','Cloud','charles@cloud8s.com.au','ed5d512b85e7ba4ae506419a567d7e9e',NULL,'0404666888',NULL,NULL,0,0,'',0,0,0,'',0,'0','Customer','zero-1569023164','0000-00-00','2019-09-21 05:16:04','0000-00-00 00:00:00',NULL,NULL,0,0,'123456','Android','',0,0,NULL,'0',NULL,NULL,NULL,0),(112,0,0,'','','Charles','Hotmail','charlestjokro@hotmail.com','ed5d512b85e7ba4ae506419a567d7e9e',NULL,'0404666888',NULL,NULL,0,0,'',0,0,0,'',0,'0','Customer','zero-1569023250','0000-00-00','2019-09-21 05:17:30','0000-00-00 00:00:00',NULL,NULL,0,0,'123456','Android','',0,0,NULL,'0',NULL,NULL,NULL,0),(113,0,0,'','','1st Sipzz Cafe North Sydney',NULL,'1stsipzz-nsydney@online-order.menu','64ad3b974aacadacc6422f13e390fdf7','15692184691stSipzz-logo.jpg','0200000000',NULL,'157 Walker StNorth Sydney 2060, NSW',144,306,'',0,1,1,'',0,'0','Restaurant','1st_sipzz_cafe_north_sydney','0000-00-00','2019-09-23 11:31:09','0000-00-00 00:00:00','1stsipzz-nsydney@online-order.menu',NULL,1,0,NULL,NULL,NULL,0,0,NULL,'0',NULL,NULL,NULL,0),(114,0,0,'','','Medan Ciak',NULL,'medanciak@online-order.menu','d85c3838aa34c8bbfba0594f4c90b579','1569223251MedanCiak-logo.JPG','0401663326',NULL,'130 Liverpool St, CBD, Sydney, NSW\r\n',144,295,'',0,1,1,'',0,'0','Restaurant','medanciak','0000-00-00','2019-09-23 12:50:51','0000-00-00 00:00:00',NULL,NULL,1,0,NULL,NULL,NULL,0,0,NULL,'0',NULL,NULL,NULL,0),(115,0,0,'','','Opal Coffee Sydney',NULL,'opal-syd@online-order.menu','64ad3b974aacadacc6422f13e390fdf7','1569296815opal coffee logo.jpg','0280641586',NULL,'Suite 2 Ground Floor/19 Hutchinson St, St Peters NSW 2044',144,347,'',0,1,1,'',0,'0','Restaurant','opalcoffeesydney','0000-00-00','2019-09-24 09:18:00','0000-00-00 00:00:00',NULL,NULL,1,0,NULL,NULL,NULL,0,0,NULL,'0',NULL,NULL,NULL,0),(117,0,0,'','','Charles','Hot','charles.tjokro@hotmail.com','25d55ad283aa400af464c76d713c07ad',NULL,'0212345687',NULL,NULL,0,0,'',0,0,0,'',0,'0','Customer','zero-1569372250','0000-00-00','2019-09-25 06:14:10','0000-00-00 00:00:00',NULL,NULL,0,0,'123456','Android','',0,0,NULL,'0',NULL,NULL,NULL,0),(118,0,0,'','','restaurant','one','rest1@online-order.menu','64ad3b974aacadacc6422f13e390fdf7',NULL,'0404000000',NULL,'18 hutchinson st',144,347,'',0,0,1,'',0,'0','Customer','zero-1569761484','0000-00-00','2019-09-29 18:21:24','0000-00-00 00:00:00',NULL,NULL,1,0,NULL,NULL,NULL,0,0,NULL,'0',NULL,NULL,NULL,0),(119,0,0,'','','Aslan Coffee',NULL,'aslan@online-order.menu','64ad3b974aacadacc6422f13e390fdf7','1569796677Aslan Coffee.jpg','020000000',NULL,'1 Council St, St Peters NSW 2044',144,347,'',0,1,1,'',0,'0','Restaurant','aslan','0000-00-00','2019-09-30 04:07:57','0000-00-00 00:00:00',NULL,NULL,1,0,NULL,NULL,NULL,0,0,NULL,'0',NULL,NULL,NULL,0),(122,0,0,'','','c8s cafe',NULL,'charles.w.tjokro@hotmail.com','1a3b07b8b61c2c1e1fb7289691adf488',NULL,'0213245798',NULL,'cloud st',144,347,'',0,0,0,'',0,'0','Restaurant','zero-1570365059','0000-00-00','2019-10-06 18:00:59','0000-00-00 00:00:00','cl8udsolutions@gmail.com','c8scafe',0,0,NULL,NULL,NULL,0,0,NULL,'0',NULL,NULL,NULL,0),(123,0,0,'','','tjokro cafe',NULL,'charles.w.tjokro@outlook.com','1a3b07b8b61c2c1e1fb7289691adf488',NULL,'0212345987',NULL,'cloud st',144,307,'',0,1,1,'',0,'0','Restaurant','zero-1570365166','0000-00-00','2019-10-06 18:02:46','0000-00-00 00:00:00','charles.w.tjokro@outlook.com','tjokrocafe',1,0,NULL,NULL,NULL,0,0,NULL,'0',NULL,NULL,NULL,0),(124,0,0,'','','BalanceThai',NULL,'balancethai@online-order.menu','1a3b07b8b61c2c1e1fb7289691adf488','1568589925BalanceThai.JPG','0280687108',NULL,'7/48-50 Ethel street, Seaforth NSW 2092',144,297,'',1,1,1,'',0,'0','Restaurant','balancethai','0000-00-00','2019-09-16 04:55:25','0000-00-00 00:00:00','chow_jr@hotmail.com',NULL,1,0,'','','',0,1,'2019-10-29 08:08:54','0',NULL,NULL,NULL,0),(125,0,0,'','','restaurant one',NULL,'res1@online-order.menu','64ad3b974aacadacc6422f13e390fdf7',NULL,'1987654231',NULL,'test st',44,80,'',0,1,1,'',0,'0','Restaurant','zero-1570439159','0000-00-00','2019-10-07 14:35:59','0000-00-00 00:00:00','res1@online-order.menu','res1',1,0,NULL,NULL,NULL,0,0,NULL,'0',NULL,NULL,NULL,0),(126,0,0,'','','testing',NULL,'testing@gmail.com','e20f517179e9cd52ae29dae43c121b95',NULL,'9874563219',NULL,'jaipur',145,344,'',0,0,0,'',0,'0','Restaurant','zero-1570453471','0000-00-00','2019-10-07 18:34:31','0000-00-00 00:00:00','foodorderss0220@gmail.com','12345',0,0,NULL,NULL,NULL,0,0,NULL,'0',NULL,NULL,NULL,0),(127,39,0,'','','Akshay','Jadhav','akshay.jadhav@logicspice.com','e20f517179e9cd52ae29dae43c121b95',NULL,'128081283',NULL,NULL,0,0,'',0,1,1,'',0,'0','KitchenStaff','zero-1570514457','0000-00-00','2019-10-08 11:30:57','2019-10-08 11:34:02',NULL,NULL,1,0,NULL,NULL,NULL,0,0,NULL,'0',NULL,NULL,NULL,0),(128,39,0,'','','Swapnil','Bhute','swapnil.bhute333@gmail.com','e20f517179e9cd52ae29dae43c121b95',NULL,'23209808',NULL,NULL,0,0,'',0,1,1,'',0,'0','DeliveryPerson','zero-1570514832','0000-00-00','2019-10-08 11:37:12','0000-00-00 00:00:00',NULL,NULL,1,0,NULL,NULL,NULL,0,0,NULL,'0',NULL,NULL,NULL,0),(129,0,0,'','','pendopo',NULL,'pendopo@online-order.menu','fc42d4cdb57ec49943540af05d3b62e7','1570733680PENDOPO LOGO.png','0280409560',NULL,'Shop 8/352 Sussex St, Sydney NSW 2000',144,295,'',0,1,1,'',0,'0','Restaurant','zero-1570519759','0000-00-00','2019-10-08 12:59:19','0000-00-00 00:00:00','pendopo@online-order.menu','pendopo',1,0,NULL,NULL,NULL,0,0,NULL,'0',NULL,NULL,NULL,0),(130,0,0,'','','john','hudson','cus1@online-order.menu','25d55ad283aa400af464c76d713c07ad',NULL,'0404111222',NULL,'91 Liverpool street',144,295,'',0,1,1,'',0,'0','Customer','zero-1570576087','0000-00-00','2019-10-02 00:00:00','0000-00-00 00:00:00',NULL,NULL,1,0,NULL,NULL,NULL,0,0,NULL,'0',NULL,NULL,NULL,0),(131,0,0,'','','john','matthew','cus2@online-order.menu','1a3b07b8b61c2c1e1fb7289691adf488',NULL,'0404222111',NULL,'120 pyrmont st',144,304,'',0,1,1,'',0,'0','Customer','zero-1570576149','0000-00-00','2019-10-09 04:39:09','0000-00-00 00:00:00',NULL,NULL,1,0,NULL,NULL,NULL,0,0,NULL,'0',NULL,NULL,NULL,0),(132,0,0,'','','Enjoy Mie Sydney',NULL,'enjoymie@online-order.menu','64ad3b974aacadacc6422f13e390fdf7','1570733369mie logo.png','0061292618441',NULL,'375 Sussex St, Sydney NSW 2000, Australi',144,295,'',0,1,1,'',0,'0','Restaurant','zero-1570640518','0000-00-00','2019-10-09 22:31:58','0000-00-00 00:00:00','enjoymie@online-order.menu','enjoymie',1,0,NULL,NULL,NULL,0,0,NULL,'0',NULL,NULL,NULL,0),(133,0,0,'','','A\'la Indo',NULL,'alaindo@online-order.menu','64ad3b974aacadacc6422f13e390fdf7','1570688977AlaIndo-logo.JPG','0280544293',NULL,'220 King St, Mascot NSW 2020',144,295,'',0,1,1,'',0,'0','Restaurant','zero-1570688613','0000-00-00','2019-10-10 11:53:33','0000-00-00 00:00:00','alaindo@online-order.menu','alaindo',1,0,NULL,NULL,NULL,0,0,NULL,'0',NULL,NULL,NULL,0),(134,0,0,'','','Bullpen Cafe',NULL,'bullpen@online-order.menu','64ad3b974aacadacc6422f13e390fdf7','1571079946bullpen cafe.jpg','02111222',NULL,'464/480 Kent St, Sydney NSW 2000',144,295,'',0,1,1,'',0,'0','Restaurant','zero-1570999943','0000-00-00','2019-10-14 07:52:23','0000-00-00 00:00:00','bullpen@online-order.menu','bullpencafe',1,0,NULL,NULL,NULL,0,0,NULL,'0',NULL,NULL,NULL,0),(135,0,0,'','','makan',NULL,'makan@online-order.menu','fc42d4cdb57ec49943540af05d3b62e7','1571091577Makan-logo.JPG','421904449537',NULL,'Jozefská 2987/19, 811 06 Bratislava',147,350,'',0,1,1,'',0,'0','Restaurant','zero-1571091195','0000-00-00','2019-10-15 09:13:15','0000-00-00 00:00:00','makan@online-order.menu','makan',1,0,NULL,NULL,NULL,0,0,NULL,'0',NULL,NULL,NULL,0),(136,124,0,'','','driver','one','driver1@online-order.menu','fc42d4cdb57ec49943540af05d3b62e7',NULL,'0404111888',NULL,NULL,0,0,'',0,1,1,'',0,'0','DeliveryPerson','zero-1571116787','0000-00-00','2019-10-15 16:19:47','2019-10-23 11:32:27',NULL,NULL,1,0,'','Android','',0,0,NULL,'0',NULL,NULL,NULL,0),(137,0,0,'','','dan','oom','dan@online-order.menu','1a3b07b8b61c2c1e1fb7289691adf488',NULL,'0404040404',NULL,'1 North Sydney st',144,306,'',0,1,1,'',0,'0','Customer','zero-1571273596','0000-00-00','2019-10-17 11:53:16','0000-00-00 00:00:00',NULL,NULL,1,0,NULL,NULL,NULL,0,0,NULL,'0',NULL,NULL,NULL,0),(138,0,0,'','','eweb a1',NULL,'teamlead@a1professionals.com','bab2f9498a5517df1c4cdd0133ff7b3f',NULL,'78547854',NULL,'mohali',145,344,'',0,1,0,'',0,'0','Restaurant','zero-1571384855','0000-00-00','2019-10-18 18:47:35','0000-00-00 00:00:00','teamlead@gmail.com','eweb',0,0,NULL,NULL,NULL,0,0,NULL,'0',NULL,NULL,NULL,0),(139,0,0,'','','eweb','singh','provider@a1professionals.com','bab2f9498a5517df1c4cdd0133ff7b3f',NULL,'7485498',NULL,'mohali',144,307,'',0,1,1,'',0,'0','Customer','zero-1571385060','0000-00-00','2019-10-18 18:51:00','0000-00-00 00:00:00',NULL,NULL,1,0,NULL,NULL,NULL,0,0,NULL,'0',NULL,NULL,NULL,0),(140,0,0,'','','eweba1new',NULL,'teamleader@a1professionals.com','bab2f9498a5517df1c4cdd0133ff7b3f',NULL,'87547854',NULL,'asdas',59,346,'',0,1,1,'',0,'0','Restaurant','zero-1571386796','0000-00-00','2019-10-18 19:19:56','0000-00-00 00:00:00','teamlead@gmail.com','ewebstore',1,0,NULL,NULL,NULL,0,0,NULL,'0',NULL,NULL,NULL,0),(141,0,0,'','','customer','three','cus3@online-order.menu','1a3b07b8b61c2c1e1fb7289691adf488',NULL,'0404001122',NULL,'1 pyrmont street',144,304,'',0,1,1,'',0,'0','Customer','zero-1571555564','0000-00-00','2019-10-20 18:12:44','0000-00-00 00:00:00',NULL,NULL,1,0,'','Android','',0,0,NULL,'0',NULL,NULL,NULL,0),(142,0,0,'','','Sweet Kat',NULL,'sweetkat@online-order.menu','1a3b07b8b61c2c1e1fb7289691adf488',NULL,'0404001122',NULL,'120 pyrmont street',144,304,'',0,1,0,'',0,'0','Restaurant','zero-1571609673','0000-00-00','2019-10-21 09:14:33','0000-00-00 00:00:00','sweetkat@online-order.menu','sweetkat',0,0,NULL,NULL,NULL,0,0,NULL,'0',NULL,NULL,NULL,0),(143,0,0,'','','John','Doe','babelklmy@gmail.com','ad7bad366b1b8c64403655c2dda7acd5',NULL,'60122981786',NULL,NULL,0,0,'',0,1,1,'',0,'0','Customer','zero-1571711042','0000-00-00','2019-10-22 13:24:02','0000-00-00 00:00:00',NULL,NULL,1,0,'','Android','',0,0,NULL,'0',NULL,NULL,NULL,0),(144,0,0,'','','Eweb',NULL,'qa75741@gmail.com','01718f75a57a706a4d2a88ccd5047b57','1571746136Chrysanthemum.jpg','1234657890',NULL,'mohali india',44,119,'',0,1,1,'',0,'0','Restaurant','zero-1571746136','0000-00-00','2019-10-22 23:31:48','0000-00-00 00:00:00',NULL,'EwebTest',1,0,NULL,NULL,NULL,0,0,NULL,'0',NULL,NULL,NULL,2),(145,124,0,'','','driver','two','driver2@online-order.menu','fc42d4cdb57ec49943540af05d3b62e7',NULL,'4567891352',NULL,NULL,0,0,'',0,1,1,'',0,'0','DeliveryPerson','zero-1571793746','0000-00-00','2019-10-23 12:22:26','2019-10-31 22:00:54',NULL,NULL,1,0,'','Android','',0,0,NULL,'0',NULL,NULL,NULL,0),(146,39,0,'','','karan','singh','karan.singh@logicspice.com','e20f517179e9cd52ae29dae43c121b95',NULL,'9087654321',NULL,NULL,0,0,'',0,1,1,'',0,'0','DeliveryPerson','zero-1571807131','0000-00-00','2019-10-23 16:05:31','0000-00-00 00:00:00',NULL,NULL,1,0,'','Android','',0,0,NULL,'1',NULL,NULL,NULL,0),(147,135,0,'','','driver3','one','driver3@online-order.menu','fc42d4cdb57ec49943540af05d3b62e7',NULL,'123456789',NULL,NULL,0,0,'',0,1,1,'',0,'0','DeliveryPerson','zero-1571834264','0000-00-00','2019-10-23 23:37:44','0000-00-00 00:00:00',NULL,NULL,1,0,'','Android','',0,0,NULL,'1',NULL,NULL,NULL,0),(148,129,0,'','','driver','four','driver4@online-order.menu','fc42d4cdb57ec49943540af05d3b62e7',NULL,'564456132789',NULL,NULL,0,0,'',0,1,1,'',0,'0','DeliveryPerson','zero-1571903439','0000-00-00','2019-10-24 18:50:39','0000-00-00 00:00:00',NULL,NULL,1,0,'','Android','',0,0,NULL,'1',NULL,NULL,NULL,0),(149,0,0,'','','restaurant five',NULL,'res5@online-order.menu','fc42d4cdb57ec49943540af05d3b62e7',NULL,'0404456123',NULL,'1 north sydney',144,306,'',0,0,0,'',0,'0','Restaurant','zero-1572386453','0000-00-00','2019-10-30 09:00:53','0000-00-00 00:00:00','res5@online-order.menu','res5',0,0,NULL,NULL,NULL,0,0,NULL,'0',NULL,NULL,NULL,0),(150,0,0,'','','restaurant six',NULL,'res6@online-order.menu','fc42d4cdb57ec49943540af05d3b62e7',NULL,'123456789',NULL,'1 test st',144,306,'',0,0,0,'',0,'0','Restaurant','zero-1572386572','0000-00-00','2019-10-30 09:02:52','0000-00-00 00:00:00','res6@online-order.menu','res6',0,0,NULL,NULL,NULL,0,0,NULL,'0',NULL,NULL,NULL,0),(151,124,0,'','','Aruna','Paliwal','aruna.driver@mailinator.com','e20f517179e9cd52ae29dae43c121b95',NULL,'9685748596',NULL,NULL,0,0,'',0,1,1,'',0,'0','DeliveryPerson','zero-1572501834','0000-00-00','2019-10-31 17:03:54','0000-00-00 00:00:00',NULL,NULL,1,0,NULL,NULL,NULL,0,0,NULL,'0',NULL,NULL,NULL,0),(152,0,0,'','','Zero1',NULL,'zero1@mailinator.com','79ebc7b996ea04eee32c744e4afb950c','','9649908108',NULL,'16A, Govind Vatika, 10 B Scheme, Triveni Nagar, Gopalpura Bypass, Arjun Nagar',133,280,'',0,1,1,'',0,'0','Restaurant','zero-1572591253','0000-00-00','2019-11-01 17:54:13','0000-00-00 00:00:00',NULL,'zero1',1,0,NULL,NULL,NULL,0,0,NULL,'0',NULL,NULL,NULL,0),(153,0,0,'','','Test','User','testuser@mailinator.com','79ebc7b996ea04eee32c744e4afb950c',NULL,'9660144141',NULL,'F-146A, Swage Farm, Ram Nagar, Govindpuri',133,280,'',0,1,1,'',0,'0','Customer','zero-1572596271','0000-00-00','2019-11-01 19:17:51','0000-00-00 00:00:00',NULL,NULL,1,0,NULL,NULL,NULL,0,0,NULL,'0',NULL,NULL,NULL,0),(154,0,0,'','','Jon','Foley','jfoley110824@yahoo.com','684dfe1b6d31dd03b45c1f792242a705',NULL,'5084794608',NULL,NULL,0,0,'',0,1,1,'',0,'0','Customer','zero-1573169705','0000-00-00','2019-11-08 10:35:05','0000-00-00 00:00:00',NULL,NULL,1,0,'1F1E3E8DE9100BA731D12D06A67C1594BE6B9C26217559AF640E300BE183B76D','iPhone','',0,0,NULL,'0',NULL,NULL,NULL,0),(155,0,0,'','','Tokkyo',NULL,'tokkyo.isyo.2019.207@gmail.com','8fe713ee878bade3f4d91824116418eb',NULL,'0335811101',NULL,NULL,59,346,'',0,0,0,'',0,'0','Restaurant','zero-1575354740','0000-00-00','2019-12-03 17:32:20','0000-00-00 00:00:00','tokkyo.isyo.2019.207@gmail.com',NULL,0,0,'111821389EECDFCD9BED75402EE7FCBF78E804A880EF3A66C2C72663A7FEDB60','iPhone',NULL,0,0,NULL,'0',NULL,NULL,NULL,0),(156,0,0,'','','BalanceThai','Customer One','balancethai-c1@online-order.menu','64ad3b974aacadacc6422f13e390fdf7',NULL,'123456879',NULL,'Ethel st',144,297,'',0,1,1,'',0,'0','Customer','zero-1575602483','0000-00-00','2019-12-06 14:21:23','0000-00-00 00:00:00',NULL,NULL,1,0,'2763AAA987746DDFDAEEB06883F95F3D6F0F1000B52B5B1C1583382FCF055DC2','iPhone','',0,0,NULL,'0',NULL,NULL,NULL,0);
/*!40000 ALTER TABLE `tbl_users` ENABLE KEYS */;
UNLOCK TABLES;

--
-- Table structure for table `tbl_variants`
--

DROP TABLE IF EXISTS `tbl_variants`;
/*!40101 SET @saved_cs_client     = @@character_set_client */;
/*!40101 SET character_set_client = utf8 */;
CREATE TABLE `tbl_variants` (
  `id` int(10) NOT NULL AUTO_INCREMENT,
  `user_id` int(10) NOT NULL,
  `menu_id` int(10) NOT NULL,
  `name` varchar(255) NOT NULL,
  `price` float(20,2) NOT NULL,
  `slug` varchar(255) NOT NULL,
  `status` int(10) NOT NULL DEFAULT '1',
  `parent` int(10) NOT NULL,
  `created` datetime NOT NULL,
  PRIMARY KEY (`id`)
) ENGINE=InnoDB AUTO_INCREMENT=566 DEFAULT CHARSET=latin1;
/*!40101 SET character_set_client = @saved_cs_client */;

--
-- Dumping data for table `tbl_variants`
--

LOCK TABLES `tbl_variants` WRITE;
/*!40000 ALTER TABLE `tbl_variants` DISABLE KEYS */;
INSERT INTO `tbl_variants` VALUES (4,41,188,'fg',400.00,'variant-150573674097',1,0,'2017-09-18 17:42:20'),(5,41,188,'',0.00,'variant-150573674045',1,0,'2017-09-18 17:42:20'),(6,41,188,'fgfg',2000.00,'variant-150573674086',0,1,'2017-09-18 17:42:20'),(7,41,187,'dsfsdfdsf - 2',100.00,'variant-150571830712',1,0,'2017-09-18 12:35:07'),(8,41,187,'dsfsdfdsf',50.00,'variant-150571830769',0,1,'2017-09-18 12:35:07'),(9,41,186,'dsfsdfdsf',100.00,'variant-150554372268',0,1,'2017-09-16 12:05:22'),(10,3,4,'Half',9.00,'variant-150554490468',1,0,'2017-09-16 12:25:04'),(11,3,4,'Tuna Poke',17.00,'variant-150554490455',0,1,'2017-09-16 12:25:04'),(12,3,118,'Romano Bean Katsu',11.20,'variant-150554575210',0,1,'2017-09-16 12:39:12'),(13,40,178,'Kanom Jeen',16.00,'variant-150554697897',0,1,'2017-09-16 12:59:38'),(14,40,177,'Half',9.00,'variant-150554707995',1,0,'2017-09-16 13:01:19'),(15,40,177,'Pad Med Mamuang',16.00,'variant-150554707913',0,1,'2017-09-16 13:01:19'),(16,40,176,'Quater',10.00,'variant-150554716170',1,0,'2017-09-16 13:02:41'),(17,40,176,'Seua Rong Hai',19.00,'variant-150554716114',0,1,'2017-09-16 13:02:41'),(18,40,175,'Gaeng Hang Lay',15.00,'variant-150554720489',0,1,'2017-09-16 13:03:24'),(19,40,174,'Nam Prik Ong',18.00,'variant-150554735695',0,1,'2017-09-16 13:05:56'),(21,39,173,'Reren Seafood Fried Rice',14.00,'variant-157113075528',0,1,'2019-10-15 20:12:35'),(22,39,172,'Half',10.00,'variant-151192885521',1,0,'2017-11-29 09:44:15'),(23,39,172,'Seafood with Beef Soft Bean Curd',18.00,'variant-151192885553',0,1,'2017-11-29 09:44:15'),(24,39,171,'Double Fly Pork Belly',15.00,'variant-151192886170',0,1,'2017-11-29 09:44:21'),(25,39,171,'Half',9.00,'variant-151192886193',1,0,'2017-11-29 09:44:21'),(26,39,171,'Quarter',5.00,'variant-151192886140',1,0,'2017-11-29 09:44:21'),(27,39,170,'Half',10.00,'variant-151193695393',1,0,'2017-11-29 11:59:13'),(28,39,170,'General Tso\'s Bourbon Chicken',14.00,'variant-151193695332',0,1,'2017-11-29 11:59:13'),(29,39,169,'Seaweed Salad',5.00,'variant-150571019146',0,1,'2017-09-18 10:19:51'),(30,38,168,'Half',8.00,'variant-150571037182',1,0,'2017-09-18 10:22:51'),(31,38,168,'WAHOO',15.35,'variant-150571037125',0,1,'2017-09-18 10:22:51'),(32,38,167,'ARRÒS SEC',15.30,'variant-150571051142',0,1,'2017-09-18 10:25:11'),(33,38,166,'ANCHOVIES',12.32,'variant-150571054217',0,1,'2017-09-18 10:25:42'),(34,38,165,'ARRÒS CALDOS ',12.26,'variant-150571057889',0,1,'2017-09-18 10:26:18'),(35,38,164,'Half',6.00,'variant-150571065875',1,0,'2017-09-18 10:27:38'),(36,38,164,'BOQUERÓ',12.50,'variant-150571065849',0,1,'2017-09-18 10:27:38'),(37,37,163,'Half',15.00,'variant-150571085091',1,0,'2017-09-18 10:30:50'),(38,37,163,'Chicken Fried Pork Chop',23.65,'variant-150571085096',0,1,'2017-09-18 10:30:50'),(39,37,162,'Double',22.00,'variant-150571091457',1,0,'2017-09-18 10:31:54'),(40,37,162,'Pan Seared Steak Sandwich',12.23,'variant-150571091473',0,1,'2017-09-18 10:31:54'),(41,37,161,'Fried Green Tomato Stack',13.32,'variant-150571094645',0,1,'2017-09-18 10:32:26'),(42,37,160,' Buttermilk Pancakes',10.23,'variant-150571108096',0,1,'2017-09-18 10:34:40'),(43,37,159,'Huevos Rancheros',13.62,'variant-150571112294',0,1,'2017-09-18 10:35:22'),(44,36,158,'FISH & CHIPS',12.02,'variant-150571154051',0,1,'2017-09-18 10:42:20'),(45,36,157,'Half',12.00,'variant-150571160599',1,0,'2017-09-18 10:43:25'),(46,36,157,'BBQ GATOR RIBS',22.00,'variant-150571160590',0,1,'2017-09-18 10:43:25'),(47,36,156,'Half',10.00,'variant-150571165332',1,0,'2017-09-18 10:44:13'),(48,36,156,'CRISPY SKIN ROTISSERIE CHICKEN',15.32,'variant-150571165317',0,1,'2017-09-18 10:44:13'),(49,36,155,'Half',10.00,'variant-150571171829',1,0,'2017-09-18 10:45:18'),(50,36,155,'Quater',7.00,'variant-150571171844',1,0,'2017-09-18 10:45:18'),(51,36,155,'BUFFALO HEIRLOOM CAULIFLOWER',14.32,'variant-150571171880',0,1,'2017-09-18 10:45:18'),(52,36,154,'JUANITA’S TORTILLA SOUP',6.00,'variant-150571175528',0,1,'2017-09-18 10:45:55'),(53,35,153,'Disco Truffle Fries',12.50,'variant-150571192331',0,1,'2017-09-18 10:48:43'),(54,35,152,'El Churrasco',12.50,'variant-150571196211',0,1,'2017-09-18 10:49:22'),(55,35,151,'Lechon Asado Buns',10.29,'variant-150571199721',0,1,'2017-09-18 10:49:57'),(56,35,150,'Half',12.00,'variant-150571205371',1,0,'2017-09-18 10:50:53'),(57,35,150,'Shisito Peppers',20.00,'variant-150571205360',0,1,'2017-09-18 10:50:53'),(58,35,149,'Crispy Brussels',8.05,'variant-150571208961',0,1,'2017-09-18 10:51:29'),(59,34,148,'Half',6.00,'variant-150571224838',1,0,'2017-09-18 10:54:08'),(60,34,148,'SMOKED LAMB NECK',11.50,'variant-150571224834',0,1,'2017-09-18 10:54:08'),(61,34,147,'GOLDEN TILEFISH',13.32,'variant-150571242614',0,1,'2017-09-18 10:57:06'),(62,34,146,'Half',10.00,'variant-150571245655',1,0,'2017-09-18 10:57:36'),(63,34,146,'LAMB KOFTA',15.50,'variant-150571245665',0,1,'2017-09-18 10:57:36'),(64,34,145,'SHORT RIB DOSA',15.32,'variant-150571248852',0,1,'2017-09-18 10:58:08'),(66,33,123,'Half',9.00,'variant-150571313231',1,0,'2017-09-18 11:08:52'),(67,33,123,'Red Fife Sourdough',16.00,'variant-150571313228',0,1,'2017-09-18 11:08:52'),(68,33,122,'Half',9.00,'variant-150571319895',1,0,'2017-09-18 11:09:58'),(69,33,122,'Seaweed Sourdough',15.00,'variant-150571319854',0,1,'2017-09-18 11:09:58'),(70,33,121,'Garlic Knots',11.00,'variant-150571322780',0,1,'2017-09-18 11:10:27'),(71,33,120,'Grilled Rabbit Sausage',10.00,'variant-150571328565',0,1,'2017-09-18 11:11:25'),(72,33,119,'Double',18.00,'variant-150571342316',1,0,'2017-09-18 11:13:43'),(73,33,119,'Crispy Salt Cod',10.00,'variant-150571342336',0,1,'2017-09-18 11:13:43'),(74,32,128,'Chicken Liver Pâté',9.59,'variant-150571465830',0,1,'2017-09-18 11:34:18'),(75,32,127,'Burrata Crostini',10.29,'variant-150571470688',0,1,'2017-09-18 11:35:06'),(76,32,126,'Jumbo Lump Crab Cake Sliders',14.59,'variant-150571474311',0,1,'2017-09-18 11:35:43'),(77,32,125,'Clams Casino',10.99,'variant-150571479882',0,1,'2017-09-18 11:36:38'),(78,32,124,'Double',20.00,'variant-150571491151',1,0,'2017-09-18 11:38:31'),(79,32,124,'Oysters Rockefeller',12.99,'variant-150571491126',0,1,'2017-09-18 11:38:31'),(80,31,133,'LOUISIANA FRIED OYSTERS',16.98,'variant-150571584119',0,1,'2017-09-18 11:54:01'),(81,31,132,'BEET GAZPACHO',12.50,'variant-150571688782',0,1,'2017-09-18 12:11:27'),(82,31,132,'Half',6.00,'variant-150571688712',1,0,'2017-09-18 12:11:27'),(83,31,131,'Half',9.00,'variant-150571692647',1,0,'2017-09-18 12:12:06'),(84,31,131,'CHARRED SPANISH OCTOPUS',18.50,'variant-150571692666',0,1,'2017-09-18 12:12:06'),(85,31,130,'CRAB CROQUETTES',16.50,'variant-150571698726',0,1,'2017-09-18 12:13:07'),(87,31,129,'YELLOWFIN TUNA TARTARE',18.00,'variant-150571714411',0,1,'2017-09-18 12:15:44'),(90,30,138,'SPICY BRUSSELS SPROUTS',9.00,'variant-150701323743',0,1,'2017-10-03 12:17:17'),(91,30,137,'STUFFED PIQUILLO PEPPERS',12.00,'variant-150571876371',0,1,'2017-09-18 12:42:43'),(92,30,136,'VEGETABLE TIAN',12.00,'variant-150571883261',0,1,'2017-09-18 12:43:52'),(93,30,135,'ROCKFISH BOUILLABAISSE',24.00,'variant-150571889725',0,1,'2017-09-18 12:44:57'),(94,30,134,'LAMB SHOULDER',22.00,'variant-150571899110',0,1,'2017-09-18 12:46:31'),(96,41,187,'',0.00,'variant-150571830778',1,0,'2017-09-18 12:35:07'),(97,30,137,'Half',1.50,'variant-150571876330',1,0,'2017-09-18 12:42:43'),(98,30,136,'Half',7.00,'variant-150571883225',1,0,'2017-09-18 12:43:52'),(99,29,143,'RIGATONI ALLA SALSICCIA',12.50,'variant-150572055490',0,1,'2017-09-18 13:12:34'),(100,29,142,'FETTUCCINE ALL AMATRICIANA',15.00,'variant-150572167037',0,1,'2017-09-18 13:31:10'),(101,29,141,'FETTUCCINE BOLOGNESE',15.00,'variant-150572174869',0,1,'2017-09-18 13:32:28'),(102,29,140,'Half',7.00,'variant-150572374856',1,0,'2017-09-18 14:05:48'),(103,29,140,'CAPRESSE D`INVERNO',12.00,'variant-150572374862',0,1,'2017-09-18 14:05:48'),(104,29,139,'Half',9.00,'variant-150572387779',1,0,'2017-09-18 14:07:57'),(105,29,139,'HOUSE ANTIPASTO',16.00,'variant-150572387715',0,1,'2017-09-18 14:07:57'),(106,28,91,'Half',7.00,'variant-150572405394',1,0,'2017-09-18 14:10:53'),(107,28,91,'Quater',4.00,'variant-150572405381',1,0,'2017-09-18 14:10:53'),(108,28,91,'Soya Biryani',12.00,'variant-150572405460',0,1,'2017-09-18 14:10:54'),(109,28,90,'Half',8.00,'variant-150572412840',1,0,'2017-09-18 14:12:08'),(110,28,90,'Quater',5.00,'variant-150572412884',1,0,'2017-09-18 14:12:08'),(111,28,90,'Butter Chicken',15.00,'variant-150572412895',0,1,'2017-09-18 14:12:08'),(112,28,89,'Half',7.00,'variant-150572419866',1,0,'2017-09-18 14:13:18'),(113,28,89,'Malai Kofta',12.00,'variant-150572419871',0,1,'2017-09-18 14:13:18'),(114,28,88,'Half',8.00,'variant-150572431437',1,0,'2017-09-18 14:15:14'),(115,28,88,'Paneer Butter Masala',14.00,'variant-150572431450',0,1,'2017-09-18 14:15:14'),(117,28,87,'Half',8.00,'variant-150572435936',1,0,'2017-09-18 14:15:59'),(118,28,87,'Dal Makhani',12.00,'variant-150572435989',0,1,'2017-09-18 14:15:59'),(120,27,16,'Half',8.00,'variant-150572454113',1,0,'2017-09-18 14:19:01'),(121,27,16,'LAKE SUPERIOR WALLEYE',13.00,'variant-150572454170',0,1,'2017-09-18 14:19:01'),(122,27,15,'Half',9.00,'variant-150572459571',1,0,'2017-09-18 14:19:55'),(123,27,15,'HOUSEMADE PARMESAN GNOCCHI',18.00,'variant-150572459588',0,1,'2017-09-18 14:19:55'),(125,27,14,'Half',11.00,'variant-150572476598',1,0,'2017-09-18 14:22:45'),(126,27,14,'DUNGENESS CRAB SALAD',20.00,'variant-150572476553',0,1,'2017-09-18 14:22:45'),(127,27,13,'Half',8.00,'variant-150572480753',1,0,'2017-09-18 14:23:27'),(128,27,13,'LITTLE GEM \'WEDGE\'',12.00,'variant-150572480761',0,1,'2017-09-18 14:23:27'),(129,27,12,'Half',9.00,'variant-150572485329',1,0,'2017-09-18 14:24:13'),(130,27,12,'LOCAL FARMS SALAD',12.00,'variant-150572485364',0,1,'2017-09-18 14:24:13'),(131,27,11,'Half',10.00,'variant-150572491773',1,0,'2017-09-18 14:25:17'),(132,27,11,'TORCHON OF HUDSON VALLEY FOIE GRAS',16.00,'variant-150572491767',0,1,'2017-09-18 14:25:17'),(133,27,10,'STEAMED MUSSELS',16.00,'variant-150572496418',0,1,'2017-09-18 14:26:04'),(134,27,9,'Half',9.00,'variant-150572501298',1,0,'2017-09-18 14:26:52'),(135,27,9,'THE DEARBORN \'MEZE\' PLATE',16.00,'variant-150572501298',0,1,'2017-09-18 14:26:52'),(136,27,8,'Half',10.00,'variant-150572509920',1,0,'2017-09-18 14:28:19'),(137,27,8,'GRILLED SPANISH OCTOPUS',18.00,'variant-150572509984',0,1,'2017-09-18 14:28:19'),(138,27,7,'Half',10.00,'variant-150572517540',1,0,'2017-09-18 14:29:35'),(139,27,7,'LOCAL BURRATA',17.00,'variant-150572517523',0,1,'2017-09-18 14:29:35'),(140,26,41,'Bakla',4.00,'variant-150572602440',0,1,'2017-09-18 14:43:44'),(142,26,40,'Half',9.00,'variant-150572612057',1,0,'2017-09-18 14:45:20'),(143,26,40,'Sheik Babani',16.00,'variant-150572612046',0,1,'2017-09-18 14:45:20'),(144,26,39,'Half',8.00,'variant-150572618849',1,0,'2017-09-18 14:46:28'),(145,26,39,'Vegetarian Dolma',12.00,'variant-150572618832',0,1,'2017-09-18 14:46:28'),(146,26,38,'Half',9.00,'variant-150572624368',1,0,'2017-09-18 14:47:23'),(147,26,38,'Kubey Sawar',12.50,'variant-150572624372',0,1,'2017-09-18 14:47:23'),(148,26,37,'Garbanzo bean Shilla',10.50,'variant-150572628419',0,1,'2017-09-18 14:48:04'),(149,26,37,'Half',5.00,'variant-150572628412',1,0,'2017-09-18 14:48:04'),(150,25,26,'Box(10 Pcs)',11.00,'variant-150572671873',1,0,'2017-09-18 14:55:18'),(151,25,26,'Vanilla Bean Glazed Donut',1.44,'variant-150572671842',0,1,'2017-09-18 14:55:18'),(152,25,25,'Box(12 Pcs)',11.00,'variant-150572677592',1,0,'2017-09-18 14:56:15'),(153,25,25,'Chocolate Old Fashioned Donut',1.66,'variant-150572677555',0,1,'2017-09-18 14:56:15'),(154,25,24,'Box(10 Pcs)',10.00,'variant-150572693515',1,0,'2017-09-18 14:58:55'),(155,25,24,'Cinnamon Old Fashioned Donut',1.43,'variant-150572693546',0,1,'2017-09-18 14:58:55'),(156,25,23,'Box(10 Pcs)',10.00,'variant-150572699062',1,0,'2017-09-18 14:59:50'),(157,25,23,'Buttermilk Old Fashioned Donut',1.45,'variant-150572699029',0,1,'2017-09-18 14:59:50'),(158,25,22,'THE 31ST STREET BURGER',11.00,'variant-150572765475',0,1,'2017-09-18 15:10:54'),(159,25,21,'FRIED CHICKEN SANDWICH',7.00,'variant-150572724752',0,1,'2017-09-18 15:04:07'),(160,25,20,'THE SOUTHERN BURGER',12.00,'variant-150572730483',0,1,'2017-09-18 15:05:04'),(161,25,19,'CHICKEN TENDERS',16.00,'variant-150572736795',0,1,'2017-09-18 15:06:07'),(162,25,18,'Double',10.00,'variant-150572752866',1,0,'2017-09-18 15:08:48'),(163,25,18,'THE SWEET HEAT',5.00,'variant-150572752837',0,1,'2017-09-18 15:08:48'),(164,25,17,'Half',7.00,'variant-150572758643',1,0,'2017-09-18 15:09:46'),(165,25,17,'APPLEWOOD SMOKED BACON',12.00,'variant-150572758616',0,1,'2017-09-18 15:09:46'),(166,24,36,'VEGGIE QUESADILLA ',12.00,'variant-150572802898',0,1,'2017-09-18 15:17:08'),(167,24,35,'THE FAT CLUB SANDWICH',14.00,'variant-150572818358',0,1,'2017-09-18 15:19:43'),(168,24,34,'PORK BELLY PANCAKE',16.00,'variant-150572823841',0,1,'2017-09-18 15:20:38'),(169,24,33,'TONKATSU',12.00,'variant-150572829769',0,1,'2017-09-18 15:21:37'),(170,24,32,'Half',8.00,'variant-150572834836',1,0,'2017-09-18 15:22:28'),(171,24,32,'GRILLED CHEESE',14.00,'variant-150572834865',0,1,'2017-09-18 15:22:28'),(172,24,31,'Half',8.00,'variant-150573018887',1,0,'2017-09-18 15:53:08'),(173,24,31,'FISH TOSTADAS ',12.00,'variant-150573018868',0,1,'2017-09-18 15:53:08'),(174,24,30,'PORK CEMITAS',11.00,'variant-150573022950',0,1,'2017-09-18 15:53:49'),(175,24,29,'REUBEN',12.00,'variant-150573026788',0,1,'2017-09-18 15:54:27'),(176,24,28,'OMELETTE OF THE DAY',12.00,'variant-150573031116',0,1,'2017-09-18 15:55:11'),(177,24,27,'CREOLE CRAB CRUMPETS',18.00,'variant-150573037159',0,1,'2017-09-18 15:56:11'),(178,23,46,'Seared Ahi Tuna',1.43,'variant-150573095650',0,1,'2017-09-18 16:05:56'),(179,23,45,'Half',8.00,'variant-150573099935',1,0,'2017-09-18 16:06:39'),(180,23,45,'Salt Cured Foie Gras Torchon',12.00,'variant-150573099971',0,1,'2017-09-18 16:06:39'),(181,23,44,'Treviso and Romaine Salad',1.43,'variant-150573104758',0,1,'2017-09-18 16:07:27'),(182,23,43,'Risotto',12.50,'variant-150573111658',0,1,'2017-09-18 16:08:36'),(183,23,43,'Half',6.00,'variant-150573111618',1,0,'2017-09-18 16:08:36'),(184,23,42,'Spring Onion Soup',6.00,'variant-150573117129',0,1,'2017-09-18 16:09:31'),(185,22,51,'Half',8.00,'variant-150573227483',1,0,'2017-09-18 16:27:54'),(186,22,51,'Heirloom Cherry Tomato ',12.00,'variant-150573227494',0,1,'2017-09-18 16:27:54'),(187,22,50,'Herb Onion Bread',12.50,'variant-150573230959',0,1,'2017-09-18 16:28:29'),(188,22,49,'Half',10.00,'variant-150573265390',1,0,'2017-09-18 16:34:13'),(189,22,49,'Beef Carpaccio ',14.00,'variant-150573265353',0,1,'2017-09-18 16:34:13'),(190,22,48,'Half',8.00,'variant-150573301638',1,0,'2017-09-18 16:40:16'),(191,22,48,'Dungeness Crab Arancini ',14.00,'variant-150573301634',0,1,'2017-09-18 16:40:16'),(192,22,47,'Half',10.00,'variant-150573310358',1,0,'2017-09-18 16:41:43'),(193,22,47,'Marinated Castelvetrano Olives',14.00,'variant-150573310379',0,1,'2017-09-18 16:41:43'),(194,41,188,'',0.00,'variant-150573674058',1,0,'2017-09-18 17:42:20'),(195,21,56,'Half',9.00,'variant-150573340819',1,0,'2017-09-18 16:46:48'),(196,21,56,'Horseradish Crusted Salmon Medallion',19.00,'variant-150573340816',0,1,'2017-09-18 16:46:48'),(197,21,55,'Pan Seared Scallops',16.00,'variant-150573346993',0,1,'2017-09-18 16:47:49'),(198,21,54,'Half',10.00,'variant-150573352133',1,0,'2017-09-18 16:48:41'),(199,21,54,'Pan Seared Bass',15.00,'variant-150573352116',0,1,'2017-09-18 16:48:41'),(200,21,53,'Half',10.00,'variant-150573355634',1,0,'2017-09-18 16:49:16'),(201,21,53,'Coriander, Black Pepper and Rosemary Crusted Tuna',17.00,'variant-150573355690',0,1,'2017-09-18 16:49:16'),(202,21,52,'Branzini',13.00,'variant-150573359221',0,1,'2017-09-18 16:49:52'),(203,20,61,'Half',6.00,'variant-150573429623',1,0,'2017-09-18 17:01:36'),(204,20,61,'Roasted Pork Tenderloin',11.00,'variant-150573429634',0,1,'2017-09-18 17:01:36'),(205,20,59,' Juniper Crusted Bison',12.00,'variant-150573433121',0,1,'2017-09-18 17:02:11'),(206,20,58,'Half',10.00,'variant-150573437039',1,0,'2017-09-18 17:02:50'),(207,20,58,'Seared Filet of Beef',14.00,'variant-150573437049',0,1,'2017-09-18 17:02:50'),(208,20,57,'Half',8.00,'variant-150573454154',1,0,'2017-09-18 17:05:41'),(209,20,57,'Herb Crusted Loin of Lamb',14.00,'variant-150573454116',0,1,'2017-09-18 17:05:41'),(210,20,60,'Roasted Quail Stuffed',12.50,'variant-150573458043',0,1,'2017-09-18 17:06:20'),(211,19,66,'Half',9.00,'variant-150573483945',1,0,'2017-09-18 17:10:39'),(212,19,66,'Griddled Bratwurst',13.95,'variant-150573483937',0,1,'2017-09-18 17:10:39'),(213,19,65,'Half',10.00,'variant-150573487453',1,0,'2017-09-18 17:11:14'),(214,19,65,'General Jane’s Honey-Fried Chicken',17.00,'variant-150573487474',0,1,'2017-09-18 17:11:14'),(215,19,64,'Half',6.00,'variant-150573506169',1,0,'2017-09-18 17:14:21'),(216,19,64,'Chili Con Carne',9.95,'variant-150573506142',0,1,'2017-09-18 17:14:21'),(217,19,63,'Half',6.00,'variant-150573525569',1,0,'2017-09-18 17:17:35'),(218,19,63,'Raw Vegetable Salad',10.95,'variant-150573525550',0,1,'2017-09-18 17:17:35'),(219,19,62,'Half',6.00,'variant-150573538233',1,0,'2017-09-18 17:19:42'),(220,19,62,'Chopped Chicken Liver',11.95,'variant-150573538229',0,1,'2017-09-18 17:19:42'),(221,18,71,'Half',5.00,'variant-150573555222',1,0,'2017-09-18 17:22:32'),(222,18,71,'Pan Roasted Halibut',11.00,'variant-150573555266',0,1,'2017-09-18 17:22:32'),(223,18,70,'Half',6.00,'variant-150573561784',1,0,'2017-09-18 17:23:37'),(224,18,70,'Seared Diver Scallops',11.56,'variant-150573561766',0,1,'2017-09-18 17:23:37'),(225,18,69,'Half',6.00,'variant-150573565578',1,0,'2017-09-18 17:24:15'),(226,18,69,'Calamari Bruschetta',12.00,'variant-150573565539',0,1,'2017-09-18 17:24:15'),(227,18,68,'Half',6.00,'variant-150573568759',1,0,'2017-09-18 17:24:47'),(228,18,68,'Escargot Ravioli',16.00,'variant-150573568728',0,1,'2017-09-18 17:24:47'),(229,18,67,'Hamachi Crudo',14.00,'variant-150573571614',0,1,'2017-09-18 17:25:16'),(230,17,76,'Half',10.00,'variant-150573658852',1,0,'2017-09-18 17:39:48'),(231,17,76,'HIRAMASA CRUDO',23.00,'variant-150573658840',0,1,'2017-09-18 17:39:48'),(232,17,75,'BURGER + FRIES',14.00,'variant-150573663994',0,1,'2017-09-18 17:40:39'),(233,17,74,'Half',10.00,'variant-150573754713',1,0,'2017-09-18 17:55:47'),(234,17,74,'IMPERIAL WAGYU NEW YORK',12.50,'variant-150573754777',0,1,'2017-09-18 17:55:47'),(235,17,73,'Half',10.00,'variant-150573758642',1,0,'2017-09-18 17:56:26'),(236,17,73,'ZUCCHINI + SQUASH LASAGNA',14.00,'variant-150573758627',0,1,'2017-09-18 17:56:26'),(237,17,72,'AIRLINE CHICKEN BREAST',25.00,'variant-150573766673',0,1,'2017-09-18 17:57:46'),(238,16,81,'CHICKEN KARRAGE',12.50,'variant-150573798135',0,1,'2017-09-18 18:03:01'),(239,16,80,'CHASHU BOWL',3.50,'variant-150573802925',0,1,'2017-09-18 18:03:49'),(240,16,79,'Half',6.00,'variant-150573807814',1,0,'2017-09-18 18:04:38'),(241,16,79,'CHICKEN PAITAN',12.50,'variant-150573807858',0,1,'2017-09-18 18:04:38'),(242,16,78,'Half',6.00,'variant-150573819834',1,0,'2017-09-18 18:06:38'),(243,16,78,'HAKATA DX',14.99,'variant-150573819861',0,1,'2017-09-18 18:06:38'),(244,16,77,'Half',4.00,'variant-150573823378',1,0,'2017-09-18 18:07:13'),(245,16,77,' HAKATA TONKOTSU',10.99,'variant-150573823381',0,1,'2017-09-18 18:07:13'),(246,15,86,'Half',6.00,'variant-150573846933',1,0,'2017-09-18 18:11:09'),(247,15,86,'Choo Chee Goong',16.00,'variant-150573846981',0,1,'2017-09-18 18:11:09'),(248,15,85,'Double',22.00,'variant-150573850812',1,0,'2017-09-18 18:11:48'),(249,15,85,'Mu Prik Kang',11.00,'variant-150573850838',0,1,'2017-09-18 18:11:48'),(250,15,84,'Half',8.00,'variant-150573854935',1,0,'2017-09-18 18:12:29'),(251,15,84,'Ka Na Moo Grob',14.00,'variant-150573854956',0,1,'2017-09-18 18:12:29'),(252,15,83,'Half',8.00,'variant-150573859966',1,0,'2017-09-18 18:13:19'),(253,15,83,'Prik Khing Gai',12.00,'variant-150573859932',0,1,'2017-09-18 18:13:19'),(254,15,82,'Gaprow Gai',11.56,'variant-150573862567',0,1,'2017-09-18 18:13:45'),(255,14,96,'Half',6.00,'variant-150573877318',1,0,'2017-09-18 18:16:13'),(256,14,96,'CHEESY QUESADILLA',13.00,'variant-150573877361',0,1,'2017-09-18 18:16:13'),(257,14,95,'Half',6.00,'variant-150573883897',1,0,'2017-09-18 18:17:18'),(258,14,95,'PORK BOWL & FRIED EGG',10.95,'variant-150573883893',0,1,'2017-09-18 18:17:18'),(259,41,189,'asdsadsd',10.00,'variant-150573929984',0,1,'2017-09-18 18:24:59'),(260,41,189,'asdsad',10.00,'variant-150573929999',1,0,'2017-09-18 18:24:59'),(261,12,101,'Lamb Merguez',4.99,'variant-150574016074',0,1,'2017-09-18 18:39:20'),(262,12,100,'Daikon Fries',12.00,'variant-150574022770',0,1,'2017-09-18 18:40:27'),(263,12,99,'Silken Tofu ',12.50,'variant-150574036787',0,1,'2017-09-18 18:42:47'),(264,12,98,'Guinea Hen Dumpling',12.50,'variant-150574041664',0,1,'2017-09-18 18:43:36'),(265,11,106,'Half',8.00,'variant-150574157341',1,0,'2017-09-18 19:02:53'),(266,11,106,'Guacamole',14.00,'variant-150574157326',0,1,'2017-09-18 19:02:53'),(267,11,105,'Half',9.00,'variant-150574161768',1,0,'2017-09-18 19:03:37'),(268,11,105,'Ceviche',16.00,'variant-150574161774',0,1,'2017-09-18 19:03:37'),(269,11,104,'Panko Avocado Taco',11.00,'variant-150574165079',0,1,'2017-09-18 19:04:10'),(270,11,103,'Croissant French Toast',13.65,'variant-150574167996',0,1,'2017-09-18 19:04:39'),(271,11,102,'Kale Salad',12.50,'variant-150574171061',0,1,'2017-09-18 19:05:10'),(272,41,190,'sdasd',10.00,'variant-150582056972',0,1,'2017-09-19 16:59:29'),(273,41,191,'sada',10.00,'variant-150582058240',0,1,'2017-09-19 16:59:42'),(274,41,192,'dasd',10.00,'variant-150667160010',0,1,'2017-09-29 13:23:20'),(275,41,193,'dsfdsfdsf',200.00,'variant-150667091455',0,1,'2017-09-29 13:11:54'),(276,59,194,'chicken changezi',250.00,'variant-150762902998',0,1,'2017-10-10 15:20:29'),(277,59,194,'rumali roti',10.00,'variant-150762902976',1,0,'2017-10-10 15:20:29'),(278,65,195,'sdasa',252.00,'variant-151256179251',0,1,'2017-12-06 17:33:12'),(279,65,196,'xcxcx',125.00,'variant-151357389663',0,1,'2017-12-18 10:41:36'),(280,65,196,'xzxz',12.00,'variant-151357389616',1,0,'2017-12-18 10:41:36'),(281,65,196,'',0.00,'variant-151357389625',1,0,'2017-12-18 10:41:36'),(282,99,197,'Ramen Dumpling',8.00,'variant-156864080010',0,1,'2019-09-16 19:03:20'),(283,99,198,'Cabbage Dumpling',8.00,'variant-156864085812',0,1,'2019-09-16 19:04:18'),(284,105,199,'Bakmi Ayam',15.00,'variant-156869066799',0,1,'2019-09-17 08:54:27'),(285,105,200,'Nasi Goreng',15.00,'variant-156869171849',0,1,'2019-09-17 09:11:58'),(286,108,201,'Nasi Goreng',15.00,'variant-156877066037',0,1,'2019-09-18 07:07:40'),(287,97,202,'Garlic Beef Rice',10.50,'variant-156872196058',0,1,'2019-09-17 17:36:00'),(288,97,203,'Massaman Beef Curry',10.50,'variant-156872696828',0,1,'2019-09-17 18:59:28'),(289,97,204,'Vegetarian Curry Puffs (4 Pieces)',8.90,'variant-156872698876',0,1,'2019-09-17 18:59:48'),(290,108,205,'Mie Goreng',12.00,'variant-156878774517',0,1,'2019-09-18 11:52:25'),(291,108,206,'Kwetiau Goreng',12.00,'variant-156878923069',0,1,'2019-09-18 12:17:10'),(292,108,207,'Bakmi Ayam',12.00,'variant-156878990127',0,1,'2019-09-18 12:28:21'),(293,108,208,'Nasi Padang',12.00,'variant-156888124770',0,1,'2019-09-19 13:50:47'),(294,108,209,'Nasi Rames',12.00,'variant-156888131198',0,1,'2019-09-19 13:51:51'),(295,108,210,'Lontong Sayur',12.00,'variant-156879242288',0,1,'2019-09-18 13:10:22'),(296,108,211,'Ayam Kremes',12.00,'variant-156887959175',0,1,'2019-09-19 13:23:11'),(297,108,212,'Nasi Kuning',12.00,'variant-156888077178',0,1,'2019-09-19 13:42:51'),(298,108,213,'Siomay Bandung',12.00,'variant-156888036261',0,1,'2019-09-19 13:36:02'),(299,108,214,'Batagor',10.00,'variant-156888074830',0,1,'2019-09-19 13:42:28'),(300,108,215,'Ikan ASAM MANIS',17.00,'variant-156893960333',0,1,'2019-09-20 06:03:23'),(301,108,216,'Ikan Goreng Tepung',17.00,'variant-156894289496',0,1,'2019-09-20 06:58:14'),(302,108,217,'Ikan Sambal Ijo',17.00,'variant-156894402581',0,1,'2019-09-20 07:17:05'),(303,108,218,'Ikan Saus Padang',17.00,'variant-156894468523',0,1,'2019-09-20 07:28:05'),(304,108,219,'Cumi Goreng Mentega',17.00,'variant-156894509143',0,1,'2019-09-20 07:34:51'),(305,108,220,'Cumi Goreng Tepung',17.00,'variant-156895136444',0,1,'2019-09-20 09:19:24'),(306,108,221,'Udang Goreng Tauco',17.00,'variant-156895247250',0,1,'2019-09-20 09:37:52'),(307,108,222,'Udang Goreng Saus Padang',17.00,'variant-156895537538',0,1,'2019-09-20 10:26:15'),(308,108,223,'Ayam Kuluyuk',16.00,'variant-156895723922',0,1,'2019-09-20 10:57:19'),(309,108,224,'Ayam Guring Tepung',16.00,'variant-156895739750',0,1,'2019-09-20 10:59:57'),(310,108,225,'Ayam Goreng Mentega',16.00,'variant-156895763448',0,1,'2019-09-20 11:03:54'),(311,108,226,'Ayam Goreng Sambal Ijo',16.00,'variant-156895788315',0,1,'2019-09-20 11:08:03'),(312,108,227,'Ayam Goreng Saus Padang',16.00,'variant-156895812291',0,1,'2019-09-20 11:12:02'),(313,113,228,'Cappucino',3.00,'variant-156921917652',0,1,'2019-09-23 11:42:56'),(314,113,229,'Flat White',3.00,'variant-156921954270',0,1,'2019-09-23 11:49:02'),(315,113,230,'Latte',3.00,'variant-156921957429',0,1,'2019-09-23 11:49:34'),(316,113,231,'Hot Chocolate',3.00,'variant-156921963348',0,1,'2019-09-23 11:50:33'),(317,113,232,'Mocha',3.00,'variant-156921968246',0,1,'2019-09-23 11:51:22'),(318,113,233,'Chai Latte',3.00,'variant-156921987057',0,1,'2019-09-23 11:54:30'),(319,113,234,'Long Black',3.00,'variant-156922016732',0,1,'2019-09-23 11:59:27'),(320,113,235,'Espresso',3.00,'variant-156922022197',0,1,'2019-09-23 12:00:21'),(321,113,236,'Machiatto',3.00,'variant-156922025838',0,1,'2019-09-23 12:00:58'),(322,113,237,'Piccolo',3.00,'variant-156922029861',0,1,'2019-09-23 12:01:38'),(323,113,238,'Tea',3.00,'variant-156922035469',0,1,'2019-09-23 12:02:34'),(324,113,238,'Green Tea',3.00,'variant-156922035473',1,0,'2019-09-23 12:02:34'),(325,113,238,'Black Tea',3.00,'variant-156922035481',1,0,'2019-09-23 12:02:34'),(326,113,238,'Chamomile Tea',3.00,'variant-156922035469',1,0,'2019-09-23 12:02:34'),(327,113,239,'Scramble Egg Wrap',7.50,'variant-156922062695',0,1,'2019-09-23 12:07:06'),(328,113,240,'Juices',6.00,'variant-156922071999',0,1,'2019-09-23 12:08:39'),(329,113,241,'Beef Burger',12.00,'variant-156922097132',0,1,'2019-09-23 12:12:51'),(330,113,242,'Chicken Schnitzel',12.00,'variant-156922109018',0,1,'2019-09-23 12:14:50'),(331,113,243,'Classic Club',12.00,'variant-156922112654',0,1,'2019-09-23 12:15:26'),(332,113,244,'Pulled Pork Burger',12.00,'variant-156922116327',0,1,'2019-09-23 12:16:03'),(333,113,245,'Beef Brisket',9.50,'variant-156922128496',0,1,'2019-09-23 12:18:04'),(334,113,246,'Lamb Shoulder',9.50,'variant-156922137457',0,1,'2019-09-23 12:19:34'),(335,113,246,'Roll',9.50,'variant-156922137457',1,0,'2019-09-23 12:19:34'),(336,113,246,'Wrap',9.50,'variant-156922137474',1,0,'2019-09-23 12:19:34'),(337,113,246,'Salad Box',9.50,'variant-156922137424',1,0,'2019-09-23 12:19:34'),(338,113,246,'Add On with Chips',12.00,'variant-156922137429',1,0,'2019-09-23 12:19:34'),(339,113,247,'Pork Belly',9.50,'variant-156922143377',0,1,'2019-09-23 12:20:33'),(340,113,247,'Roll',9.50,'variant-156922143313',1,0,'2019-09-23 12:20:33'),(341,113,247,'Wrap',9.50,'variant-156922143372',1,0,'2019-09-23 12:20:33'),(342,113,247,'Salad Box',9.50,'variant-156922143360',1,0,'2019-09-23 12:20:33'),(343,113,247,'Add on with chips',12.00,'variant-156922143360',1,0,'2019-09-23 12:20:33'),(344,113,248,'Pulled Pork',9.50,'variant-156922153425',0,1,'2019-09-23 12:22:14'),(345,113,248,'Roll',9.50,'variant-156922153497',1,0,'2019-09-23 12:22:14'),(346,113,248,'Wrap',9.50,'variant-156922153462',1,0,'2019-09-23 12:22:14'),(347,113,248,'Salad Box',9.50,'variant-156922153460',1,0,'2019-09-23 12:22:14'),(348,113,248,'Add on with chips',12.00,'variant-156922153491',1,0,'2019-09-23 12:22:14'),(349,113,249,'Moroccan Chicken',9.50,'variant-156922159616',0,1,'2019-09-23 12:23:16'),(350,113,249,'Roll',9.50,'variant-156922159632',1,0,'2019-09-23 12:23:16'),(351,113,249,'Wrap',9.50,'variant-156922159622',1,0,'2019-09-23 12:23:16'),(352,113,249,'Salad Box',9.50,'variant-156922159625',1,0,'2019-09-23 12:23:16'),(353,113,249,'Add ons with chips',12.00,'variant-156922159633',1,0,'2019-09-23 12:23:16'),(354,113,250,'Tandoori Chicken',9.50,'variant-156922164862',0,1,'2019-09-23 12:24:08'),(355,113,250,'Roll',9.50,'variant-156922164838',1,0,'2019-09-23 12:24:08'),(356,113,250,'Wrap',9.50,'variant-156922164884',1,0,'2019-09-23 12:24:08'),(357,113,250,'Salad Box',9.50,'variant-156922164841',1,0,'2019-09-23 12:24:08'),(358,113,250,'Add ons with chips',12.00,'variant-156922164817',1,0,'2019-09-23 12:24:08'),(359,113,251,'Pulled Chicken',9.50,'variant-156922172547',0,1,'2019-09-23 12:25:25'),(360,113,251,'Roll',9.50,'variant-156922172534',1,0,'2019-09-23 12:25:25'),(361,113,251,'Wrap',9.50,'variant-156922172538',1,0,'2019-09-23 12:25:25'),(362,113,251,'Salad Box',9.50,'variant-156922172515',1,0,'2019-09-23 12:25:25'),(363,113,252,'Grilled Haloumi',9.50,'variant-156922180066',0,1,'2019-09-23 12:26:40'),(364,113,252,'Roll',9.50,'variant-156922180059',1,0,'2019-09-23 12:26:40'),(365,113,252,'Wrap',9.50,'variant-156922180024',1,0,'2019-09-23 12:26:40'),(366,113,252,'Salad Box',9.50,'variant-156922180092',1,0,'2019-09-23 12:26:40'),(367,114,253,'Mie Pangsit Medan',12.00,'variant-156922661552',0,1,'2019-09-23 13:46:55'),(368,114,254,'Medan Cha Kwe Tiau',13.00,'variant-156922658871',0,1,'2019-09-23 13:46:28'),(369,114,255,'Kwetiau Goreng Kangkung Belacan',13.00,'variant-156922655531',0,1,'2019-09-23 13:45:55'),(370,114,256,'Mie Goreng Kangkung Belacan',13.00,'variant-156922643479',0,1,'2019-09-23 13:43:54'),(371,114,257,'Nasi Goreng Babi Pangang',15.00,'variant-156922635017',0,1,'2019-09-23 13:42:30'),(372,114,258,'Nasi Goreng Sambal Balado',13.00,'variant-156922628860',0,1,'2019-09-23 13:41:28'),(373,114,259,'Nasi Goreng Sambal Ijo',13.00,'variant-156922627449',0,1,'2019-09-23 13:41:14'),(374,109,260,'Nutella S\'more',30.00,'variant-156928098777',0,1,'2019-09-24 04:53:07'),(375,109,261,'Faluda',25.00,'variant-156922744188',0,1,'2019-09-23 14:00:41'),(376,109,262,'Cold Sanger',20.00,'variant-156928113499',0,1,'2019-09-24 04:55:34'),(377,109,263,'Hot Sanger',20.00,'variant-156922768697',0,1,'2019-09-23 14:04:46'),(378,109,264,'Ebi Pangko',38.00,'variant-156922796551',0,1,'2019-09-23 14:09:25'),(379,109,265,'Kopi Pandan',20.00,'variant-156923103921',0,1,'2019-09-23 15:00:39'),(380,109,266,'Kopi Gula Aren',20.00,'variant-156923108831',0,1,'2019-09-23 15:01:28'),(381,109,267,'Choco Cookies & Cream',45.00,'variant-156923118351',0,1,'2019-09-23 15:03:03'),(382,109,268,'Caramel Swirl Macchiato',45.00,'variant-156923124638',0,1,'2019-09-23 15:04:06'),(383,109,269,'Regal Vanilla Cookies',45.00,'variant-156928160337',0,1,'2019-09-24 05:03:23'),(384,109,270,'Coffee Latte',32.00,'variant-156923137654',0,1,'2019-09-23 15:06:16'),(385,115,271,'WAHANA CATUAI – DRIP COFFEE',8.95,'variant-156929883913',0,1,'2019-09-24 09:50:39'),(386,115,272,'WAHANA S795 – DRIP COFFEE',8.95,'variant-156929882794',0,1,'2019-09-24 09:50:27'),(387,115,273,'WAHANA LONGBERRY – DRIP COFFEE',8.95,'variant-156929881216',0,1,'2019-09-24 09:50:12'),(388,115,274,'WAHANA VILLA SARCHI – DRIP COFFEE',8.95,'variant-156929880271',0,1,'2019-09-24 09:50:02'),(389,116,275,'Kalita Coffee Mill KH-5',1680.00,'variant-156929863995',0,1,'2019-09-24 09:47:19'),(390,116,276,'Kalita Coffee Mill KH-3',1205.00,'variant-156929871951',0,1,'2019-09-24 09:48:39'),(391,115,277,'Aceh Takengon Pegasing',99999.00,'variant-156929901838',0,1,'2019-09-24 09:53:38'),(392,97,278,'BBQ Chicken with Salad and Rice	',10.50,'variant-156936654752',0,1,'2019-09-25 04:39:07'),(393,97,279,'Chili Basil Noodle',12.90,'variant-156936665770',0,1,'2019-09-25 04:40:57'),(394,97,280,'Ginger & shallot chicken with rice',10.50,'variant-156936676318',0,1,'2019-09-25 04:42:43'),(395,97,281,'Pad See Ew',12.90,'variant-156936715270',0,1,'2019-09-25 04:49:12'),(396,97,281,'Beef',12.90,'variant-156936715233',1,0,'2019-09-25 04:49:12'),(397,97,281,'Chicken',12.90,'variant-156936715239',1,0,'2019-09-25 04:49:12'),(398,97,281,'Vegetables',12.90,'variant-156936715216',1,0,'2019-09-25 04:49:12'),(399,97,281,'Prawn',15.90,'variant-156936715223',1,0,'2019-09-25 04:49:12'),(400,124,282,'Garlic Beef with rice',10.50,'variant-157044024896',0,1,'2019-10-07 14:54:08'),(401,124,283,'Massamun beef curry',10.50,'variant-157044030934',0,1,'2019-10-07 14:55:09'),(402,124,284,'BBQ Chicken with Salad and Rice	',10.50,'variant-157044043074',0,1,'2019-10-07 14:57:10'),(403,124,285,'Ginger & shallot chicken with rice',10.50,'variant-157044042045',0,1,'2019-10-07 14:57:00'),(404,124,286,'Pad Thai',12.90,'variant-157044077548',0,1,'2019-10-07 15:02:55'),(405,124,286,'Tiger Prawns',15.90,'variant-157044077568',1,0,'2019-10-07 15:02:55'),(406,124,287,'Pad See Ew',12.90,'variant-157044086114',0,1,'2019-10-07 15:04:21'),(407,124,287,'Tiger Prawns',15.90,'variant-157044086116',1,0,'2019-10-07 15:04:21'),(408,124,288,'Spicy Thai Basil Chicken',12.90,'variant-157044166620',0,1,'2019-10-07 15:17:46'),(409,124,289,'Thai Fried Rice',12.90,'variant-157113431730',0,1,'2019-10-15 21:11:57'),(410,124,290,'Fried Chicken ginger rice',12.90,'variant-157187342973',0,1,'2019-10-24 10:30:29'),(411,124,291,'Khua Gai',12.90,'variant-157187342058',0,1,'2019-10-24 10:30:20'),(412,124,292,'PraRamPak',12.90,'variant-157187340139',0,1,'2019-10-24 10:30:01'),(413,124,293,'Panang Curry',12.90,'variant-157187330045',0,1,'2019-10-24 10:28:20'),(414,124,293,'chicken',12.90,'variant-157187330039',1,0,'2019-10-24 10:28:20'),(415,124,293,'beef',12.90,'variant-157187330051',1,0,'2019-10-24 10:28:20'),(416,124,293,'vegetables',12.90,'variant-157187330017',1,0,'2019-10-24 10:28:20'),(417,124,293,'tiger prawns',15.90,'variant-157187330046',1,0,'2019-10-24 10:28:20'),(418,124,294,'Green Curry',12.90,'variant-157187328643',0,1,'2019-10-24 10:28:06'),(419,124,294,'chicken',12.90,'variant-157187328691',1,0,'2019-10-24 10:28:06'),(420,124,294,'beef',12.90,'variant-157187328625',1,0,'2019-10-24 10:28:06'),(421,124,294,'vegetables',12.90,'variant-157187328664',1,0,'2019-10-24 10:28:06'),(422,124,294,'tiger prawns',15.90,'variant-157187328620',1,0,'2019-10-24 10:28:06'),(423,124,295,'Stir Fried Cashew Nut Sauce',12.90,'variant-157187246088',0,1,'2019-10-24 10:14:20'),(424,124,295,'chicken',12.90,'variant-157187246064',1,0,'2019-10-24 10:14:20'),(425,124,295,'Beef',12.90,'variant-157187246066',1,0,'2019-10-24 10:14:20'),(426,124,295,'vegetables',12.90,'variant-157187246011',1,0,'2019-10-24 10:14:20'),(427,124,295,'Tiger Prawns',15.90,'variant-157187246045',1,0,'2019-10-24 10:14:20'),(428,124,296,'Tom Yum Prawn',13.90,'variant-157187247023',0,1,'2019-10-24 10:14:30'),(429,124,296,'with rice',13.90,'variant-157187247025',1,0,'2019-10-24 10:14:30'),(430,124,296,'with noodle',13.90,'variant-157187247013',1,0,'2019-10-24 10:14:30'),(431,124,297,'Crispy chicken with papaya salad',14.90,'variant-157187344085',0,1,'2019-10-24 10:30:40'),(432,129,298,'Nasi Keroyokan (Long Rice)',15.00,'variant-157136056448',0,1,'2019-10-18 12:02:44'),(433,129,299,'Sate Ayam (Chicken Satay)',9.00,'variant-157136060724',0,1,'2019-10-18 12:03:27'),(434,129,300,'Siomay Bandung (Fish Dumplings)',9.00,'variant-157136076532',0,1,'2019-10-18 12:06:05'),(435,129,301,'Batagor Bandung ( Fried Fish Dumpings)',10.00,'variant-157136083444',0,1,'2019-10-18 12:07:14'),(436,129,302,'Otak - Otak Goreng (Fried Fish Cake)',10.00,'variant-157136086453',0,1,'2019-10-18 12:07:44'),(437,129,303,'Bakso Abang (Beef Meatball Soup)',8.00,'variant-157136088991',0,1,'2019-10-18 12:08:09'),(438,129,304,'Soto Betawi (Beef in Coconut Soup)',10.00,'variant-157136090638',0,1,'2019-10-18 12:08:26'),(439,129,305,'Sayur Asem (Sweet & Sour Vegetables Soup) (S)',5.00,'variant-157136093330',0,1,'2019-10-18 12:08:53'),(440,129,306,'Ayam Goreng Paha / Dada (Fried Chicken Thigh/ Breast)',6.50,'variant-157136097280',0,1,'2019-10-18 12:09:32'),(441,129,305,'Sayur Asem (Sweet & Sour Vegetables Soup) (M)',8.00,'variant-157136093364',1,0,'2019-10-18 12:08:53'),(442,129,307,'Ayam Bakar (Grilled Chicken)',6.50,'variant-157136100340',0,1,'2019-10-18 12:10:03'),(443,129,308,'Ayam Penyet',6.50,'variant-157136102138',0,1,'2019-10-18 12:10:21'),(444,129,309,'Bakso Penyet',5.00,'variant-157136113863',0,1,'2019-10-18 12:12:18'),(445,129,310,'Ikan Goreng',17.00,'variant-157136115859',0,1,'2019-10-18 12:12:38'),(446,129,311,'Tempe Goreng ( Fried Soybean)',2.00,'variant-157064448755',0,1,'2019-10-09 23:38:07'),(447,129,312,'Tahu Goreng (Fried Tofu)',2.00,'variant-157064452483',0,1,'2019-10-09 23:38:44'),(448,129,313,'Tempe Bacem',3.50,'variant-157064456525',0,1,'2019-10-09 23:39:25'),(449,129,314,'Tahu Bacem',3.50,'variant-157064459729',0,1,'2019-10-09 23:39:57'),(450,129,315,'Ati Goreng ( Fried Liver)',2.00,'variant-157064462438',0,1,'2019-10-09 23:40:24'),(451,129,316,'Ampela Goreng (Fried Giblet)',2.00,'variant-157064473655',0,1,'2019-10-09 23:42:16'),(452,129,317,'Ikan Asin Jambrong',5.00,'variant-157064479119',0,1,'2019-10-09 23:43:11'),(453,129,318,'Bakso Sapi Goreng',6.00,'variant-157136051977',0,1,'2019-10-18 12:01:59'),(454,129,319,'Petai Goreng ( Fried Stinky Bean)',6.00,'variant-157064507318',0,1,'2019-10-09 23:47:53'),(455,129,320,'Risol Ragout',2.50,'variant-157064514423',0,1,'2019-10-09 23:49:04'),(456,129,321,'Lontong Oncom',2.50,'variant-157136049345',0,1,'2019-10-18 12:01:33'),(457,129,322,'Cah Kangkung Belacan (Morning Glory Stir Fry)',12.00,'variant-157136039976',0,1,'2019-10-18 11:59:59'),(458,129,323,'Mie Goreng (Fried Noodles)',16.00,'variant-157064565193',0,1,'2019-10-09 23:57:31'),(459,129,324,'Nasi Goreng Ikan Asin',15.00,'variant-157064569910',0,1,'2019-10-09 23:58:19'),(460,129,325,'Nasi Putih (Steam Rice)',3.00,'variant-157064619791',0,1,'2019-10-10 00:06:37'),(461,129,326,'Nasi Liwet (Fragrance Rice)',4.00,'variant-157064621451',0,1,'2019-10-10 00:06:54'),(462,129,327,'Es Kalapa (Coconut Ice)',5.00,'variant-157064628964',0,1,'2019-10-10 00:08:09'),(463,129,328,'Es Jeruk Nipis (Lime Squash)',6.00,'variant-157064631969',0,1,'2019-10-10 00:08:39'),(464,129,329,'Es Campur',7.00,'variant-157064634078',0,1,'2019-10-10 00:09:00'),(465,129,330,'Sekoteng',5.00,'variant-157064636468',0,1,'2019-10-10 00:09:24'),(466,129,331,'Kolak Pisang (Banana Compote)',6.00,'variant-157064640031',0,1,'2019-10-10 00:10:00'),(467,129,332,'Pisang Bakar (Grilled Banana)',8.00,'variant-157064643976',0,1,'2019-10-10 00:10:39'),(468,129,333,'Roti Bakar (Coklat/ Keju/ Kacang) (Toast Chocolate/ Cheese/ Nuts)',6.00,'variant-157064658952',0,1,'2019-10-10 00:13:09'),(469,129,334,'Kembang Tahu (Soya Bean Curd)',6.00,'variant-157064662465',0,1,'2019-10-10 00:13:44'),(470,133,335,'Nasi Padang',13.00,'variant-157068920223',0,1,'2019-10-10 12:03:22'),(471,133,336,'Nasi Goreng Babi',13.00,'variant-157068934565',0,1,'2019-10-10 12:05:45'),(472,133,337,'Soto Betawi',12.00,'variant-157068936944',0,1,'2019-10-10 12:06:09'),(473,133,338,'Baso Abang Abang',10.00,'variant-157068939154',0,1,'2019-10-10 12:06:31'),(474,133,339,'Ayam Goreng Nasi Putih',9.00,'variant-157068954123',0,1,'2019-10-10 12:09:01'),(475,133,339,'Ayam Goreng Nasi uduk',10.00,'variant-157068954144',1,0,'2019-10-10 12:09:01'),(476,133,340,'Ayam Goreng Kremes (Nasi)',9.00,'variant-157068958220',0,1,'2019-10-10 12:09:42'),(477,133,340,'Ayam Goreng Kremes (Uduk)',10.00,'variant-157068958230',1,0,'2019-10-10 12:09:42'),(478,133,341,'Tahu Goreng',2.50,'variant-157068965413',0,1,'2019-10-10 12:10:54'),(479,133,342,'Tempe Goreng',2.50,'variant-157068968224',0,1,'2019-10-10 12:11:22'),(480,132,343,'Ayam (Diced Chicken)',11.00,'variant-157073003675',0,1,'2019-10-10 23:23:56'),(481,132,344,'Babi Cincang (Minced Pork)',11.00,'variant-157073015996',0,1,'2019-10-10 23:25:59'),(482,132,345,'Babi Merang (BBQ Pork)',12.00,'variant-157073026644',0,1,'2019-10-10 23:27:46'),(483,132,346,'Ayam Rica (Spicy Chicken)',12.50,'variant-157073036879',0,1,'2019-10-10 23:29:28'),(484,132,347,'Babi Kecap (Braised Pork Belly)',12.50,'variant-157073045982',0,1,'2019-10-10 23:30:59'),(485,132,348,'Bakmi Siantar',15.00,'variant-157073069278',0,1,'2019-10-10 23:34:52'),(486,132,349,'Bakmi Komplit',15.00,'variant-157073063253',0,1,'2019-10-10 23:33:52'),(487,132,349,'Ayam (Diced Chicken)',15.00,'variant-157073063294',1,0,'2019-10-10 23:33:52'),(488,132,349,'Babi Cincang (Minced Pork)',15.00,'variant-157073063212',1,0,'2019-10-10 23:33:52'),(489,132,350,'Bakmi Matah',15.00,'variant-157073058752',0,1,'2019-10-10 23:33:07'),(490,132,351,'Nasi Goreng',12.50,'variant-157073142033',0,1,'2019-10-10 23:47:00'),(491,132,351,'Ayam (Diced Chicken)',12.50,'variant-157073142071',1,0,'2019-10-10 23:47:00'),(492,132,351,'Ikan Asin ( Salted Fish)',12.50,'variant-157073142076',1,0,'2019-10-10 23:47:00'),(493,132,351,'Petai (Bitter Bean)',13.00,'variant-157073142077',1,0,'2019-10-10 23:47:00'),(494,132,351,'Seafood',14.00,'variant-157073142019',1,0,'2019-10-10 23:47:00'),(495,132,352,'Mie Goreng',12.00,'variant-157073164025',0,1,'2019-10-10 23:50:40'),(496,132,352,'Ayam (Chicken)',12.00,'variant-157073164084',1,0,'2019-10-10 23:50:40'),(497,132,352,'Jawa (Spicy & Sour)',12.00,'variant-157073164041',1,0,'2019-10-10 23:50:40'),(498,132,352,'Belacan (Spicy Sambal with Fish Cake & Kangkung)',14.00,'variant-157073164033',1,0,'2019-10-10 23:50:40'),(499,132,353,'Ayam Penyet',12.00,'variant-157073171255',0,1,'2019-10-10 23:51:52'),(500,132,354,'Kwetiau Goreng',12.50,'variant-157073177917',0,1,'2019-10-10 23:52:59'),(501,132,355,'Sate',11.00,'variant-157073202473',0,1,'2019-10-10 23:57:04'),(502,132,355,'Ayam (5) (Chicken)',11.00,'variant-157073202433',1,0,'2019-10-10 23:57:04'),(503,132,355,'Babi (6) (Pork)',12.00,'variant-157073202452',1,0,'2019-10-10 23:57:04'),(504,132,356,'Ayam Bakar',12.00,'variant-157073217054',0,1,'2019-10-10 23:59:30'),(505,132,357,'Nasi Uduk',12.00,'variant-157073234510',0,1,'2019-10-11 00:02:25'),(506,132,358,'Nasi Campur',14.00,'variant-157073249159',0,1,'2019-10-11 00:04:51'),(507,132,359,'Nasi Tim Ayam',11.00,'variant-157073258719',0,1,'2019-10-11 00:06:27'),(508,132,360,'Bubur Ayam',9.50,'variant-157073274046',0,1,'2019-10-11 00:09:00'),(509,132,361,'Nasi Matah',13.00,'variant-157073279212',0,1,'2019-10-11 00:09:52'),(510,132,362,'Soto Ayam',12.50,'variant-157073294390',0,1,'2019-10-11 00:12:23'),(511,134,363,'Bacon & Egg Roll',5.50,'variant-157107600065',0,1,'2019-10-15 05:00:00'),(512,134,364,'Hamburger',7.00,'variant-157107598839',0,1,'2019-10-15 04:59:48'),(513,134,365,'Egg Burger',7.50,'variant-157107597322',0,1,'2019-10-15 04:59:33'),(514,134,366,'Deluxe Burger',9.00,'variant-157107603638',0,1,'2019-10-15 05:00:36'),(515,134,367,'Steak Sandwich',8.50,'variant-157107605785',0,1,'2019-10-15 05:00:57'),(516,134,368,'Chicken Burger',7.50,'variant-157107614842',0,1,'2019-10-15 05:02:28'),(517,134,369,'Wedges',4.50,'variant-157107622683',0,1,'2019-10-15 05:03:46'),(518,134,369,'Small',4.50,'variant-157107622625',1,0,'2019-10-15 05:03:46'),(519,134,369,'Large',5.50,'variant-157107622637',1,0,'2019-10-15 05:03:46'),(520,134,370,'Romano',9.00,'variant-157107635443',0,1,'2019-10-15 05:05:54'),(521,134,371,'Supreme',8.80,'variant-157107640393',0,1,'2019-10-15 05:06:43'),(522,134,372,'BLTA',8.50,'variant-157107644291',0,1,'2019-10-15 05:07:22'),(523,134,373,'Mediterranean',8.80,'variant-157107660384',0,1,'2019-10-15 05:10:03'),(524,134,374,'House Special',8.80,'variant-157107665951',0,1,'2019-10-15 05:10:59'),(525,134,375,'Rare Roast Beef',8.50,'variant-157107691080',0,1,'2019-10-15 05:15:10'),(526,134,376,'Turkey Breast',8.00,'variant-157107697840',0,1,'2019-10-15 05:16:18'),(527,134,377,'Roast Chicken',8.50,'variant-157107702843',0,1,'2019-10-15 05:17:08'),(528,134,378,'Red Salmon',8.00,'variant-157107708039',0,1,'2019-10-15 05:18:00'),(529,134,379,'Vegetarian',8.00,'variant-157107712623',0,1,'2019-10-15 05:18:46'),(530,134,380,'Smoked Salmon',9.00,'variant-157107717421',0,1,'2019-10-15 05:19:34'),(531,134,381,'Tuna',8.00,'variant-157107722868',0,1,'2019-10-15 05:20:28'),(532,134,382,'Roast Chicken Breast',6.50,'variant-157107990824',0,1,'2019-10-15 06:05:08'),(533,134,383,'Grilled Chicken Breast',6.50,'variant-157107989468',0,1,'2019-10-15 06:04:54'),(534,134,384,'Chicken Schnitzel',6.50,'variant-157107988211',0,1,'2019-10-15 06:04:42'),(535,134,385,'Turkey Breast',6.50,'variant-157107986816',0,1,'2019-10-15 06:04:28'),(536,134,386,'Rare Roast Beef',6.50,'variant-157107985625',0,1,'2019-10-15 06:04:16'),(537,134,387,'Smoked Salmon',7.00,'variant-157107984576',0,1,'2019-10-15 06:04:05'),(538,134,388,'Red Salmon',6.50,'variant-157107983443',0,1,'2019-10-15 06:03:54'),(539,134,389,'Ham',6.50,'variant-157107959930',0,1,'2019-10-15 05:59:59'),(540,134,390,'Salami',6.00,'variant-157107962234',0,1,'2019-10-15 06:00:22'),(541,135,391,'Laksa',20.00,'variant-157109167377',0,1,'2019-10-15 09:21:13'),(542,135,392,'Fish Balado with rice',15.00,'variant-157109176230',0,1,'2019-10-15 09:22:42'),(543,135,393,'Crispy Pork Belly',15.00,'variant-157109182494',0,1,'2019-10-15 09:23:44'),(544,135,394,'Ketoprak Salad',15.00,'variant-157109216384',0,1,'2019-10-15 09:29:23'),(545,135,395,'Mango Bowl',15.00,'variant-157109222763',0,1,'2019-10-15 09:30:27'),(546,135,396,'Nasi Kuning Ayam Goreng',15.00,'variant-157109232085',0,1,'2019-10-15 09:32:00'),(547,124,289,'Chicken',0.00,'variant-157113431735',1,0,'2019-10-15 21:11:57'),(548,124,289,'Beef',0.00,'variant-157113431756',1,0,'2019-10-15 21:11:57'),(549,124,289,'Prawn',2.50,'variant-157113431716',1,0,'2019-10-15 21:11:57'),(551,39,397,'Brazilian',0.00,'variant-157113353394',0,1,'2019-10-15 20:58:53'),(552,39,397,'Triple Fly Pork Belly',0.00,'variant-157113353321',1,0,'2019-10-15 20:58:53'),(553,39,397,'Triple Fly Pork Belly',0.00,'variant-157113353387',1,0,'2019-10-15 20:58:53'),(554,39,397,' ?Hokkien fried rice?',0.00,'variant-157113353345',1,0,'2019-10-15 20:58:53'),(555,124,398,'test',0.50,'variant-157121480633',0,1,'2019-10-16 19:33:26'),(556,124,399,'Fish and chips',15.00,'variant-157187324727',0,1,'2019-10-24 10:27:27'),(557,140,400,'Mattar Paneer ',80.00,'variant-157183229092',0,1,'2019-10-23 23:04:50'),(558,140,401,'Burger',50.00,'variant-157183237889',0,1,'2019-10-23 23:06:18'),(559,140,402,'Pastry',20.00,'variant-157183279120',0,1,'2019-10-23 23:13:11'),(560,140,403,'Birthday cake',100.00,'variant-157183283252',0,1,'2019-10-23 23:13:52'),(561,140,404,'Chapati',10.00,'variant-157183293395',0,1,'2019-10-23 23:15:33'),(562,152,405,'American Dish 1',10.00,'variant-157259153918',0,1,'2019-11-01 17:58:59'),(563,152,405,'Small',10.00,'variant-157259153947',1,0,'2019-11-01 17:58:59'),(564,152,405,'Medium',15.00,'variant-157259153979',1,0,'2019-11-01 17:58:59'),(565,152,405,'Large',20.00,'variant-157259153944',1,0,'2019-11-01 17:58:59');
/*!40000 ALTER TABLE `tbl_variants` ENABLE KEYS */;
UNLOCK TABLES;

--
-- Table structure for table `tbl_wallets`
--

DROP TABLE IF EXISTS `tbl_wallets`;
/*!40101 SET @saved_cs_client     = @@character_set_client */;
/*!40101 SET character_set_client = utf8 */;
CREATE TABLE `tbl_wallets` (
  `id` int(10) NOT NULL AUTO_INCREMENT,
  `type` varchar(50) NOT NULL,
  `trans_id` varchar(255) DEFAULT NULL,
  `balance` float(20,2) NOT NULL,
  `display_amount` float(20,2) NOT NULL,
  `calculated_amount` varchar(255) NOT NULL,
  `paid` int(10) NOT NULL DEFAULT '0',
  `status` varchar(50) NOT NULL,
  `user_id` int(10) NOT NULL,
  `comment` text NOT NULL,
  `created` datetime NOT NULL,
  PRIMARY KEY (`id`)
) ENGINE=InnoDB AUTO_INCREMENT=38 DEFAULT CHARSET=latin1;
/*!40101 SET character_set_client = @saved_cs_client */;

--
-- Dumping data for table `tbl_wallets`
--

LOCK TABLES `tbl_wallets` WRITE;
/*!40000 ALTER TABLE `tbl_wallets` DISABLE KEYS */;
INSERT INTO `tbl_wallets` VALUES (11,'Credit','FOOD15079657216',120.00,120.00,'+120',1,'Paid',58,'Added In wallet for Order:FOOD15079657216','2017-10-14 12:52:01'),(12,'Credit','FOOD15079658061',130.00,10.00,'+10',1,'Paid',58,'Added In wallet for Order:FOOD15079658061','2017-10-14 12:53:26'),(13,'Debit','FOOD15079659018',0.00,130.00,'-130',1,'Paid',58,'Debit In wallet for Order:FOS0001036','2017-10-14 00:00:00'),(18,'Credit','FOOD15079675555',120.00,120.00,'+120',1,'Paid',58,'Added In wallet for Order:FOOD15079675555','2017-10-14 13:22:35'),(19,'Debit','FOOD15079680786',0.00,120.00,'-120',1,'Paid',58,'Debit In wallet for Order:FOS0001118','2017-10-14 00:00:00'),(20,'Credit','FOOD15079681832',120.00,120.00,'+120',1,'Paid',58,'Added In wallet for Order:FOOD15079681832','2017-10-14 13:33:03'),(21,'Debit','FOOD15079682424',0.00,120.00,'-120',1,'Paid',58,'Debit In wallet for Order:FOS0001123','2017-10-14 00:00:00'),(22,'Credit','FOOD15079709402',120.00,120.00,'+120',1,'Paid',58,'Added In wallet for Order:FOOD15079709402','2017-10-14 14:19:00'),(23,'Debit','FOOD15079714131',0.00,120.00,'-120',1,'Paid',58,'Debit In wallet for Order:FOS0001136','2017-10-14 00:00:00'),(24,'Credit','FOOD15079720081',500.00,500.00,'+500',1,'Paid',58,'Added In wallet for Order:FOOD15079720081','2017-10-14 14:36:48'),(25,'Debit','FOOD15079738684',0.00,289.00,'-289',1,'Paid',58,'Debit In wallet for Order:FOS0001301','2017-10-14 00:00:00'),(26,'Debit','FOOD15079772088',0.00,211.00,'-211',1,'Paid',58,'Debit In wallet for Order:FOS0001331','2017-10-14 00:00:00'),(27,'Credit','FOOD15079772721',500.00,500.00,'+500',1,'Paid',58,'Added In wallet for Order:FOOD15079772721','2017-10-14 16:04:32'),(28,'Debit','FOOD15079775843',0.00,289.00,'-289',1,'Paid',58,'Debit In wallet for Order:FOS0001351','2017-10-14 00:00:00'),(29,'Credit','FOOD15079777345',331.00,120.00,'+120',1,'Paid',58,'Added In wallet for Order:FOOD15079777345','2017-10-14 16:12:14'),(30,'Debit','FOOD15079780057',0.00,288.60,'-288.6',1,'Paid',58,'Debit In wallet for Order:FOS0001395','2017-10-14 00:00:00'),(32,'Credit','FOOD15079783772',50.00,50.00,'+50',1,'Paid',68,'Added In wallet for Order:FOOD15079783772','2017-10-14 16:22:57'),(33,'Debit','FOOD15079784985',0.00,50.00,'-50',1,'Paid',68,'Debit In wallet for Order:FOS0001406','2017-10-14 00:00:00'),(34,'Credit','FOOD15079786704',50.00,50.00,'+50',1,'Paid',68,'Added In wallet for Order:FOOD15079786704','2017-10-14 16:27:50'),(35,'Debit','FOOD15079788564',0.00,50.00,'-50',1,'Paid',68,'Debit In wallet for Order:FOS0001411','2017-10-14 00:00:00'),(36,'Credit','FOOD15079790685',100.00,100.00,'+100',1,'Paid',68,'Added In wallet for Order:FOOD15079790685','2017-10-14 16:34:28'),(37,'Debit','FOOD15079840499',0.00,100.00,'-100',1,'Paid',68,'Debit In wallet for Order:FOS0001435','2017-10-14 00:00:00');
/*!40000 ALTER TABLE `tbl_wallets` ENABLE KEYS */;
UNLOCK TABLES;
/*!40103 SET TIME_ZONE=@OLD_TIME_ZONE */;

/*!40101 SET SQL_MODE=@OLD_SQL_MODE */;
/*!40014 SET FOREIGN_KEY_CHECKS=@OLD_FOREIGN_KEY_CHECKS */;
/*!40014 SET UNIQUE_CHECKS=@OLD_UNIQUE_CHECKS */;
/*!40101 SET CHARACTER_SET_CLIENT=@OLD_CHARACTER_SET_CLIENT */;
/*!40101 SET CHARACTER_SET_RESULTS=@OLD_CHARACTER_SET_RESULTS */;
/*!40101 SET COLLATION_CONNECTION=@OLD_COLLATION_CONNECTION */;
/*!40111 SET SQL_NOTES=@OLD_SQL_NOTES */;

-- Dump completed on 2020-06-26 17:41:25
